Collocation,2015-02-01,,,,,,,,,,,,,,,,
KeyWord,ανδρει,,,,,,,,,,,,,,,,
Instances,327,,,,,,,,,,,,,,,,
Files,1,,,,,,,,,,,,,,,,
Word,Keyword,Log-Likelihood,LR Total,Left Total,Right Total,L5,L4,L3,L2,L1,Key,R1,R2,R3,R4,R5,
καί,ανδρει,1444.2227632124,282,152,130,23,16,33,23,57,0,48,22,24,20,16,"ἀνδρείαν-καί (67), ἀνδρεία-καί (42), ἀνδρείας-καί (30), ἀνδρεῖον-καί (21), ἀνδρεῖος-καί (20), ἀνδρείως-καί (20), ἀνδρεῖοι-καί (19), ἀνδρείᾳ-καί (17), ἀνδρείους-καί (13), ἀνδρείου-καί (7), ἀνδρειότεροι-καί (5), ἀνδρειοτάτους-καί (4), ἀνδρειότατος-καί (4), ἀνδρειότερος-καί (3), ἀνδρειότερον-καί (3), ἀνδρειότατοι-καί (2), ἀνδρειοτάτην-καί (1), ἀνδρειοτέρου-καί (1), ἀνδρείῳ-καί (1), ἀνδρειότατον-καί (1), ἀνδρειότατα-καί (1)"
ὁ,ανδρει,1228.12402422726,282,174,108,26,22,19,32,75,0,16,19,25,21,27,"ἀνδρείαν-τήν (41), ἀνδρεία-ἡ (26), ἀνδρείους-τούς (20), ἀνδρεῖοι-οἱ (19), ἀνδρείας-τῆς (16), ἀνδρείας-τό (11), ἀνδρεῖος-ὁ (9), ἀνδρεῖον-τό (9), ἀνδρείαν-τό (7), ἀνδρεῖον-τόν (5), ἀνδρεία-τῶν (5), ἀνδρείαν-τοῖς (5), ἀνδρείας-τά (5), ἀνδρείαν-οἱ (4), ἀνδρείαν-τῆς (4), ἀνδρεῖοι-τά (4), ἀνδρείαν-τῶν (4), ἀνδρειότατος-ὁ (4), ἀνδρεία-τόν (4), ἀνδρείαν-τόν (3), ἀνδρείας-τῶν (3), ἀνδρεία-ὁ (3), ἀνδρεία-τῆς (3), ἀνδρειοτάτους-τούς (2), ἀνδρειότατον-τό (2), ἀνδρείως-τό (2), ἀνδρειότατε-τό (2), ἀνδρείως-τόν (2), ἀνδρεῖοι-τόν (2), ἀνδρεῖος-τοῖς (2), ἀνδρείαν-ἡ (2), ἀνδρείᾳ-ὁ (2), ἀνδρεῖος-τῶν (2), ἀνδρεία-τό (2), ἀνδρείας-ὁ (2), ἀνδρειότατος-τῶν (2), ἀνδρείους-τά (2), ἀνδρεία-τά (1), ἀνδρείως-ἡ (1), ἀνδρειοτάτου-τῶν (1), ἀνδρείους-τῶν (1), ἀνδρεῖοι-τῶν (1), ἀνδρείας-τοῖς (1), ἀνδρειότατοι-τόν (1), ἀνδρεία-τοῖς (1), ἀνδρειότατος-τό (1), ἀνδρείους-τήν (1), ἀνδρεῖος-τό (1), ἀνδρεῖον-τά (1), ἀνδρείου-τήν (1), ἀνδρείου-τόν (1), ἀνδρείως-τάς (1), ἀνδρείους-τοῖς (1), ἀνδρεῖον-τῶν (1), ἀνδρείας-τήν (1), ἀνδρεῖοι-τούς (1), ἀνδρείαν-τάς (1), ἀνδρείᾳ-ἡ (1), ἀνδρεῖος-τῆς (1), ἀνδρείους-ὁ (1), ἀνδρείους-τῆς (1), ἀνδρείᾳ-τά (1), ἀνδρειότατοι-τῶν (1), ἀνδρείαις-τῆς (1), ἀνδρεῖος-τούς (1), ἀνδρείως-ὁ (1), ἀνδρείαν-τά (1), ἀνδρειότερον-τόν (1), ἀνδρειοτάτην-τήν (1), ἀνδρείους-οἱ (1), ἀνδρείαν-ταῖς (1), ἀνδρείους-τό (1), ἀνδρείαν-τούς (1), ἀνδρειοτέρους-τῶν (1), ἀνδρειότατα-τοῖς (1), ἀνδρειότατον-τόν (1), ἀνδρεῖος-τόν (1)"
εἰμί,ανδρει,505.20723291114,128,49,79,7,9,11,13,9,0,26,17,8,18,10,"ἀνδρείαν-εἶναι (17), ἀνδρεία-ἐστίν (8), ἀνδρεῖον-εἶναι (7), ἀνδρεία-εἴη (6), ἀνδρείους-εἶναι (5), ἀνδρείαν-ἦν (5), ἀνδρεία-ἐστιν (4), ἀνδρεία-εἶναι (4), ἀνδρείας-εἶναι (3), ἀνδρεῖοι-ὄντες (3), ἀνδρεῖος-ὤν (3), ἀνδρείαν-εἴη (2), ἀνδρείας-εἴη (2), ἀνδρείαν-ἦ (2), ἀνδρεῖος-εἶναι (2), ἀνδρειότατοι-ὄντες (2), ἀνδρεῖον-εἴη (2), ἀνδρεία-ἔστι (2), ἀνδρείαν-εἰσιν (1), ἀνδρείαν-οὔσαις (1), ἀνδρεῖον-ἐστιν (1), ἀνδρεῖος-ἔσται (1), ἀνδρεῖος-εἴη (1), ἀνδρεῖον-ἔστι (1), ἀνδρειοτέρους-ἔν (1), ἀνδρείαν-ὄν (1), ἀνδρεῖοι-ἔσονται (1), ἀνδρεῖοι-εἰσιν (1), ἀνδρείᾳ-ἔν (1), ἀνδρειότατος-ὤν (1), ἀνδρεῖοι-ἔστι (1), ἀνδρεία-ἐστι (1), ἀνδρείου-εἰσίν (1), ἀνδρειότατοι-εἰσιν (1), ἀνδρεία-ἐστί (1), ἀνδρεῖος-ἐστιν (1), ἀνδρεία-ὄντος (1), ἀνδρείους-ὄντας (1), ἀνδρείους-εἰσίν (1), ἀνδρεῖοι-εἰσι (1), ἀνδρείου-ὄντος (1), ἀνδρεία-ᾖ (1), ἀνδρεῖος-ἦν (1), ἀνδρείᾳ-ἔστι (1), ἀνδρείας-ἐστιν (1), ἀνδρεῖοι-εἶναι (1), ἀνδρεῖοι-εἶεν (1), ἀνδρεία-ἦν (1), ἀνδρείου-ἔν (1), ἀνδρείου-ἔστιν (1), ἀνδρείαν-ὤν (1), ἀνδρείας-ἔστιν (1), ἀνδρεία-ἔστιν (1), ἀνδρεῖος-ᾖ (1), ἀνδρεία-εἰσιν (1), ἀνδρείᾳ-ἐστιν (1), ἀνδρειότατος-εἴη (1), ἀνδρείως-εἶναι (1), ἀνδρεία-ὄντι (1), ἀνδρείους-ἦ (1), ἀνδρεῖοι-ἐστέ (1), ἀνδρειότατος-εἶναι (1), ἀνδρείας-ἐστίν (1), ἀνδρεῖοι-εἰσίν (1), ἀνδρείαις-εἰσι (1), ἀνδρείως-ὄντι (1), ἀνδρείας-ὄν (1)"
σωφρ,ανδρει,368.551083644852,42,23,19,4,3,7,8,1,0,5,7,6,0,1,"ἀνδρεία-σωφροσύνη (6), ἀνδρείαν-σωφροσύνην (6), ἀνδρείας-σωφροσύνης (5), ἀνδρεία-σώφρων (3), ἀνδρείᾳ-σωφροσύνῃ (3), ἀνδρεῖος-σώφρων (3), ἀνδρείου-σώφρονος (2), ἀνδρεῖον-σώφρονα (2), ἀνδρείαν-σώφρονα (2), ἀνδρείαν-σωφρονοῖ (1), ἀνδρείᾳ-σωφροσύνην (1), ἀνδρείαν-σωφροσύνης (1), ἀνδρειότεροι-σωφρονέστεροι (1), ἀνδρεῖον-σῶφρον (1), ἀνδρείας-σωφροσύνην (1), ἀνδρεῖον-σωφρονεῖν (1), ἀνδρείους-σώφρονας (1), ἀνδρείαν-σωφρονεῖν (1), ἀνδρειότατος-σωφρονέστατος (1)"
δέ,ανδρει,278.830787248909,78,43,35,4,6,12,5,16,0,8,6,9,6,6,"ἀνδρείαν-δέ (21), ἀνδρεία-δέ (12), ἀνδρεῖος-δέ (6), ἀνδρείας-δέ (6), ἀνδρεῖοι-δέ (5), ἀνδρεῖον-δέ (4), ἀνδρείους-δέ (4), ἀνδρείως-δέ (3), ἀνδρειότατοι-δέ (3), ἀνδρείᾳ-δέ (3), ἀνδρείου-δέ (2), ἀνδρειοτάτους-δέ (2), ἀνδρειότατε-δέ (2), ἀνδρειότεροι-δέ (1), ἀνδρειότατα-δέ (1), ἀνδρειότατον-δέ (1), ἀνδρειότατος-δέ (1), ἀνδρειοτάτην-δέ (1)"
οὐ,ανδρει,188.907845167443,55,26,29,6,5,8,3,4,0,6,10,4,4,5,"ἀνδρεία-οὐ (8), ἀνδρείαν-οὐ (7), ἀνδρεῖοι-οὐκ (4), ἀνδρεία-οὐκ (3), ἀνδρείας-οὐκ (3), ἀνδρείους-οὐ (3), ἀνδρεία-οὔ (2), ἀνδρείας-οὐ (2), ἀνδρεία-οὐχ (2), ἀνδρειότατε-οὐ (2), ἀνδρεῖος-οὔ (2), ἀνδρείαν-οὐχ (2), ἀνδρείας-οὔ (2), ἀνδρεῖον-οὐ (2), ἀνδρεῖοι-οὐχ (1), ἀνδρειότερον-οὐκ (1), ἀνδρεῖος-οὐκ (1), ἀνδρείους-οὐχί (1), ἀνδρείως-οὐκ (1), ἀνδρείως-οὔ (1), ἀνδρεῖοι-οὐ (1), ἀνδρειοτάτην-οὐ (1), ἀνδρείαν-οὐκ (1), ἀνδρείᾳ-οὐχ (1), ἀνδρειοτάτην-οὔ (1)"
τε,ανδρει,179.673879222944,51,32,19,8,7,2,10,5,0,8,1,3,3,4,"ἀνδρείαν-τε (12), ἀνδρείως-τε (6), ἀνδρείου-τε (6), ἀνδρεία-τε (5), ἀνδρεῖοι-τε (4), ἀνδρείας-τε (4), ἀνδρείᾳ-τε (3), ἀνδρειότατος-τε (2), ἀνδρεῖον-τε (2), ἀνδρείῳ-τε (1), ἀνδρείαν-τέ (1), ἀνδρείους-τε (1), ἀνδρεῖος-τε (1), ἀνδρειοτάτους-τε (1), ἀνδρειότερος-τε (1), ἀνδρειότεροι-τε (1)"
θαρσαλέος,ανδρει,176.74261328578,15,8,7,0,1,3,2,2,0,3,1,3,0,0,"ἀνδρείους-θαρραλέους (5), ἀνδρεῖοι-θαρραλέοι (3), ἀνδρεία-θαρραλέων (2), ἀνδρεῖοι-θαρραλέα (1), ἀνδρείως-θαρραλέως (1), ἀνδρειότατοι-θαρραλεώτατοι (1), ἀνδρειότερον-θαρραλεώτερον (1), ἀνδρείους-θαρραλέοι (1)"
δειλός,ανδρει,168.236824503168,16,11,5,0,2,5,3,1,0,0,2,0,1,2,"ἀνδρεῖοι-δειλοί (7), ἀνδρεῖος-δειλόν (1), ἀνδρεῖος-δειλῶν (1), ἀνδρείαν-δειλοί (1), ἀνδρείαν-δειλήν (1), ἀνδρείους-δειλοί (1), ἀνδρείου-δειλός (1), ἀνδρεῖον-δειλοῦ (1), ἀνδρείου-δειλοῦ (1), ἀνδρείους-δειλούς (1)"
λα,ανδρει,150.804142974317,15,0,15,0,0,0,0,0,0,3,4,4,0,4,"ἀνδρείαν-λα (6), ἀνδρεία-λα (6), ἀνδρεῖον-λα (1), ἀνδρείους-λα (1), ἀνδρειοτέρους-λα (1)"
γε,ανδρει,137.218028713018,36,23,13,3,5,7,3,5,0,1,0,5,6,1,"ἀνδρείαν-γε (8), ἀνδρείας-γε (6), ἀνδρεία-γε (6), ἀνδρείους-γε (5), ἀνδρεῖοι-γε (4), ἀνδρεῖον-γε (2), ἀνδρειότατα-γε (2), ἀνδρεῖος-γε (1), ἀνδρειότατε-γε (1), ἀνδρειότατος-γε (1)"
φρόνιμος,ανδρει,129.7954440061,10,3,7,1,0,2,0,0,0,0,4,0,1,2,"ἀνδρεῖος-φρόνιμος (3), ἀνδρεῖον-φρόνιμον (3), ἀνδρεῖοι-φρόνιμοι (2), ἀνδρειοτάτην-φρονιμωτάτην (1), ἀνδρείους-φρονίμους (1)"
τίς,ανδρει,120.70009245351,41,17,24,4,4,3,5,1,0,8,4,4,1,7,"ἀνδρείαν-τί (5), ἀνδρείας-τοῦ (4), ἀνδρεῖος-τίς (4), ἀνδρεία-τί (4), ἀνδρεῖος-τί (3), ἀνδρείαν-τοῦ (3), ἀνδρεία-τοῦ (2), ἀνδρείους-τί (2), ἀνδρειοτάτου-τοῦ (2), ἀνδρειοτέρου-τοῦ (1), ἀνδρείου-τίνες (1), ἀνδρεῖον-τί (1), ἀνδρείως-τί (1), ἀνδρείαν-τίς (1), ἀνδρεῖος-τοῦ (1), ἀνδρείους-τίς (1), ἀνδρείου-τοῦ (1), ἀνδρειότατον-τοῦ (1), ἀνδρεῖον-τοῦ (1), ἀνδρείᾳ-τοῦ (1), ἀνδρείως-τίς (1)"
ἄν,ανδρει,118.961001377553,39,13,26,3,4,2,1,3,0,9,5,6,3,3,"ἀνδρεία-ἄν (8), ἀνδρείας-ἄν (6), ἀνδρεῖον-ἄν (5), ἀνδρεῖος-ἄν (4), ἀνδρείαν-ἄν (4), ἀνδρείως-ἄν (2), ἀνδρειότερον-ἄν (2), ἀνδρεῖοι-ἄν (2), ἀνδρείους-ἄν (1), ἀνδρειοτάτου-ἄν (1), ἀνδρειοτάτην-ἄν (1), ἀνδρειότατος-ἄν (1), ἀνδρειότατε-ἄν (1), ἀνδρείαν-κα (1)"
δικαι,ανδρει,110.727753808722,21,13,8,1,3,4,4,1,0,0,2,1,3,2,"ἀνδρεία-δικαιοσύνη (7), ἀνδρείᾳ-δικαιοσύνῃ (2), ἀνδρείας-δικαιοσύνης (2), ἀνδρεῖον-δίκαιον (2), ἀνδρείαν-δικαιοσύνην (2), ἀνδρείᾳ-δικαιοσύνην (1), ἀνδρεία-δικαία (1), ἀνδρείαν-δικαίαν (1), ἀνδρείου-δικαίου (1), ἀνδρείας-δικαιοσύνη (1), ἀνδρειότατος-δικαιοσύνης (1)"
φημί,ανδρει,104.100832432508,31,11,20,4,4,2,0,1,0,2,4,4,5,5,"ἀνδρεία-ἔφη (4), ἀνδρείαν-ἔφη (3), ἀνδρείας-φαίη (2), ἀνδρείας-φαῖμεν (2), ἀνδρείαν-φάναι (2), ἀνδρειοτέρους-φήσεις (1), ἀνδρεῖοι-φῄς (1), ἀνδρεῖον-φήσεις (1), ἀνδρείας-ἔφη (1), ἀνδρείας-φησί (1), ἀνδρεῖον-φαμεν (1), ἀνδρείους-φῄς (1), ἀνδρεία-ἔφην (1), ἀνδρείαν-φαμεν (1), ἀνδρειοτάτους-ἔφην (1), ἀνδρειότατοι-φασί (1), ἀνδρείαν-φῄς (1), ἀνδρειότερον-φαίης (1), ἀνδρείᾳ-φαμεν (1), ἀνδρεῖοι-ἔφη (1), ἀνδρεῖος-φῄς (1), ἀνδρειότατοι-ἔφη (1), ἀνδρείους-ἔφην (1)"
ἤ,ανδρει,103.654210580513,33,17,16,2,2,5,3,5,0,3,5,3,4,1,"ἀνδρείαν-ἤ (10), ἀνδρεῖοι-ἤ (7), ἀνδρείους-ἤ (4), ἀνδρείας-ἤ (2), ἀνδρεία-ἤ (2), ἀνδρείου-ἤ (1), ἀνδρειότεροι-ἤ (1), ἀνδρεῖος-ἤ (1), ἀνδρειότατος-ἤ (1), ἀνδρεῖον-ἤ (1), ἀνδρειότερον-ἤ (1), ἀνδρειοτέρους-ἤ (1), ἀνδρείᾳ-ἤ (1)"
σοφ,ανδρει,103.290001999587,18,11,7,1,2,3,4,1,0,0,2,2,2,1,"ἀνδρεία-σοφία (5), ἀνδρείαν-σοφήν (2), ἀνδρείᾳ-σοφίᾳ (2), ἀνδρεία-σοφή (2), ἀνδρείαν-σοφίαν (2), ἀνδρεῖος-σοφός (1), ἀνδρείας-σοφία (1), ἀνδρείας-σοφίας (1), ἀνδρείαν-σοφώτατε (1), ἀνδρείου-σοφοῦ (1)"
οὗτος,ανδρει,97.6139743831009,40,21,19,5,1,5,5,5,0,2,4,6,4,3,"ἀνδρείαν-τοῦτο (4), ἀνδρείως-ταῦτα (3), ἀνδρείαν-ταῦτα (3), ἀνδρεία-τοῦτο (2), ἀνδρείας-τούτων (2), ἀνδρεῖος-οὗτος (2), ἀνδρεία-τούτων (2), ἀνδρείαν-τούτῳ (2), ἀνδρείας-τοῦτο (2), ἀνδρείαν-τούτων (2), ἀνδρείους-τούτους (2), ἀνδρείους-τοῦτον (1), ἀνδρεία-ταῦτα (1), ἀνδρεῖον-τοῦτο (1), ἀνδρεῖον-τούτοις (1), ἀνδρεῖος-ταύτην (1), ἀνδρειοτέρους-ταῦτα (1), ἀνδρεία-ταύτης (1), ἀνδρειότατοι-τοῦτον (1), ἀνδρεία-τούτοις (1), ἀνδρεῖον-ταῦτα (1), ἀνδρεῖος-τούτῳ (1), ἀνδρεῖον-τούτῳ (1), ἀνδρεῖος-ταῦτα (1), ἀνδρεῖον-τοῦτον (1)"
μέν,ανδρει,97.4167413581163,35,18,17,4,2,2,2,8,0,5,1,5,3,3,"ἀνδρείαν-μέν (8), ἀνδρείας-μέν (5), ἀνδρεῖον-μέν (4), ἀνδρείως-μέν (4), ἀνδρεία-μέν (3), ἀνδρεῖος-μέν (2), ἀνδρειότατος-μέν (2), ἀνδρείους-μέν (2), ἀνδρειότατον-μέν (1), ἀνδρείᾳ-μέν (1), ἀνδρειότατοι-μέν (1), ἀνδρείου-μέν (1), ἀνδρεῖοι-μέν (1)"
γάρ,ανδρει,92.6553560830653,31,8,23,4,3,0,1,0,0,7,7,3,3,3,"ἀνδρείαν-γάρ (10), ἀνδρείας-γάρ (4), ἀνδρείους-γάρ (4), ἀνδρεία-γάρ (4), ἀνδρεῖος-γάρ (3), ἀνδρειότατος-γάρ (1), ἀνδρεῖοι-γάρ (1), ἀνδρείᾳ-γάρ (1), ἀνδρειοτάτους-γάρ (1), ἀνδρείως-γάρ (1), ἀνδρεῖον-γάρ (1)"
αὐτός,ανδρει,91.5648503750563,35,19,16,3,4,7,4,1,0,4,6,1,1,4,"ἀνδρεία-αὐτή (5), ἀνδρείαν-αὐτό (2), ἀνδρείας-αὐτό (2), ἀνδρείας-αὐτῆς (2), ἀνδρεῖος-αὐτόν (2), ἀνδρεῖοι-αὐτῇ (1), ἀνδρεία-αὐτῶν (1), ἀνδρείαν-αὐτός (1), ἀνδρεῖος-αὐτούς (1), ἀνδρεῖοι-αὐτῶν (1), ἀνδρείως-αὐτά (1), ἀνδρειότατε-αὐτήν (1), ἀνδρειότατος-αὐτήν (1), ἀνδρείᾳ-αὐτῇ (1), ἀνδρειότερος-αὐτός (1), ἀνδρειότατον-αὐτῶν (1), ἀνδρεία-αὐτήν (1), ἀνδρείους-αὐτῶν (1), ἀνδρείας-αὐτός (1), ἀνδρείους-αὐτούς (1), ἀνδρείας-αὐτοῖς (1), ἀνδρείως-αὐτήν (1), ἀνδρεῖος-αὐτήν (1), ἀνδρεῖος-αὐτό (1), ἀνδρειότερον-αὐτόν (1), ἀνδρεία-αὐτά (1), ἀνδρείαν-αὐτά (1)"
ὅτι,ανδρει,83.2367636021227,27,16,11,3,7,0,4,2,0,4,1,3,2,1,"ἀνδρεία-ὅτι (6), ἀνδρείαν-ὅτι (5), ἀνδρείας-ὅτι (3), ἀνδρείας-ὅ (2), ἀνδρεῖος-ὅτι (2), ἀνδρειοτάτους-ὅτι (1), ἀνδρείους-ὅ (1), ἀνδρεία-ὅ (1), ἀνδρείᾳ-ὅ (1), ἀνδρεῖος-ὅ (1), ἀνδρείαν-ὅ (1), ἀνδρειοτέρου-ὅτι (1), ἀνδρείους-ὅτι (1), ἀνδρείως-ὅτι (1)"
ἐγώ,ανδρει,72.802197791636,30,15,15,2,5,3,4,1,0,2,2,3,5,3,"ἀνδρείαν-ἐγώ (4), ἀνδρεία-ἐγώ (3), ἀνδρεῖον-ἐγώ (3), ἀνδρείαν-ἔγωγε (2), ἀνδρεία-μοι (2), ἀνδρείαν-μοι (1), ἀνδρείας-ἔμοιγε (1), ἀνδρείως-μοι (1), ἀνδρεῖοι-με (1), ἀνδρείᾳ-ἐγώ (1), ἀνδρεία-ἔμοιγε (1), ἀνδρείαν-ἡμεῖς (1), ἀνδρεῖοι-ἔμοιγε (1), ἀνδρεία-ἡμῖν (1), ἀνδρείως-ἐγώ (1), ἀνδρείας-ἡμῖν (1), ἀνδρείας-ἐγώ (1), ἀνδρεία-με (1), ἀνδρείαν-ἡμῖν (1), ἀνδρείους-ἐγώ (1), ἀνδρειότατοι-μοι (1)"
ὅς,ανδρει,72.1375304721296,26,10,16,4,2,1,3,0,0,2,5,5,2,2,"ἀνδρεία-ὧν (2), ἀνδρεῖοι-ὧν (1), ἀνδρείους-ἅ (1), ἀνδρεῖος-ἅπερ (1), ἀνδρείαν-ὧν (1), ἀνδρείους-ἅπερ (1), ἀνδρείῳ-ἧς (1), ἀνδρείᾳ-ἅ (1), ἀνδρείαν-ἅ (1), ἀνδρεῖον-ὅν (1), ἀνδρείας-ὧν (1), ἀνδρεῖος-ᾧ (1), ἀνδρειότατε-ἥν (1), ἀνδρεῖοι-ἅ (1), ἀνδρειότεροι-οἵ (1), ἀνδρείους-οὕς (1), ἀνδρεία-ᾧ (1), ἀνδρειοτάτους-ᾧ (1), ἀνδρειότατος-ὧν (1), ἀνδρείως-ἅ (1), ἀνδρείαν-οἵ (1), ἀνδρείαν-ώ (1), ἀνδρεῖοι-οἵ (1), ἀνδρεία-οὕς (1), ἀνδρείου-οὕς (1)"
ὦ,ανδρει,71.4463408589363,22,15,7,1,7,2,4,1,0,0,1,0,3,3,"ἀνδρεία-ὦ (6), ἀνδρείαν-ὦ (5), ἀνδρειότατε-ὦ (3), ἀνδρείως-ὦ (3), ἀνδρεῖοι-ὦ (2), ἀνδρεῖον-ὦ (2), ἀνδρείας-ὦ (1)"
εἰ,ανδρει,62.9332558978349,20,8,12,2,2,1,3,0,0,2,0,5,2,3,"ἀνδρεῖοι-εἰ (5), ἀνδρεῖον-εἰ (3), ἀνδρείαν-εἰ (2), ἀνδρείως-εἰ (2), ἀνδρεία-εἰ (2), ἀνδρεῖος-εἰ (1), ἀνδρείους-εἰ (1), ἀνδρείᾳ-εἰ (1), ἀνδρείας-εἰ (1), ἀνδρειότατε-εἴ (1), ἀνδρειότατα-εἰ (1)"
δειλιάω,ανδρει,60.0628848075867,6,2,4,0,1,0,1,0,0,0,1,2,1,0,"ἀνδρείας-δειλίας (3), ἀνδρείαν-δειλίαν (3)"
ὁ,ἀνδρεῖα,60.0375467371196,14,11,3,2,1,2,1,5,0,0,1,1,1,0,"ἀνδρείων-τῶν (7), ἀνδρείων-τά (3), ἀνδρείων-τό (1), ἀνδρείων-τήν (1), ἀνδρείων-τάς (1), ἀνδρείων-οἱ (1)"
λέγω,ανδρει,59.5290991831571,24,16,8,2,5,2,6,1,0,2,1,1,1,3,"ἀνδρείους-λέγεις (4), ἀνδρείαν-λέγω (3), ἀνδρεία-λέγεις (2), ἀνδρείαν-λέγεις (2), ἀνδρεῖον-ἐλέγομεν (1), ἀνδρεῖον-λέγει (1), ἀνδρείους-λέγοι (1), ἀνδρείους-ἔλεγες (1), ἀνδρείᾳ-λέγεις (1), ἀνδρεῖοι-λέγεται (1), ἀνδρείαν-ἔλεγες (1), ἀνδρείαν-λέγειν (1), ἀνδρείως-λεγόμενος (1), ἀνδρεία-ἐλέγομεν (1), ἀνδρείας-λέγεις (1), ἀνδρεία-λέγομεν (1), ἀνδρεία-λέγω (1)"
μή,ανδρει,58.3216680455953,21,12,9,5,4,0,2,1,0,1,3,3,0,2,"ἀνδρεῖος-μή (5), ἀνδρεία-μή (5), ἀνδρεῖον-μή (3), ἀνδρείους-μή (2), ἀνδρείου-μή (1), ἀνδρεῖοι-μή (1), ἀνδρειότατα-μή (1), ἀνδρείως-μή (1), ἀνδρειότατος-μή (1), ἀνδρείαν-μή (1)"
πρός,ανδρει,58.1689038798213,18,12,6,0,4,1,3,4,0,1,2,2,0,1,"ἀνδρείαν-πρός (9), ἀνδρείους-πρός (3), ἀνδρείας-πρός (2), ἀνδρεῖος-πρός (1), ἀνδρεῖον-πρός (1), ἀνδρειότατος-πρός (1), ἀνδρείᾳ-πρός (1)"
ἄλλος,ανδρει,57.8360899873078,21,9,12,0,3,1,4,1,0,1,5,0,4,2,"ἀνδρεία-ἄλλο (2), ἀνδρείαν-ἄλλο (2), ἀνδρείαν-ἄλλων (2), ἀνδρείαν-ἄλλην (1), ἀνδρειοτάτου-ἄλλων (1), ἀνδρείᾳ-ἄλλῃ (1), ἀνδρείους-ἄλλος (1), ἀνδρειοτέρους-ἄλλῳ (1), ἀνδρειότατος-ἄλλων (1), ἀνδρεία-ἄλλων (1), ἀνδρεῖος-ἄλλα (1), ἀνδρεῖοι-ἄλλους (1), ἀνδρεῖοι-ἄλλων (1), ἀνδρείας-τἆλλα (1), ἀνδρείαν-τἆλλα (1), ἀνδρεία-ἄλλας (1), ἀνδρείους-ἄλλο (1), ἀνδρείου-ἄλλα (1)"
τις,ανδρει,57.3803648520261,25,14,11,4,2,4,3,1,0,0,1,2,4,4,"ἀνδρείαν-τι (5), ἀνδρεία-τι (3), ἀνδρεῖον-τινά (2), ἀνδρείαν-τινά (2), ἀνδρείαν-τινα (2), ἀνδρεῖον-τινα (2), ἀνδρειοτέρους-τινι (1), ἀνδρεία-τινί (1), ἀνδρείους-τι (1), ἀνδρείας-τις (1), ἀνδρεῖος-τις (1), ἀνδρείαν-τις (1), ἀνδρειοτάτην-τι (1), ἀνδρείας-τισίν (1), ἀνδρειότατοι-τινες (1)"
δ,ανδρει,54.9162085615098,20,12,8,3,3,2,3,1,0,0,0,1,4,3,"ἀνδρείαν-δ (7), ἀνδρείας-δ (3), ἀνδρεῖος-δ (3), ἀνδρεία-δ (2), ἀνδρεῖον-δ (2), ἀνδρειοτάτου-δ (1), ἀνδρειότατον-δ (1), ἀνδρείους-δ (1)"
σύ,ανδρει,54.3770044222474,20,10,10,2,3,1,2,2,0,1,3,3,1,2,"ἀνδρείαν-σύ (7), ἀνδρείως-σοι (3), ἀνδρείους-σύ (1), ἀνδρεῖοι-σοι (1), ἀνδρεῖοι-σοῦ (1), ἀνδρεῖοι-σύ (1), ἀνδρεία-τίν (1), ἀνδρείαν-σε (1), ἀνδρεία-σοι (1), ἀνδρείαν-σοῦ (1), ἀνδρείαν-σοι (1), ἀνδρείαν-ὑμῖν (1)"
νι,ανδρει,54.1100457124412,6,1,5,0,1,0,0,0,0,1,3,1,0,0,"ἀνδρεία-νι (2), ἀνδρεῖος-νι (2), ἀνδρείους-νι (1), ἀνδρείαν-νι (1)"
ἐν,ανδρει,53.9967333823442,21,6,15,2,2,2,0,0,0,1,4,2,6,2,"ἀνδρεία-ἐν (4), ἀνδρείαν-ἐν (4), ἀνδρεῖον-ἐν (3), ἀνδρειότερον-ἐν (2), ἀνδρείους-ἐν (2), ἀνδρείας-ἐν (1), ἀνδρείως-ἐν (1), ἀνδρεῖοι-ἐν (1), ἀνδρείαν-κἀν (1), ἀνδρείου-ἐν (1), ἀνδρείᾳ-ἐν (1)"
ἡγέομαι,ανδρει,52.2092254646122,10,5,5,2,0,0,1,2,0,1,1,1,1,1,"ἀνδρείαν-ἡγῇ (3), ἀνδρείαν-ἡγεῖσθαι (2), ἀνδρεῖον-ἡγῇ (1), ἀνδρείως-ἡγοῦμαι (1), ἀνδρείᾳ-ἡγούμενοι (1), ἀνδρείους-ἡγουμένους (1), ἀνδρειότατον-ἡγούμενον (1)"
εὖ,ανδρει,50.8561569340527,10,7,3,1,0,2,4,0,0,0,0,2,1,0,"ἀνδρείως-εὖ (6), ἀνδρεῖος-εὖ (3), ἀνδρείαν-εὖ (1)"
σω,ανδρει,50.8076016195118,19,8,11,3,1,2,1,1,0,1,2,2,2,4,"ἀνδρείας-σω (5), ἀνδρεία-σω (5), ἀνδρεῖον-σω (3), ἀνδρείαν-σω (2), ἀνδρειότατε-σω (1), ἀνδρεῖοι-σω (1), ἀνδρείους-σω (1), ἀνδρεῖος-σω (1)"
πᾶς,ανδρει,49.3831948619336,18,8,10,2,1,0,3,2,0,2,2,2,3,1,"ἀνδρείαν-πάντα (3), ἀνδρειότατε-πάντων (3), ἀνδρεία-πάντων (2), ἀνδρειοτάτου-πάντων (1), ἀνδρείας-πάντων (1), ἀνδρειότατος-πάντων (1), ἀνδρείους-πάντες (1), ἀνδρεῖος-πάντα (1), ἀνδρειότατον-πᾶν (1), ἀνδρεία-πάντα (1), ἀνδρείους-πάντας (1), ἀνδρεία-πᾶσα (1), ἀνδρεῖοι-πάντες (1)"
ψυχή,ανδρει,48.6696695256978,12,6,6,2,3,0,0,1,0,2,2,1,0,1,"ἀνδρεία-ψυχή (3), ἀνδρείας-ψυχῆς (2), ἀνδρεία-ψυχῆς (1), ἀνδρεῖον-ψυχῇ (1), ἀνδρείας-ψυχῇ (1), ἀνδρείαν-ψυχαῖς (1), ἀνδρειοτάτην-ψυχήν (1), ἀνδρείας-ψυχή (1), ἀνδρείαν-ψυχῇ (1)"
καλός,ανδρει,48.5669536087662,14,4,10,1,2,0,1,0,0,5,2,2,0,1,"ἀνδρείας-καλόν (2), ἀνδρεία-καλόν (2), ἀνδρείαν-καλῶς (2), ἀνδρεῖον-καλοῖς (1), ἀνδρείᾳ-καλῶ (1), ἀνδρεῖος-καλοῖς (1), ἀνδρείαν-καλόν (1), ἀνδρεία-καλῶς (1), ἀνδρεία-καλή (1), ἀνδρεῖον-καλῶ (1), ἀνδρείαν-καλῶ (1)"
οὖν,ανδρει,47.4360197819769,18,13,5,4,4,3,1,1,0,0,0,0,2,3,"ἀνδρείαν-οὖν (6), ἀνδρείας-οὖν (4), ἀνδρεία-οὖν (2), ἀνδρείως-οὖν (2), ἀνδρείους-οὖν (2), ἀνδρεῖον-οὖν (1), ἀνδρειότατος-οὖν (1)"
μεγαλοπρέπεια,ανδρει,45.8940257914364,4,1,3,0,0,1,0,0,0,1,2,0,0,0,"ἀνδρείαν-μεγαλοπρέπειαν (2), ἀνδρεία-μεγαλοπρέπεια (2)"
εἶπον,ανδρει,45.8246707506478,12,8,4,3,0,3,0,2,0,0,3,1,0,0,"ἀνδρείαν-εἰπεῖν (2), ἀνδρεία-εἰπεῖν (2), ἀνδρεία-εἰπέ (2), ἀνδρείαν-εἰπών (1), ἀνδρείως-εἰπέ (1), ἀνδρεῖος-εἰπεῖν (1), ἀνδρείας-εἰπεῖν (1), ἀνδρείου-εἰπεῖν (1), ἀνδρείαν-εἴποι (1)"
καρτερία,ανδρει,45.0393428374082,4,3,1,1,0,0,0,2,0,0,1,0,0,0,"ἀνδρεία-καρτερία (2), ἀνδρείαν-καρτερίαν (2)"
νικίας,ανδρει,44.2845046259463,5,3,2,1,0,1,0,1,0,0,0,1,0,1,"ἀνδρεία-νικία (2), ἀνδρείας-νικία (1), ἀνδρεῖος-νικία (1), ἀνδρείας-νικίας (1)"
θάρσος,ανδρει,44.2684549260885,4,2,2,0,0,1,1,0,0,0,1,1,0,0,"ἀνδρείας-θάρρους (1), ἀνδρεία-θάρρος (1), ἀνδρείαν-θάρσος (1), ἀνδρείους-θάρσος (1)"
δεῖ,ανδρει,44.0921851787716,12,6,6,1,4,1,0,0,0,2,1,1,1,1,"ἀνδρείας-δεῖ (2), ἀνδρειοτέρου-δεῖ (1), ἀνδρείαν-δεῖ (1), ἀνδρειοτέρου-δέῃ (1), ἀνδρείως-δεῖ (1), ἀνδρείους-δεῖ (1), ἀνδρεῖος-δεῖ (1), ἀνδρειότατε-δεῖν (1), ἀνδρείαν-δέον (1), ἀνδρεῖον-δέει (1), ἀνδρεῖον-δεῖ (1)"
ἀλλά,ανδρει,43.3798886016011,14,6,8,3,0,0,3,0,0,3,3,0,0,2,"ἀνδρεία-ἀλλά (3), ἀνδρεῖοι-ἀλλά (3), ἀνδρείας-ἀλλά (2), ἀνδρείους-ἀλλά (2), ἀνδρείᾳ-ἀλλά (1), ἀνδρειοτέρου-ἀλλά (1), ἀνδρειότατος-ἀλλά (1), ἀνδρείως-ἀλλά (1)"
μής,ανδρει,43.3032067287713,11,8,3,2,2,2,0,2,0,0,0,1,1,1,"ἀνδρείαν-μήν (2), ἀνδρεῖος-μήν (2), ἀνδρεία-μήν (2), ἀνδρείως-μήν (1), ἀνδρεῖον-μά (1), ἀνδρεῖον-μήν (1), ἀνδρείας-μήν (1), ἀνδρεία-μά (1)"
οἷος,ανδρει,43.301543712616,10,4,6,0,2,0,0,2,0,0,2,1,1,2,"ἀνδρεία-οἷον (6), ἀνδρείαν-οἷον (3), ἀνδρεῖος-οἷος (1)"
ἀρετή,ανδρει,41.8353534881026,9,4,5,1,0,1,1,1,0,0,0,2,2,1,"ἀνδρείαν-ἀρετῆς (2), ἀνδρείαν-ἀρετήν (2), ἀνδρεία-ἀρετῆς (2), ἀνδρεία-ἀρετάς (1), ἀνδρεία-ἀρετή (1), ἀνδρείᾳ-ἀρετῇ (1)"
σωφρ,ἀνδρεῖα,40.3436107579619,4,3,1,0,0,2,0,1,0,0,1,0,0,0,"ἀνδρείων-σωφρόνων (3), ἀνδρείων-σώφρονα (1)"
οὕτως,ανδρει,39.7699089962989,13,3,10,1,1,1,0,0,0,1,3,2,0,4,"ἀνδρείαν-οὕτω (4), ἀνδρεῖον-οὕτως (2), ἀνδρείαν-οὕτως (2), ἀνδρεία-οὕτως (1), ἀνδρείας-οὕτω (1), ἀνδρεία-οὕτω (1), ἀνδρείᾳ-οὕτω (1), ἀνδρεῖοι-οὕτω (1)"
ἴτης,ανδρει,38.4929313845932,3,2,1,0,0,2,0,0,0,0,0,1,0,0,"ἀνδρείους-ἴτας (2), ἀνδρεῖος-ἴτης (1)"
μᾶλλον,ανδρει,38.0088945161551,9,2,7,0,0,1,1,0,0,3,0,2,1,1,"ἀνδρείαν-μᾶλλον (3), ἀνδρεῖοι-μᾶλλον (2), ἀνδρείους-μᾶλλον (1), ἀνδρεῖον-μᾶλλον (1), ἀνδρείᾳ-μᾶλλον (1), ἀνδρείας-μᾶλλον (1)"
ἐπί,ανδρει,36.5292479507625,10,3,7,0,0,1,2,0,0,3,2,0,1,1,"ἀνδρείαν-ἐπί (2), ἀνδρεῖοι-ἐπί (2), ἀνδρείας-ἐπί (2), ἀνδρεῖον-ἐπί (1), ἀνδρεῖος-ἐπί (1), ἀνδρείους-ἐπί (1), ἀνδρείως-ἐπί (1)"
ἀγαθός,ανδρει,36.3319889102131,11,4,7,0,1,0,2,1,0,3,1,1,0,2,"ἀνδρεῖος-ἀγαθός (2), ἀνδρείας-ἀγαθοῦ (1), ἀνδρείως-ἀγαθόν (1), ἀνδρεῖον-ἀγαθόν (1), ἀνδρεῖος-ἀγαθοῖς (1), ἀνδρείαν-ἀγαθοῦ (1), ἀνδρεῖον-τἀγαθά (1), ἀνδρειότατε-ἀγαθόν (1), ἀνδρείαν-ἀγαθόν (1), ἀνδρεῖοι-ἀγαθοί (1)"
ἐπιστήμη,ανδρει,36.2850236129016,8,3,5,0,0,1,1,1,0,2,1,1,0,1,"ἀνδρείαν-ἐπιστήμην (3), ἀνδρεία-ἐπιστήμη (3), ἀνδρεῖον-ἐπιστήμης (1), ἀνδρείαν-ἐπιστήμης (1)"
οὐδ,ανδρει,36.1827149875462,8,3,5,1,0,0,2,0,0,1,1,2,1,0,"ἀνδρεία-οὐδ (5), ἀνδρείαν-οὐδ (1), ἀνδρείους-οὐδ (1), ἀνδρείας-οὐδ (1)"
δειλίας,ανδρει,35.6644574292004,3,2,1,0,1,0,0,1,0,1,0,0,0,0,"ἀνδρεία-δειλίᾳ (2), ἀνδρεῖον-δειλίᾳ (1)"
αὖ,ανδρει,34.8967959489673,10,4,6,2,1,0,1,0,0,0,0,0,4,2,"ἀνδρεία-αὖ (4), ἀνδρείαν-αὖ (2), ἀνδρεῖος-αὖ (1), ἀνδρεῖον-αὖ (1), ἀνδρεῖοι-αὖ (1), ἀνδρειότεροι-αὖ (1)"
φύω,ανδρει,34.8902204651386,8,4,4,1,0,2,0,1,0,2,2,0,0,0,"ἀνδρείαν-πεφυκέναι (2), ἀνδρείαν-φύσιν (2), ἀνδρείᾳ-φύσιν (1), ἀνδρείας-πεφυκός (1), ἀνδρειότεροι-φύονται (1), ἀνδρεία-πέφυκεν (1)"
μάντις,ανδρει,33.7334369942546,4,3,1,0,1,1,1,0,0,0,0,0,1,0,"ἀνδρεῖος-μάντις (2), ἀνδρεῖος-μάντει (1), ἀνδρείους-μάντεις (1)"
λάχης,ανδρει,33.5415652059019,4,3,1,0,0,1,2,0,0,0,0,0,0,1,"ἀνδρείαν-λάχης (2), ἀνδρεία-λάχης (1), ἀνδρεῖον-λάχης (1)"
εὐμάθεια,ανδρει,33.0110691301525,3,1,2,0,1,0,0,0,0,0,2,0,0,0,"ἀνδρεία-εὐμάθεια (2), ἀνδρείαν-εὐμαθίαν (1)"
ανδρει,ανδρει,31.2974227666855,6,3,3,1,1,1,0,0,318,0,0,1,1,1,"ἀνδρείας-ἀνδρείας (2), ἀνδρείους-ἀνδρείαν (1), ἀνδρεία-ἀνδρείως (1), ἀνδρείαν-ἀνδρείους (1), ἀνδρείως-ἀνδρεία (1), ἀνδρειοτάτην-ἀνδρειοτάτην (0), ἀνδρειοτάτους-ἀνδρειοτάτους (0), ἀνδρείου-ἀνδρείου (0), ἀνδρειότατοι-ἀνδρειότατοι (0), ἀνδρείαις-ἀνδρείαις (0), ἀνδρειοτάτου-ἀνδρειοτάτου (0), ἀνδρείαν-ἀνδρείαν (0), ἀνδρεῖος-ἀνδρεῖος (0), ἀνδρειότερος-ἀνδρειότερος (0), ἀνδρεῖοι-ἀνδρεῖοι (0), ἀνδρειότατος-ἀνδρειότατος (0), ἀνδρείους-ἀνδρείους (0), ἀνδρειότατε-ἀνδρειότατε (0), ἀνδρείως-ἀνδρείως (0), ἀνδρεῖον-ἀνδρεῖον (0), ἀνδρειότατον-ἀνδρειότατον (0), ἀνδρειοτέρους-ἀνδρειοτέρους (0), ἀνδρείῳ-ἀνδρείῳ (0), ἀνδρειότερον-ἀνδρειότερον (0), ἀνδρείᾳ-ἀνδρείᾳ (0), ἀνδρειότατα-ἀνδρειότατα (0), ἀνδρειότεροι-ἀνδρειότεροι (0), ἀνδρεία-ἀνδρεία (0), ἀνδρειοτέρου-ἀνδρειοτέρου (0)"
μετά,ανδρει,31.1087777074426,8,6,2,2,0,1,1,2,0,0,0,0,0,2,"ἀνδρείαν-μετά (2), ἀνδρείας-μετά (2), ἀνδρεῖον-μετά (2), ἀνδρεῖος-μετά (1), ἀνδρεία-μετά (1)"
_,ανδρει,30.8527733702213,12,4,8,1,2,1,0,0,0,2,3,0,2,1,"ἀνδρεία-_ (3), ἀνδρεῖοι-_ (3), ἀνδρεῖος-_ (3), ἀνδρείαν-_ (1), ἀνδρείους-_ (1), ἀνδρειότατοι-_ (1)"
ἀμαθής,ανδρει,30.8391180504113,4,4,0,0,0,1,1,2,0,0,0,0,0,0,"ἀνδρειοτάτους-ἀμαθεστάτους (2), ἀνδρειότατοι-ἀμαθέστατοι (1), ἀνδρείου-ἀμαθής (1)"
πάνυ,ανδρει,30.8219249937683,9,2,7,1,0,0,0,1,0,2,2,2,1,0,"ἀνδρείως-πάνυ (3), ἀνδρείαν-πάνυ (2), ἀνδρεία-πάνυ (2), ἀνδρείας-πάνυ (1), ἀνδρεῖον-πάνυ (1)"
ἀλλ,ανδρει,30.4824514184147,11,4,7,0,2,1,1,0,0,1,0,2,3,1,"ἀνδρείαν-ἀλλ (3), ἀνδρείας-ἀλλ (3), ἀνδρεῖος-ἀλλ (1), ἀνδρεία-ἀλλ (1), ἀνδρεῖον-ἀλλ (1), ἀνδρεῖοι-ἀλλ (1), ἀνδρείως-ἀλλ (1)"
_καλ,ανδρει,30.445372197777,4,1,3,1,0,0,0,0,0,2,0,1,0,0,"ἀνδρείαν-_καλ (2), ἀνδρεῖοι-_καλ (2)"
μετ,ανδρει,30.2270380686969,5,4,1,0,1,0,0,3,0,1,0,0,0,0,"ἀνδρείας-μετ (4), ἀνδρείαν-μετ (1)"
μεγαλοφροσύνη,ανδρει,30.1409711167216,2,1,1,0,1,0,0,0,0,0,1,0,0,0,ἀνδρείαν-μεγαλοφροσύνην (2)
δή,ανδρει,29.8387292642146,15,6,9,1,2,1,0,2,0,1,3,1,1,3,"ἀνδρείαν-δή (3), ἀνδρείας-δή (2), ἀνδρεῖος-δή (2), ἀνδρεία-δή (1), ἀνδρειότατος-δή (1), ἀνδρείᾳ-δή (1), ἀνδρειοτάτους-δή (1), ἀνδρειότατοι-δή (1), ἀνδρεῖον-δή (1), ἀνδρείους-δή (1), ἀνδρεῖοι-δή (1)"
περί,ανδρει,29.838222336024,14,9,5,0,3,1,1,4,0,1,2,0,2,0,"ἀνδρείας-περί (5), ἀνδρείας-πέρι (3), ἀνδρείαν-πέρι (2), ἀνδρεῖον-περί (1), ἀνδρεία-περί (1), ἀνδρειότατος-περί (1), ἀνδρείαν-περί (1)"
τίθημι,ανδρει,29.2322372775525,7,3,4,1,0,0,1,1,0,0,0,0,4,0,"ἀνδρείαν-τιθέμενον (2), ἀνδρείαν-θῶμεν (1), ἀνδρείαν-τίθεμαι (1), ἀνδρείαν-τίθεσαι (1), ἀνδρείαν-τίθημι (1), ἀνδρείαν-τίθησι (1)"
τῇ,ανδρει,27.4322130065411,9,5,4,1,1,0,1,2,0,0,1,1,2,0,"ἀνδρείᾳ-τῇ (3), ἀνδρεία-τῇ (2), ἀνδρείας-τῇ (2), ἀνδρείαν-τῇ (1), ἀνδρεῖον-τῇ (1)"
γιγνώσκω,ανδρει,26.8560622483492,6,4,2,1,0,2,1,0,0,1,0,0,1,0,"ἀνδρείαν-γνώσεσθαι (1), ἀνδρεία-γνοίη (1), ἀνδρειότατε-γιγνώσκειν (1), ἀνδρεῖος-γνώσεται (1), ἀνδρείαν-γιγνώσκων (1), ἀνδρείᾳ-γνωσθεῖεν (1)"
μόνος,ανδρει,26.8174522966146,7,5,2,2,1,0,0,2,0,0,1,0,0,1,"ἀνδρείας-μόνης (2), ἀνδρεῖοι-μόνον (2), ἀνδρεῖος-μόνον (1), ἀνδρείαν-μόνον (1), ἀνδρείους-μόνον (1)"
θάνατος,ανδρει,25.980460524559,4,0,4,0,0,0,0,0,0,0,1,0,2,1,"ἀνδρεῖοι-θάνατον (1), ἀνδρείας-θάνατον (1), ἀνδρείαν-θάνατον (1), ἀνδρεία-θάνατος (1)"
μεγαλοπρεπής,ανδρει,25.7446056678891,3,0,3,0,0,0,0,0,0,1,2,0,0,0,"ἀνδρεῖος-μεγαλοπρεπής (2), ἀνδρεῖον-μεγαλοπρεπές (1)"
ὡς,ανδρει,25.6904950961471,13,6,7,0,2,2,0,2,0,1,1,2,1,2,"ἀνδρεῖον-ὡς (2), ἀνδρεία-ὡς (2), ἀνδρείως-ὡς (2), ἀνδρείους-ὡς (1), ἀνδρεῖοι-ὡς (1), ἀνδρεῖος-ὥς (1), ἀνδρείας-ὡς (1), ἀνδρείαν-ὡς (1), ἀνδρείαν-ὥς (1), ἀνδρειότατος-ὡς (1)"
καλέω,ανδρει,25.4759010337293,6,2,4,0,1,0,1,0,0,4,0,0,0,0,"ἀνδρείαν-καλεῖς (3), ἀνδρείους-καλεῖς (1), ἀνδρείαν-καλεῖν (1), ἀνδρείους-καλεῖ (1)"
φόβος,ανδρει,25.0927418917418,4,1,3,0,0,0,1,0,0,0,0,1,1,1,"ἀνδρεῖος-φόβων (1), ἀνδρεῖοι-φόβους (1), ἀνδρεία-φόβου (1), ἀνδρείαν-φόβοις (1)"
ἀκόλαστος,ανδρει,24.7792986165732,3,2,1,0,0,2,0,0,0,0,0,0,0,1,"ἀνδρειοτάτους-ἀκολαστοτάτους (2), ἀνδρεῖον-ἀκόλαστον (1)"
τῷ,ανδρει,24.7455076742917,11,6,5,0,3,1,2,0,0,0,0,0,4,1,"ἀνδρείως-τῷ (2), ἀνδρείους-τῷ (2), ἀνδρείᾳ-τῷ (2), ἀνδρείῳ-τῷ (2), ἀνδρεῖον-τῷ (1), ἀνδρεία-τῷ (1), ἀνδρειότατα-τώ (1)"
ὗς,ανδρει,24.5979232378304,2,2,0,0,2,0,0,0,0,0,0,0,0,0,"ἀνδρεία-ὗς (1), ἀνδρείαν-ὗν (1)"
δειλός,ἀνδρεῖα,24.364526193589,2,1,1,0,0,0,1,0,0,0,0,0,1,0,"ἀνδρείων-δειλῶν (1), ἀνδρείων-δειλοί (1)"
ὁμολογέω,ανδρει,24.0560247357935,6,2,4,1,0,0,0,1,0,2,1,1,0,0,"ἀνδρεία-ὡμολογεῖτο (1), ἀνδρεῖοι-ὁμολογεῖν (1), ἀνδρείους-ὁμολογοῦσιν (1), ἀνδρείαν-ὁμολογήσεις (1), ἀνδρείαν-ὡμολόγεις (1), ἀνδρεῖοι-ὡμολόγησα (1)"
ξε,ανδρει,22.9084472004324,7,6,1,2,1,3,0,0,0,0,0,0,1,0,"ἀνδρείας-ξε (2), ἀνδρεία-ξε (2), ἀνδρεῖον-ξε (1), ἀνδρειότατα-ξε (1), ἀνδρείαν-ξε (1)"
διαφέρω,ανδρει,22.4782566446811,5,4,1,0,2,0,2,0,0,0,0,1,0,0,"ἀνδρείαν-διαφέρειν (1), ἀνδρεία-διαφέρει (1), ἀνδρείᾳ-διαφέρειν (1), ἀνδρεία-διαφέρον (1), ἀνδρείαν-διαφέρουσαν (1)"
πως,ανδρει,22.4732479769737,8,3,5,0,2,1,0,0,0,1,0,2,2,0,"ἀνδρείας-πῶς (3), ἀνδρειότατε-πῶς (1), ἀνδρεῖον-πῶς (1), ἀνδρεῖος-πῶς (1), ἀνδρείαν-πῶς (1), ἀνδρείαν-πως (1)"
πολύς,ανδρει,22.4115227423608,10,4,6,1,1,1,1,0,0,0,1,1,2,2,"ἀνδρεία-πολύ (2), ἀνδρειοτάτους-πολύ (1), ἀνδρείαν-πολύ (1), ἀνδρεῖοι-πολλοί (1), ἀνδρείαν-πολλοῖς (1), ἀνδρείας-πολλάς (1), ἀνδρείους-πόλεων (1), ἀνδρεῖος-πολλῶν (1), ἀνδρεία-πολλαῖς (1)"
ταὐτός,ανδρει,21.2260948047042,6,4,2,2,1,1,0,0,0,0,1,0,1,0,"ἀνδρείαν-ταὐτόν (3), ἀνδρείας-ταὐτόν (2), ἀνδρεῖον-ταὐτόν (1)"
μέρος,ανδρει,21.164319941774,5,1,4,0,0,0,1,0,0,0,0,1,0,3,"ἀνδρεία-μέρει (2), ἀνδρεῖον-μέρει (1), ἀνδρείας-μέρος (1), ἀνδρείαν-μέρος (1)"
σός,ανδρει,21.1432076692581,4,3,1,0,0,0,2,1,0,0,0,0,0,1,"ἀνδρεία-σόν (2), ἀνδρείαν-σήν (1), ἀνδρεία-σός (1)"
συγκερκίζω,ἀνδρεῖα,21.1069577634335,1,0,1,0,0,0,0,0,0,0,1,0,0,0,ἀνδρείων-συγκερκίζοντα (1)
ἐναντίος,ανδρει,21.0502402503043,6,4,2,0,0,1,1,2,0,0,1,1,0,0,"ἀνδρεία-ἐναντία (2), ἀνδρείαν-ἐναντίων (1), ἀνδρεία-ἐναντίον (1), ἀνδρείας-ἐναντίον (1), ἀνδρεία-ἐναντιώτατον (1)"
ἀποδέχομαι,ανδρει,20.8800212033093,3,2,1,0,0,1,0,1,0,0,0,0,1,0,"ἀνδρείαν-ἀποδέχομαι (1), ἀνδρείαν-ἀποδέχου (1), ἀνδρείαν-ἀποδέχεσθαι (1)"
δεινός,ανδρει,20.8780754972249,4,1,3,0,1,0,0,0,0,0,0,2,1,0,"ἀνδρεῖοι-δεινά (2), ἀνδρείας-δεινῆς (1), ἀνδρείους-δεινά (1)"
κλ,ανδρει,20.5121818389744,6,1,5,1,0,0,0,0,0,0,1,0,1,3,"ἀνδρείας-κλ (2), ἀνδρεία-κλ (1), ἀνδρεῖον-κλ (1), ἀνδρείως-κλ (1), ἀνδρείαν-κλ (1)"
κατά,ανδρει,20.4742335230112,8,3,5,0,1,0,2,0,0,1,1,2,1,0,"ἀνδρεία-κατά (2), ἀνδρειοτάτους-κατά (1), ἀνδρείως-κατά (1), ἀνδρείαν-κατά (1), ἀνδρείᾳ-κατά (1), ἀνδρεῖον-κατά (1), ἀνδρειότατοι-κατά (1)"
ἐπίσταμαι,ανδρει,20.2020752206445,4,3,1,1,0,2,0,0,0,0,0,1,0,0,"ἀνδρεῖοι-ἐπίστασθαι (1), ἀνδρείους-ἐπίστασθαι (1), ἀνδρεῖοι-ἐπίστανται (1), ἀνδρειότατα-ἐπισταίσθην (1)"
μνήμη,ανδρει,20.1057295519859,3,1,2,0,0,0,1,0,0,0,0,1,1,0,"ἀνδρεία-μνήμη (2), ἀνδρείαν-μνήμην (1)"
πολεμικός,ανδρει,20.1057295519859,3,1,2,0,0,1,0,0,0,0,1,0,1,0,"ἀνδρείου-πολεμικῇ (1), ἀνδρείαις-πολεμικαῖς (1), ἀνδρεῖον-πολεμικόν (1)"
δήπου,ανδρει,19.9675593189895,4,2,2,0,0,2,0,0,0,0,0,1,1,0,"ἀνδρείαν-δήπου (2), ἀνδρεία-δήπου (1), ἀνδρείας-δήπου (1)"
ρρεπον,ανδρει,19.7194893378764,2,0,2,0,0,0,0,0,0,1,1,0,0,0,"ἀνδρείαν-ῥέπον (1), ἀνδρείαν-ῥέποντες (1)"
μέντοι,ανδρει,19.5842014942318,5,2,3,0,2,0,0,0,0,0,0,2,1,0,"ἀνδρείους-μέντοι (2), ἀνδρεία-μεντἄν (1), ἀνδρειότατα-μέντοι (1), ἀνδρεῖοι-μέντοι (1)"
ἄρα,ανδρει,19.3637074884027,7,5,2,2,1,1,0,1,0,1,0,0,1,0,"ἀνδρείαν-ἄρα (2), ἀνδρεία-ἄρα (2), ἀνδρείας-ἄρα (1), ἀνδρεῖος-ἄρα (1), ἀνδρείως-ἄρα (1)"
μάχομαι,ανδρει,19.3508839160204,3,2,1,0,0,0,2,0,0,0,0,0,0,1,"ἀνδρεία-μάχῃ (1), ἀνδρεῖον-μαχομένων (1), ἀνδρείᾳ-μάχεσθαι (1)"
αθ,ανδρει,19.3027707114816,6,5,1,2,0,1,1,1,0,0,1,0,0,0,"ἀνδρεῖος-αθ (2), ἀνδρείως-αθ (1), ἀνδρείαν-αθ (1), ἀνδρεία-αθ (1), ἀνδρείας-αθ (1)"
ἅμα,ανδρει,19.2776884324849,5,2,3,0,0,1,0,1,0,0,2,1,0,0,"ἀνδρείους-ἅμα (1), ἀνδρείως-ἅμα (1), ἀνδρειότεροι-ἅμα (1), ἀνδρείας-ἅμα (1), ἀνδρείῳ-ἅμα (1)"
αλ,ανδρει,19.1719754021615,5,1,4,0,1,0,0,0,0,1,0,1,1,1,"ἀνδρεία-αλ (3), ἀνδρεῖον-αλ (1), ἀνδρείας-αλ (1)"
καρτερόω,ανδρει,18.9902852531523,2,2,0,0,0,1,0,1,0,0,0,0,0,0,"ἀνδρειότερον-καρτεροῦντα (1), ἀνδρείως-καρτερῶν (1)"
εἴτε,ανδρει,18.6946345511824,5,3,2,0,0,1,0,2,0,2,0,0,0,0,"ἀνδρείᾳ-εἴτε (3), ἀνδρείαις-εἴτε (2)"
μνήμων,ανδρει,18.6704917140305,2,2,0,0,1,0,0,1,0,0,0,0,0,0,ἀνδρεῖος-μνήμων (2)
ἄφοβος,ανδρει,18.6704917140305,2,1,1,0,0,1,0,0,0,1,0,0,0,0,"ἀνδρειότατος-ἄφοβον (1), ἀνδρεῖον-ἄφοβον (1)"
ῥοή,ανδρει,18.6704917140305,2,2,0,0,1,0,0,1,0,0,0,0,0,0,"ἀνδρεία-ῥοῇ (1), ἀνδρεία-ῥοή (1)"
φυσάω,ανδρει,18.6135307103395,4,1,3,0,0,0,1,0,0,0,2,1,0,0,"ἀνδρεία-φύσει (1), ἀνδρείας-φύσει (1), ἀνδρεῖος-φύσει (1), ἀνδρειότατοι-φύσει (1)"
μορέω,ανδρει,18.4356254395097,3,0,3,0,0,0,0,0,0,1,1,1,0,0,"ἀνδρείαν-μόριον (1), ἀνδρεία-μόριον (1), ἀνδρεία-μορίων (1)"
ὑπό,ανδρει,18.355025883764,6,3,3,1,1,1,0,0,0,0,0,2,1,0,"ἀνδρεῖος-ὑπό (3), ἀνδρεῖοι-ὑπό (1), ἀνδρεία-ὑπό (1), ἀνδρείας-ὑπό (1)"
αἱρετός,ανδρει,18.0992330741137,2,2,0,1,1,0,0,0,0,0,0,0,0,0,"ἀνδρειότατοι-αί (1), ἀνδρείας-αί (1)"
εὐμαθής,ανδρει,17.8417840991169,2,2,0,0,0,0,2,0,0,0,0,0,0,0,ἀνδρεῖος-εὐμαθής (2)
σφόδρα,ανδρει,17.7083022650331,4,3,1,1,0,1,1,0,0,0,0,1,0,0,"ἀνδρεῖον-σφόδρα (1), ἀνδρείους-σφόδρα (1), ἀνδρεῖοι-σφόδρα (1), ἀνδρείας-σφόδρα (1)"
οἴομαι,ανδρει,17.612815503031,6,2,4,1,0,0,1,0,0,1,1,0,0,2,"ἀνδρείαν-οἶμαι (2), ἀνδρεῖον-οἶμαι (2), ἀνδρείας-ἐγᾦμαι (1), ἀνδρεία-ἐγᾦμαι (1)"
συμμιγής,ἀνδρεῖα,17.2879738155752,1,1,0,0,1,0,0,0,0,0,0,0,0,0,ἀνδρείων-συμμιγεῖ (1)
ἔρχομαι,ανδρει,17.1688575558364,4,4,0,0,1,2,1,0,0,0,0,0,0,0,"ἀνδρεῖοι-ἔρχονται (3), ἀνδρείας-ἐλθοῦσαι (1)"
αἰσχρός,ανδρει,17.1688575558364,4,3,1,2,1,0,0,0,0,0,1,0,0,0,"ἀνδρεία-αἰσχρόν (1), ἀνδρεῖοι-αἰσχρούς (1), ἀνδρείαν-αἰσχρόν (1), ἀνδρειότατα-αἴσχιστα (1)"
κρατύς,ανδρει,17.1568185407668,2,1,1,0,0,1,0,0,0,0,0,1,0,0,"ἀνδρειότατος-κρατῶν (1), ἀνδρειοτάτου-κρατῶν (1)"
οὔτε,ανδρει,16.6556285806,6,4,2,1,0,2,0,1,0,2,0,0,0,0,"ἀνδρεῖον-οὔτε (3), ἀνδρεῖος-οὔτε (2), ἀνδρείας-οὔτε (1)"
σκιάζω,ἀνδρεῖα,16.6084281969815,1,1,0,0,0,1,0,0,0,0,0,0,0,0,ἀνδρείων-σκιᾷ (1)
οὐκοῦν,ανδρει,16.5900533292443,6,5,1,1,0,2,1,1,0,0,0,0,0,1,"ἀνδρεῖοι-οὐκοῦν (2), ἀνδρεία-οὐκοῦν (2), ἀνδρεῖος-οὐκοῦν (1), ἀνδρειότατε-οὐκοῦν (1)"
παρασκευή,ανδρει,16.5731290988624,2,1,1,0,0,0,1,0,0,0,0,0,0,1,"ἀνδρείαν-παρασκευήν (1), ἀνδρειότερον-παρασκευῆς (1)"
γίγνομαι,ανδρει,16.5316536780447,10,5,5,1,1,0,1,2,0,4,0,0,1,0,"ἀνδρεῖον-γενέσθαι (1), ἀνδρεῖος-γένοιτο (1), ἀνδρείαν-γεγονέναι (1), ἀνδρειότερος-γίγνεται (1), ἀνδρείαν-γίγνεσθαι (1), ἀνδρεῖος-γιγνομένων (1), ἀνδρεία-γένοιτο (1), ἀνδρείας-γίγνεσθαι (1), ἀνδρείας-γιγνόμενον (1), ἀνδρεία-γίγνεται (1)"
πιστός,ανδρει,16.3962695561349,2,0,2,0,0,0,0,0,0,1,0,0,1,0,ἀνδρείας-πιστός (2)
οὗτοί,ανδρει,16.3962695561349,2,0,2,0,0,0,0,0,0,0,1,1,0,0,"ἀνδρεία-οὗτοί (1), ἀνδρεῖοι-οὗτοί (1)"
λόγος,ανδρει,16.1890757735819,7,5,2,1,1,0,0,3,0,0,1,0,0,1,"ἀνδρεία-λόγον (2), ἀνδρείους-λόγῳ (1), ἀνδρείως-λόγον (1), ἀνδρειότατοι-λόγον (1), ἀνδρεία-λόγος (1), ἀνδρείας-λόγῳ (1)"
ποῖος,ανδρει,16.0985718537122,4,2,2,0,0,1,1,0,0,1,0,1,0,0,"ἀνδρείαν-ποίαν (2), ἀνδρεία-ποία (1), ἀνδρείως-ποῖον (1)"
δοκεύς,ανδρει,15.9227993004024,6,2,4,1,0,1,0,0,0,0,0,2,1,1,"ἀνδρεία-δοκεῖ (3), ἀνδρείως-δοκεῖς (1), ἀνδρειότατε-δοκεῖς (1), ἀνδρείαν-δοκεῖ (1)"
σκοπέω,ανδρει,15.7001796979457,4,2,2,0,0,1,1,0,0,0,0,0,1,1,"ἀνδρείαν-σκόπει (2), ἀνδρείαν-ἐσκοποῦμεν (1), ἀνδρείως-σκοπεῖσθαι (1)"
πόλις,ανδρει,15.6691055260599,5,2,3,0,0,1,0,1,0,1,2,0,0,0,"ἀνδρείαν-πόλιν (3), ἀνδρεία-πόλις (1), ἀνδρείους-πόλεως (1)"
ὁμοδοξία,ἀνδρεῖα,15.3656324893236,1,0,1,0,0,0,0,0,0,0,0,0,1,0,ἀνδρείων-ὁμοδοξίαις (1)
παραπλήσιος,ανδρει,15.2102492116392,2,1,1,1,0,0,0,0,0,1,0,0,0,0,"ἀνδρεῖοι-παραπλησίως (1), ἀνδρεία-παραπλήσια (1)"
μαγεία,ανδρει,15.0673360321671,1,0,1,0,0,0,0,0,0,0,0,0,1,0,ἀνδρειότατος-μαγείαν (1)
”ἄρης“,ανδρει,15.0673360321671,1,0,1,0,0,0,0,0,0,1,0,0,0,0,ἀνδρεῖον-”ἄρης“ (1)
ξένε_μετ,ανδρει,15.0673360321671,1,1,0,0,0,0,0,1,0,0,0,0,0,0,ἀνδρείαν-ξένε_μετ (1)
ἄρχοντ,ανδρει,15.0673360321671,1,0,1,0,0,0,0,0,0,0,0,1,0,0,ἀνδρεῖον-ἄρχοντ (1)
νικῶντάς,ανδρει,15.0673360321671,1,0,1,0,0,0,0,0,0,1,0,0,0,0,ἀνδρείους-νικῶντάς (1)
ἐκκοιμάομαι,ανδρει,15.0673360321671,1,0,1,0,0,0,0,0,0,0,1,0,0,0,ἀνδρειότατον-ἐκκοιμηθέντα (1)
μῶμος,ανδρει,15.0673360321671,1,0,1,0,0,0,0,0,0,0,0,0,0,1,ἀνδρείας-μῶμος (1)
προσρέω,ανδρει,15.0673360321671,1,1,0,0,0,1,0,0,0,0,0,0,0,0,ἀνδρείας-προσρήσει (1)
παίωνά,ανδρει,15.0673360321671,1,0,1,0,0,0,0,0,0,0,0,0,1,0,ἀνδρείως-παίωνά (1)
μαινόμενοί,ανδρει,15.0673360321671,1,0,1,0,0,0,0,0,0,0,0,0,1,0,ἀνδρεία-μαινόμενοί (1)
ὑπερέπτω,ανδρει,15.0673360321671,1,1,0,1,0,0,0,0,0,0,0,0,0,0,ἀνδρείαν-ὑπερέβημεν (1)
λόγον_τήν,ανδρει,15.0673360321671,1,1,0,0,0,0,0,1,0,0,0,0,0,0,ἀνδρείαν-λόγον_τήν (1)
τρυχόομαι,ανδρει,15.0673360321671,1,1,0,0,0,0,1,0,0,0,0,0,0,0,ἀνδρείας-τετρυχωμένων (1)
ἀκέραστος,ανδρει,15.0673360321671,1,1,0,0,0,0,1,0,0,0,0,0,0,0,ἀνδρείας-ἀκέραστος (1)
ὁπότερά,ανδρει,15.0673360321671,1,0,1,0,0,0,0,0,0,1,0,0,0,0,ἀνδρείως-ὁπότερά (1)
σοφός_ὥστε,ανδρει,15.0673360321671,1,0,1,0,0,0,0,0,0,0,1,0,0,0,ἀνδρεῖος-σοφός_ὥστε (1)
ἀρρενωπός,ανδρει,15.0673360321671,1,0,1,0,0,0,0,0,0,0,1,0,0,0,ἀνδρείαν-ἀρρενωπόν (1)
λέγωμεν_τί,ανδρει,15.0673360321671,1,0,1,0,0,0,0,0,0,0,0,0,0,1,ἀνδρείαν-λέγωμεν_τί (1)
λάμαχόν,ανδρει,15.0673360321671,1,1,0,0,1,0,0,0,0,0,0,0,0,0,ἀνδρεῖοι-λάμαχόν (1)
δαπανηρός,ανδρει,15.0673360321671,1,1,0,1,0,0,0,0,0,0,0,0,0,0,ἀνδρειότατον-δαπανηρῶν (1)
ἡβῶντί,ανδρει,15.0673360321671,1,1,0,0,0,1,0,0,0,0,0,0,0,0,ἀνδρείῳ-ἡβῶντί (1)
κρομμυωνίαν,ανδρει,15.0673360321671,1,1,0,1,0,0,0,0,0,0,0,0,0,0,ἀνδρείαν-κρομμυωνίαν (1)
”ἄρρεν“,ανδρει,15.0673360321671,1,0,1,0,0,0,0,0,0,0,0,1,0,0,ἀνδρεία-”ἄρρεν“ (1)
καρτέρησίς,ανδρει,15.0673360321671,1,1,0,0,0,0,1,0,0,0,0,0,0,0,ἀνδρεία-καρτέρησίς (1)
προσπαρέχω,ανδρει,15.0673360321671,1,0,1,0,0,0,0,0,0,0,0,1,0,0,ἀνδρείαν-προσπαρέχοιτο (1)
πάντες_τούς,ανδρει,15.0673360321671,1,1,0,0,0,0,1,0,0,0,0,0,0,0,ἀνδρείους-πάντες_τούς (1)
ἱππομαχία,ανδρει,15.0673360321671,1,1,0,0,0,1,0,0,0,0,0,0,0,0,ἀνδρεῖον-ἱππομαχίᾳ (1)
διαϊόντος,ανδρει,15.0673360321671,1,1,0,0,0,0,0,1,0,0,0,0,0,0,ἀνδρεία-διαϊόντος (1)
εὐλαβητικός,ανδρει,15.0673360321671,1,1,0,0,0,1,0,0,0,0,0,0,0,0,ἀνδρεία-εὐλαβητικός (1)
διά-κροτέω,ανδρει,15.0673360321671,1,0,1,0,0,0,0,0,0,0,1,0,0,0,ἀνδρείως-διακεκροτηκέναι (1)
τοιχώρυχος,ανδρει,15.0673360321671,1,0,1,0,0,0,0,0,0,0,0,1,0,0,ἀνδρείους-τοιχωρύχους (1)
ἠρωτήθην_εἰ,ανδρει,15.0673360321671,1,0,1,0,0,0,0,0,0,0,1,0,0,0,ἀνδρεῖοι-ἠρωτήθην_εἰ (1)
ἀρρενωπία,ανδρει,15.0673360321671,1,0,1,0,0,0,0,0,0,0,1,0,0,0,ἀνδρείας-ἀρρενωπίας (1)
κόσμιοί,ανδρει,15.0673360321671,1,1,0,0,0,1,0,0,0,0,0,0,0,0,ἀνδρεῖοι-κόσμιοί (1)
πᾶσις,ανδρει,14.9978033751249,4,2,2,1,0,1,0,0,0,0,0,1,0,1,"ἀνδρείαν-πᾶσι (2), ἀνδρεία-πάσῃ (1), ἀνδρείου-πάσῃ (1)"
θηρίον,ανδρει,14.9622158706188,2,1,1,0,0,1,0,0,0,0,0,1,0,0,"ἀνδρείαν-θηρίον (1), ἀνδρείας-θηρία (1)"
πού,ανδρει,14.7406086269766,5,2,3,1,1,0,0,0,0,1,1,0,1,0,"ἀνδρεία-που (2), ἀνδρειότατε-που (1), ἀνδρεῖον-πού (1), ἀνδρείαν-που (1)"
μνημονεύω,ανδρει,14.7289155554026,2,1,1,1,0,0,0,0,0,0,0,0,0,1,"ἀνδρείαν-μνημονεύετε (1), ἀνδρεία-μνημονεύεις (1)"
ἱδρώς,ἀνδρεῖα,14.6057530734688,1,0,1,0,0,0,0,0,0,0,1,0,0,0,ἀνδρείων-ἱδρώτων (1)
ἰατρός,ανδρει,14.4248185548931,3,1,2,0,0,0,1,0,0,0,0,1,0,1,"ἀνδρειοτέρου-ἰατροῦ (1), ἀνδρείως-ἰατρῷ (1), ἀνδρείους-ἰατρούς (1)"
ἀποκρίνω,ανδρει,14.420230936259,4,1,3,0,0,0,0,1,0,1,0,0,2,0,"ἀνδρεῖος-ἀποκρίνου (1), ἀνδρείας-ἀπεκρίνω (1), ἀνδρείως-ἀποκρίνου (1), ἀνδρείως-ἀπόκριναι (1)"
εὐτυχέω,ἀνδρεῖα,14.4054689314216,1,1,0,0,0,0,1,0,0,0,0,0,0,0,ἀνδρείων-εὐτυχούντων (1)
τιμάω,ανδρει,14.4030751194805,2,1,1,0,0,1,0,0,0,0,0,0,0,1,"ἀνδρεῖος-τιμᾶται (1), ἀνδρείῳ-τιμᾶσθαι (1)"
φαίνω,ανδρει,14.3724855016917,5,0,5,0,0,0,0,0,0,0,1,3,0,1,"ἀνδρείως-φαίνεται (2), ἀνδρεία-φαίνεται (1), ἀνδρεία-φαινόμεθα (1), ἀνδρεῖοι-φαίνονται (1)"
δύναμις,ανδρει,14.2078588232398,4,2,2,0,0,0,1,1,0,0,0,0,1,1,"ἀνδρείαν-δύναμιν (1), ἀνδρειοτάτους-δύναμιν (1), ἀνδρείαν-δύναμις (1), ἀνδρεία-δύναμις (1)"
ὑπομένω,ανδρει,14.102260928601,2,1,1,0,0,1,0,0,0,0,0,0,1,0,"ἀνδρεῖοι-ὑπομένωσιν (1), ἀνδρεῖοι-ὑπομένουσιν (1)"
γνῶσις,ανδρει,14.0069169122726,2,1,1,1,0,0,0,0,0,0,0,1,0,0,"ἀνδρεία-γνώσῃ (1), ἀνδρειοτάτους-γνώσῃ (1)"
διέρχομαι,ανδρει,13.9376105442643,3,1,2,0,1,0,0,0,0,0,0,1,0,1,"ἀνδρείαν-διήλθομεν (2), ἀνδρεῖον-διήλθομεν (1)"
θυμόω,ανδρει,13.7340912688524,2,1,1,0,0,1,0,0,0,0,1,0,0,0,"ἀνδρείας-θυμοῦ (1), ἀνδρειότερος-θυμοῦ (1)"
ἔπειτα,ανδρει,13.6697517670691,3,1,2,0,0,0,0,1,0,0,0,1,1,0,"ἀνδρεία-ἔπειτα (2), ἀνδρείας-ἔπειτα (1)"
λογόω,ανδρει,13.6482959408313,4,1,3,0,1,0,0,0,0,0,0,0,1,2,"ἀνδρεία-λόγου (2), ἀνδρείαν-λόγου (1), ἀνδρεῖος-λόγους (1)"
κόσμιος,ανδρει,13.647226344794,2,2,0,1,0,1,0,0,0,0,0,0,0,0,"ἀνδρείου-κοσμίου (1), ἀνδρείαν-κοσμιώτερος (1)"
καταγελάω,ανδρει,13.647226344794,2,1,1,0,0,1,0,0,0,1,0,0,0,0,"ἀνδρείως-καταγελάσῃ (1), ἀνδρεία-καταγελάσῃ (1)"
πότερος,ανδρει,13.4848494436592,4,2,2,0,0,0,2,0,0,1,0,0,0,1,"ἀνδρεῖον-πότερον (1), ἀνδρείαν-πότερον (1), ἀνδρεῖος-πότερον (1), ἀνδρείους-πότερον (1)"
ὑγιεινός,ανδρει,13.3976679220796,2,0,2,0,0,0,0,0,0,0,0,1,1,0,ἀνδρεῖον-ὑγιεινόν (2)
συμβαίνω,ανδρει,13.3893343806267,3,2,1,0,0,2,0,0,0,0,1,0,0,0,"ἀνδρείαν-συμβαίνει (1), ἀνδρεία-συνέβη (1), ἀνδρείους-συμβαίνει (1)"
ξηρός,ἀνδρεῖα,13.3836872056127,1,0,1,0,0,0,0,0,0,0,0,1,0,0,ἀνδρείων-ξηρῶν (1)
ὥσπερ,ανδρει,13.3322008457035,5,4,1,2,0,1,1,0,0,1,0,0,0,0,"ἀνδρεία-ὥσπερ (2), ἀνδρεῖον-ὥσπερ (1), ἀνδρείαν-ὥσπερ (1), ἀνδρείως-ὥσπερ (1)"
φθόγγος,ἀνδρεῖα,12.9720933604985,1,0,1,0,0,0,0,0,0,0,0,1,0,0,ἀνδρείων-φθόγγους (1)
προσεῖπον,ανδρει,12.9419483244419,2,1,1,0,0,1,0,0,0,0,0,1,0,0,"ἀνδρείαν-προσείπομεν (1), ἀνδρείας-προσεῖπας (1)"
γυμνάζω,ανδρει,12.8709313794971,2,1,1,0,1,0,0,0,0,0,1,0,0,0,"ἀνδρείως-γυμνασάμενον (1), ἀνδρείαν-γεγυμνασμένος (1)"
μετέχω,ανδρει,12.7782953344285,3,2,1,0,1,0,1,0,0,1,0,0,0,0,"ἀνδρείας-μετέχον (1), ἀνδρείας-μετέχειν (1), ἀνδρείας-μετέχει (1)"
εἰς,ανδρει,12.766492580995,7,4,3,1,1,0,1,1,0,1,1,0,0,1,"ἀνδρείαν-εἰς (2), ἀνδρείαν-εἴς (1), ἀνδρείως-εἰς (1), ἀνδρείας-εἰς (1), ἀνδρειότατον-εἰς (1), ἀνδρεῖοι-εἰς (1)"
ἔγωγ,ανδρει,12.5341336838901,2,0,2,0,0,0,0,0,0,0,0,0,2,0,"ἀνδρείας-ἔγωγ (1), ἀνδρείαν-ἔγωγ (1)"
αἴρω,ανδρει,12.3302000947297,3,0,3,0,0,0,0,0,0,1,0,1,1,0,"ἀνδρεῖοι-ἆρα (2), ἀνδρεῖος-ἆρα (1)"
μέγιστός,ανδρει,12.2958154585212,1,1,0,0,0,1,0,0,0,0,0,0,0,0,ἀνδρείᾳ-μέγιστός (1)
προαιρετέος,ανδρει,12.2958154585212,1,0,1,0,0,0,0,0,0,1,0,0,0,0,ἀνδρειοτάτους-προαιρετέον (1)
ἐγένετό,ανδρει,12.2958154585212,1,1,0,1,0,0,0,0,0,0,0,0,0,0,ἀνδρείαν-ἐγένετό (1)
σώφρονές,ανδρει,12.2958154585212,1,1,0,0,0,1,0,0,0,0,0,0,0,0,ἀνδρεῖοι-σώφρονές (1)
ἐμπόδισμα,ανδρει,12.2958154585212,1,1,0,0,0,1,0,0,0,0,0,0,0,0,ἀνδρεία-ἐμπόδισμα (1)
καρτέρησις,ανδρει,12.2958154585212,1,1,0,0,0,0,0,1,0,0,0,0,0,0,ἀνδρείαν-καρτέρησιν (1)
εὐτροφιάω,ανδρει,12.2958154585212,1,0,1,0,0,0,0,0,0,0,0,0,0,1,ἀνδρεία-εὐτροφίας (1)
ἔφαμέν,ανδρει,12.2958154585212,1,1,0,0,0,1,0,0,0,0,0,0,0,0,ἀνδρείαν-ἔφαμέν (1)
φιλότιμός,ανδρει,12.2958154585212,1,0,1,0,0,0,0,0,0,0,0,0,0,1,ἀνδρείᾳ-φιλότιμός (1)
κτάομαι,ανδρει,12.168770974502,3,1,2,1,0,0,0,0,0,1,0,0,1,0,"ἀνδρείαν-κεκτημένον (1), ἀνδρείαν-κέκτηνται (1), ἀνδρεῖον-κεκτημένος (1)"
προσήκω,ανδρει,12.0898276977241,3,2,1,0,1,0,1,0,0,0,0,1,0,0,"ἀνδρείους-προσήκοντα (1), ἀνδρείους-προσήκει (1), ἀνδρεία-προσῆκον (1)"
τοίνυν,ανδρει,12.0574274417013,4,1,3,0,0,0,1,0,0,1,0,1,1,0,"ἀνδρεία-τοίνυν (2), ἀνδρείαν-τοίνυν (2)"
ἆρ,ανδρει,12.046537425369,4,0,4,0,0,0,0,0,0,3,0,1,0,0,"ἀνδρείαν-ἆρ (2), ἀνδρείᾳ-ἆρ (1), ἀνδρείους-ἆρ (1)"
λακεδαιμόνιος,ανδρει,11.9931891318411,2,2,0,0,1,0,1,0,0,0,0,0,0,0,ἀνδρείαν-λακεδαιμόνιε (2)
οἶδα,ανδρει,11.9639909490943,5,2,3,0,0,0,2,0,0,0,0,1,1,1,"ἀνδρειοτέρου-ἴσμεν (1), ἀνδρείας-οἶδα (1), ἀνδρείας-εἰδώς (1), ἀνδρείους-εἴσεται (1), ἀνδρεῖος-ἴσθι (1)"
ἦθος,ανδρει,11.9375116880983,2,1,1,0,0,0,0,1,0,1,0,0,0,0,"ἀνδρείου-ἤθους (1), ἀνδρείας-ἦθος (1)"
συμφορά,ἀνδρεῖα,11.9142149481922,1,1,0,0,1,0,0,0,0,0,0,0,0,0,ἀνδρείων-συμφοράς (1)
ἐκ,ανδρει,11.9064012169838,6,3,3,1,1,0,1,0,0,1,0,2,0,0,"ἀνδρείας-ἐκ (2), ἀνδρείῳ-ἐξ (1), ἀνδρείως-ἐκ (1), ἀνδρείους-ἐκ (1), ἀνδρείαν-ἐξ (1)"
διά,ανδρει,11.8178288824856,5,3,2,1,0,1,1,0,0,0,0,1,1,0,"ἀνδρείαν-διά (2), ἀνδρεία-διά (2), ἀνδρείας-διά (1)"
παρέχω,ανδρει,11.4792940299958,3,2,1,1,1,0,0,0,0,0,0,1,0,0,"ἀνδρείως-παρέχειν (1), ἀνδρείαν-παρείχετο (1), ἀνδρεῖον-παρέχοιτο (1)"
ἀφίστημι,ἀνδρεῖα,11.3879103027284,1,1,0,0,1,0,0,0,0,0,0,0,0,0,ἀνδρείων-ἀφίστασθαι (1)
ἰσχυρός,ανδρει,11.373035190627,2,1,1,0,0,0,1,0,0,0,0,0,1,0,"ἀνδρεῖος-ἰσχυρός (1), ἀνδρεῖον-ἰσχυρόν (1)"
ταῦρος,ανδρει,11.2503873184323,1,1,0,0,1,0,0,0,0,0,0,0,0,0,ἀνδρείαν-ταῦρον (1)
ἀνθίστημι,ανδρει,11.2503873184323,1,0,1,0,0,0,0,0,0,0,0,0,0,1,ἀνδρείαν-ἀνθίσταται (1)
φρόνιμόν,ανδρει,11.2503873184323,1,0,1,0,0,0,0,0,0,0,0,0,0,1,ἀνδρειότατε-φρόνιμόν (1)
προσ,ανδρει,11.2503873184323,1,0,1,0,0,0,0,0,0,0,0,0,0,1,ἀνδρεία-προσ (1)
σύντονος,ανδρει,11.2503873184323,1,0,1,0,0,0,0,0,0,0,0,0,0,1,ἀνδρεῖος-σύντονος (1)
ἐλευθεριότης,ανδρει,11.2503873184323,1,0,1,0,0,0,0,0,0,0,1,0,0,0,ἀνδρείας-ἐλευθεριότητος (1)
ἀποχρώντως,ανδρει,11.2503873184323,1,1,0,0,1,0,0,0,0,0,0,0,0,0,ἀνδρεία-ἀποχρώντως (1)
φαρμακεύω,ανδρει,11.2503873184323,1,1,0,0,1,0,0,0,0,0,0,0,0,0,ἀνδρειοτέρου-φαρμακεύειν (1)
ἀποσπάω,ανδρει,11.2503873184323,1,1,0,0,1,0,0,0,0,0,0,0,0,0,ἀνδρείαν-ἀποσπᾷ (1)
πτοίησις,ανδρει,11.2503873184323,1,0,1,0,0,0,0,0,0,0,0,1,0,0,ἀνδρείαν-πτοίησιν (1)
ἔλεγές,ανδρει,11.2503873184323,1,0,1,0,0,0,0,0,0,0,1,0,0,0,ἀνδρείαν-ἔλεγές (1)
φαίνηταί,ανδρει,11.2503873184323,1,0,1,0,0,0,0,0,0,0,0,0,1,0,ἀνδρείως-φαίνηταί (1)
ὀξύς,ανδρει,11.0528062470257,2,1,1,0,0,0,1,0,0,0,0,0,0,1,"ἀνδρεῖον-ὀξύ (1), ἀνδρείας-ὀξύ (1)"
κίνδυνος,ἀνδρεῖα,10.8719879630953,1,0,1,0,0,0,0,0,0,1,0,0,0,0,ἀνδρείων-κινδύνων (1)
ἕξις,ανδρει,10.8394886031747,2,1,1,1,0,0,0,0,0,1,0,0,0,0,"ἀνδρεία-ἕξις (1), ἀνδρείας-ἕξις (1)"
_καλ,ἀνδρεῖα,10.8080822043121,1,0,1,0,0,0,0,0,0,1,0,0,0,0,ἀνδρείων-_καλ (1)
καί,ἀνδρεῖα,10.7933862339705,5,1,4,0,0,0,0,1,0,3,0,0,1,0,ἀνδρείων-καί (5)
ἠθέω,ἀνδρεῖα,10.7159079071134,1,0,1,0,0,0,0,0,0,1,0,0,0,0,ἀνδρείων-ἤθη (1)
ὁπόταν,ἀνδρεῖα,10.7159079071134,1,0,1,0,0,0,0,0,0,0,0,0,0,1,ἀνδρείων-ὁπόταν (1)
ἔχω,ανδρει,10.7064304053783,6,4,2,1,1,1,1,0,0,1,0,1,0,0,"ἀνδρειοτάτου-ἐχομένου (1), ἀνδρείως-ἐχόμενον (1), ἀνδρεῖον-ἔχοντα (1), ἀνδρεῖον-ἔχοι (1), ἀνδρεῖοι-ἕξουσιν (1), ἀνδρειοτάτους-ἔχε (1)"
ἄνθρωπος,ανδρει,10.6907205730677,5,2,3,0,1,1,0,0,0,1,1,0,0,1,"ἀνδρείαν-ἀνθρώπῳ (1), ἀνδρεῖος-ἀνθρώπων (1), ἀνδρειότατοι-ἄνθρωποι (1), ἀνδρείους-ἀνθρώπων (1), ἀνδρειότατον-ἀνθρώπων (1)"
ἀφοβία,ανδρει,10.5718593262136,1,0,1,0,0,0,0,0,0,0,0,1,0,0,ἀνδρείαν-ἀφοβίαν (1)
φάσκοντά,ανδρει,10.5718593262136,1,0,1,0,0,0,0,0,0,0,0,0,1,0,ἀνδρεῖος-φάσκοντά (1)
φιλοπονία,ανδρει,10.5718593262136,1,0,1,0,0,0,0,0,0,0,0,0,1,0,ἀνδρείαν-φιλοπονίαν (1)
ἔθ,ανδρει,10.5718593262136,1,0,1,0,0,0,0,0,0,1,0,0,0,0,ἀνδρεῖον-ἔθ (1)
προμήθεια,ανδρει,10.5718593262136,1,0,1,0,0,0,0,0,0,0,0,1,0,0,ἀνδρείας-προμηθίας (1)
εὐχέρεια,ανδρει,10.5718593262136,1,0,1,0,0,0,0,0,0,0,0,1,0,0,ἀνδρείας-εὐχερείας (1)
κοσμιότης,ανδρει,10.5718593262136,1,0,1,0,0,0,0,0,0,0,0,0,1,0,ἀνδρείας-κοσμιότητος (1)
κάλλιόν,ανδρει,10.5718593262136,1,0,1,0,0,0,0,0,0,0,0,0,1,0,ἀνδρεῖος-κάλλιόν (1)
στοχαστικός,ανδρει,10.5718593262136,1,1,0,0,0,0,1,0,0,0,0,0,0,0,ἀνδρείας-στοχαστικῆς (1)
πίθηκος,ανδρει,10.5718593262136,1,1,0,0,0,0,1,0,0,0,0,0,0,0,ἀνδρείαν-πίθηκον (1)
ἦθος,ἀνδρεῖα,10.5711670424789,1,0,1,0,0,0,0,0,0,0,0,0,1,0,ἀνδρείων-ἦθος (1)
διαφερόντως,ανδρει,10.5212847515941,2,1,1,0,1,0,0,0,0,0,1,0,0,0,"ἀνδρεῖον-διαφερόντως (1), ἀνδρειοτάτους-διαφερόντως (1)"
εἶμι,ανδρει,10.4930820669979,3,1,2,0,0,0,1,0,0,0,2,0,0,0,"ἀνδρεῖος-εἶ (1), ἀνδρειότατον-ἰέναι (1), ἀνδρειότατα-ᾔτην (1)"
ἀπό,ανδρει,10.3078907392919,3,1,2,1,0,0,0,0,0,0,1,1,0,0,"ἀνδρεία-ἀπό (2), ἀνδρεῖος-ἀπό (1)"
τολμάω,ανδρει,10.1578193046153,2,1,1,0,0,0,0,1,0,0,0,0,0,1,"ἀνδρείας-τόλμης (1), ἀνδρεῖον-τολμᾶν (1)"
ἵημι,ανδρει,10.0878586489707,4,1,3,1,0,0,0,0,0,0,0,2,1,0,"ἀνδρείαν-ἕν (2), ἀνδρείας-ἕν (1), ἀνδρεία-ἕν (1)"
ἐκπλάσσω,ανδρει,10.0675844009966,1,1,0,0,1,0,0,0,0,0,0,0,0,0,ἀνδρεῖος-ἐκπλαγῇς (1)
μεγαλόφρων,ανδρει,10.0675844009966,1,0,1,0,0,0,0,0,0,0,1,0,0,0,ἀνδρεῖος-μεγαλόφρων (1)
λῃστής,ανδρει,10.0675844009966,1,0,1,0,0,0,0,0,0,1,0,0,0,0,ἀνδρείους-λῃστάς (1)
ὁμόσε,ανδρει,10.0675844009966,1,0,1,0,0,0,0,0,0,1,0,0,0,0,ἀνδρειότατα-ὁμόσε (1)
νίκη,ανδρει,10.0675844009966,1,1,0,0,0,0,1,0,0,0,0,0,0,0,ἀνδρείᾳ-νίκῃ (1)
πρᾶγμα,ανδρει,10.0486079007387,3,3,0,0,0,1,2,0,0,0,0,0,0,0,"ἀνδρείους-πράγματα (1), ἀνδρείαν-πραγμάτων (1), ἀνδρείως-πρᾶγμα (1)"
ἐνταῦθα,ανδρει,9.95546094141901,2,2,0,0,0,2,0,0,0,0,0,0,0,0,ἀνδρείαν-ἐνταῦθα (2)
βιόω,ανδρει,9.86557968333364,3,2,1,1,0,1,0,0,0,0,0,0,1,0,"ἀνδρεῖον-βίους (1), ἀνδρεῖον-βίων (1), ἀνδρεῖον-βίον (1)"
εἷς,ανδρει,9.8514659255743,4,3,1,1,1,0,1,0,0,0,0,0,0,1,"ἀνδρεῖον-ἕνα (3), ἀνδρείας-μιᾷ (1)"
κακόω,ανδρει,9.81446449644864,3,1,2,0,1,0,0,0,0,0,0,0,2,0,"ἀνδρείως-κακῶς (1), ἀνδρεῖοι-κακῶν (1), ἀνδρείως-κακοῦ (1)"
πόνος,ἀνδρεῖα,9.81384688057005,1,1,0,0,0,0,1,0,0,0,0,0,0,0,ἀνδρείων-πόνων (1)
ἤπειρος,ἀνδρεῖα,9.70249241031706,1,0,1,0,0,0,0,0,0,0,0,0,1,0,ἀνδρείων-ἄπειρον (1)
ταῦ,ανδρει,9.66594228707254,1,0,1,0,0,0,0,0,0,0,0,0,0,1,ἀνδρείᾳ-ταῦ (1)
εὐταξία,ανδρει,9.66594228707254,1,1,0,0,0,0,1,0,0,0,0,0,0,0,ἀνδρείαν-εὐταξίαν (1)
ἀναίδεια,ανδρει,9.66594228707254,1,1,0,0,0,0,1,0,0,0,0,0,0,0,ἀνδρείαν-ἀναίδειαν (1)
πιπράσκω,ανδρει,9.66594228707254,1,1,0,1,0,0,0,0,0,0,0,0,0,0,ἀνδρεία-πιπρασκόμενα (1)
ν,ανδρει,9.66594228707254,1,1,0,1,0,0,0,0,0,0,0,0,0,0,ἀνδρείως-ν (1)
ἐμβριθής,ανδρει,9.66594228707254,1,0,1,0,0,0,0,0,0,0,0,0,0,1,ἀνδρειότεροι-ἐμβριθέστεροι (1)
μύω,ανδρει,9.66594228707254,1,1,0,0,0,1,0,0,0,0,0,0,0,0,ἀνδρείως-μύσαντα (1)
προσαγορεύω,ανδρει,9.64072119817138,2,1,1,0,0,0,0,1,0,1,0,0,0,0,"ἀνδρείαν-προσαγορεύεις (1), ἀνδρείαν-προσαγορεύομεν (1)"
ἁρμονίη,ἀνδρεῖα,9.63157549872994,1,0,1,0,0,0,0,0,0,1,0,0,0,0,ἀνδρείων-ἁρμονίας (1)
βουλεύω,ανδρει,9.61065701954067,2,1,1,0,1,0,0,0,0,0,0,1,0,0,"ἀνδρείᾳ-βουλευθέντα (1), ἀνδρεῖον-βουλευθέντα (1)"
πάλιν,ανδρει,9.47033563256264,3,3,0,1,1,0,0,1,0,0,0,0,0,0,ἀνδρείαν-πάλιν (3)
τῷ,ἀνδρεῖα,9.4207803606987,2,2,0,0,0,1,1,0,0,0,0,0,0,0,ἀνδρείων-τῷ (2)
προσαγορεύω,ἀνδρεῖα,9.40157359838486,1,1,0,1,0,0,0,0,0,0,0,0,0,0,ἀνδρείων-προσαγορεύειν (1)
παρακινδυνεύω,ανδρει,9.33211649768054,1,0,1,0,0,0,0,0,0,0,1,0,0,0,ἀνδρείως-παρακεκινδυνευμένως (1)
ἀγύμναστος,ανδρει,9.33211649768054,1,0,1,0,0,0,0,0,0,0,0,0,0,1,ἀνδρείαν-ἀγύμναστος (1)
μέλλω,ανδρει,9.24947052262723,3,2,1,1,0,0,1,0,0,0,0,0,0,1,"ἀνδρεῖοι-μέλλουσιν (1), ἀνδρεία-μελλόντων (1), ἀνδρείᾳ-μελλόντων (1)"
ἐπιτήδευμα,ανδρει,9.24043670296669,2,1,1,0,0,1,0,0,0,0,1,0,0,0,"ἀνδρείας-ἐπιτηδεύματα (1), ἀνδρείως-ἐπιτηδευμάτων (1)"
οὖσον,ανδρει,9.24043670296669,2,0,2,0,0,0,0,0,0,0,0,1,1,0,"ἀνδρεία-οὖσα (1), ἀνδρείαν-οὖσα (1)"
ἀφίημι,ἀνδρεῖα,9.18151846341789,1,1,0,0,0,0,1,0,0,0,0,0,0,0,ἀνδρείων-ἀφεῖσθαι (1)
κλεινίης,ανδρει,9.16000372171402,2,1,1,0,0,1,0,0,0,0,0,0,0,1,"ἀνδρεῖον-κλεινία (1), ἀνδρείως-κλεινία (1)"
χωλός,ανδρει,9.04649053141475,1,1,0,0,0,0,1,0,0,0,0,0,0,0,ἀνδρείαν-χωλήν (1)
δρᾶμα,ανδρει,9.04649053141475,1,0,1,0,0,0,0,0,0,1,0,0,0,0,ἀνδρεῖον-δρᾶμα (1)
ὁπλιτικός,ανδρει,9.04649053141475,1,1,0,0,0,0,0,1,0,0,0,0,0,0,ἀνδρείους-ὁπλιτικῷ (1)
τοῖος,ανδρει,9.04649053141475,1,1,0,0,1,0,0,0,0,0,0,0,0,0,ἀνδρεία-τοίαν (1)
πᾶσά,ανδρει,9.04649053141475,1,1,0,1,0,0,0,0,0,0,0,0,0,0,ἀνδρεία-πᾶσά (1)
ἄρις,ανδρει,9.04649053141475,1,0,1,0,0,0,0,0,0,0,0,0,1,0,ἀνδρείαν-ἄρης (1)
δέ,ἀνδρεῖα,9.03129482083023,3,1,2,0,1,0,0,0,0,0,0,1,0,1,ἀνδρείων-δέ (3)
πάντως,ἀνδρεῖα,8.83808144181967,1,0,1,0,0,0,0,0,0,0,1,0,0,0,ἀνδρείων-πάντως (1)
ἐπιτελέω,ανδρει,8.7969035487622,1,0,1,0,0,0,0,0,0,1,0,0,0,0,ἀνδρείᾳ-ἐπιτελοῦν (1)
κερδαλέος,ανδρει,8.7969035487622,1,0,1,0,0,0,0,0,0,0,0,0,1,0,ἀνδρειότατε-κερδαλέον (1)
ἀποπίμπλημι,ανδρει,8.7969035487622,1,0,1,0,0,0,0,0,0,0,0,0,1,0,ἀνδρείαν-ἀποπιμπλάναι (1)
ἀνήρ,ανδρει,8.7639058381319,4,3,1,0,2,1,0,0,0,0,0,0,1,0,"ἀνδρειότατον-ἀνδρῶν (1), ἀνδρείου-ἀνδρός (1), ἀνδρεῖος-ἀνήρ (1), ἀνδρεῖον-ἄνδρα (1)"
σκέπτομαι,ανδρει,8.75835611112416,2,1,1,0,0,1,0,0,0,1,0,0,0,0,"ἀνδρείαν-σκέψασθαι (1), ἀνδρείας-ἐσκέμμεθα (1)"
ὧδε,ανδρει,8.73465298488736,2,1,1,0,0,0,1,0,0,0,0,0,1,0,ἀνδρείαν-ὧδε (2)
ὥστε,ανδρει,8.73142591863871,3,1,2,0,1,0,0,0,0,1,0,0,1,0,"ἀνδρείους-ὥστε (1), ἀνδρεῖον-ὥστε (1), ἀνδρείαν-ὥστε (1)"
_σω,ανδρει,8.73142591863871,3,2,1,0,0,2,0,0,0,0,0,1,0,0,"ἀνδρείαν-_σω (2), ἀνδρεῖοι-_σω (1)"
πρᾶξις,ἀνδρεῖα,8.63826532289386,1,1,0,0,0,1,0,0,0,0,0,0,0,0,ἀνδρείων-πράξεως (1)
ἥκιστ,ανδρει,8.57528997026384,1,0,1,0,0,0,0,0,0,0,0,1,0,0,ἀνδρειοτάτην-ἥκιστ (1)
αὔτως,ανδρει,8.57528997026384,1,1,0,0,1,0,0,0,0,0,0,0,0,0,ἀνδρείαν-αὕτως (1)
ἐπιτείνω,ανδρει,8.57528997026384,1,0,1,0,0,0,0,0,0,0,0,0,0,1,ἀνδρεῖον-ἐπιταθέν (1)
φιλόνεικος,ανδρει,8.57528997026384,1,0,1,0,0,0,0,0,0,0,0,1,0,0,ἀνδρείας-φιλόνικον (1)
δέλτη,ανδρει,8.57528997026384,1,1,0,0,1,0,0,0,0,0,0,0,0,0,ἀνδρείας-δέλτα (1)
ἄσκησις,ανδρει,8.57528997026384,1,1,0,0,0,1,0,0,0,0,0,0,0,0,ἀνδρείας-ἄσκησιν (1)
ἀποκάμνω,ανδρει,8.57528997026384,1,0,1,0,0,0,0,0,0,0,0,0,1,0,ἀνδρεῖος-ἀποκάμνῃ (1)
ἀδεής,ανδρει,8.57528997026384,1,0,1,0,0,0,0,0,0,0,0,1,0,0,ἀνδρειότατος-ἀδεᾶ (1)
μοναρχία,ανδρει,8.57528997026384,1,0,1,0,0,0,0,0,0,0,0,0,1,0,ἀνδρεῖος-μοναρχίας (1)
ἀζήμιος,ανδρει,8.57528997026384,1,0,1,0,0,0,0,0,0,1,0,0,0,0,ἀνδρείως-ἀζήμιον (1)
εὐθύς,ανδρει,8.50570834428072,2,1,1,0,0,1,0,0,0,0,0,0,0,1,"ἀνδρείας-εὐθύς (1), ἀνδρείους-εὐθύς (1)"
ἡμός,ανδρει,8.43324102647603,3,2,1,0,0,0,1,1,0,0,1,0,0,0,"ἀνδρείαν-ἡμᾶς (1), ἀνδρείας-ἡμᾶς (1), ἀνδρεῖος-ἡμᾶς (1)"
παῖς,ανδρει,8.43324102647603,3,2,1,0,1,0,0,1,0,0,0,0,0,1,"ἀνδρείους-παίδων (1), ἀνδρείας-παίδων (1), ἀνδρειότατοι-παίδων (1)"
ἡδονά,ανδρει,8.40439966134727,3,2,1,0,0,1,1,0,0,0,1,0,0,0,"ἀνδρείους-ἡδονάς (1), ἀνδρείαν-ἡδονήν (1), ἀνδρείαν-ἡδονῆς (1)"
ἀποκωλύω,ανδρει,8.37602346204221,1,0,1,0,0,0,0,0,0,0,0,0,1,0,ἀνδρείαν-ἀποκωλύει (1)
”καί,ανδρει,8.37602346204221,1,0,1,0,0,0,0,0,0,0,0,0,0,1,ἀνδρείους-”καί (1)
ζῆνος,ανδρει,8.37602346204221,1,1,0,0,0,1,0,0,0,0,0,0,0,0,ἀνδρείως-ζήνων (1)
φατέος,ανδρει,8.37602346204221,1,0,1,0,0,0,0,0,0,0,0,1,0,0,ἀνδρείαν-φατέον (1)
εὔκολος,ανδρει,8.37602346204221,1,1,0,1,0,0,0,0,0,0,0,0,0,0,ἀνδρείαν-εὔκολος (1)
αὐτόχειρ,ανδρει,8.37602346204221,1,1,0,0,0,1,0,0,0,0,0,0,0,0,ἀνδρείας-αὐτόχειρες (1)
πολιτικός,ἀνδρεῖα,8.35352893359959,1,1,0,0,1,0,0,0,0,0,0,0,0,0,ἀνδρείων-πολιτικῆς (1)
ὅσος,ανδρει,8.328379239887,4,1,3,0,0,0,0,1,0,0,0,2,1,0,"ἀνδρείου-ὅσα (1), ἀνδρείους-ὅσοι (1), ἀνδρείαν-ὅσον (1), ἀνδρείας-ὅσοις (1)"
χρή,ανδρει,8.30008954368532,3,2,1,0,0,0,0,2,0,1,0,0,0,0,"ἀνδρείως-χρή (2), ἀνδρεία-χρή (1)"
πρῶτόν,ανδρει,8.19502217881382,1,0,1,0,0,0,0,0,0,1,0,0,0,0,ἀνδρεῖον-πρῶτόν (1)
ἐλευθέριος,ανδρει,8.19502217881382,1,0,1,0,0,0,0,0,0,0,1,0,0,0,ἀνδρεῖοι-ἐλευθέριοι (1)
φιλονεικέω,ανδρει,8.19502217881382,1,0,1,0,0,0,0,0,0,0,0,1,0,0,ἀνδρειότατοι-φιλονικεῖν (1)
οὐδείς,ανδρει,8.18820897489786,5,2,3,1,0,0,0,1,0,0,1,1,0,1,"ἀνδρεῖον-οὐδένα (2), ἀνδρείως-οὐδέν (1), ἀνδρείαν-οὐδέν (1), ἀνδρείας-οὐδέν (1)"
πρᾶξις,ανδρει,8.16695637069643,2,2,0,0,0,1,1,0,0,0,0,0,0,0,"ἀνδρείας-πρᾶξιν (1), ἀνδρείου-πράξει (1)"
ἐάω,ἀνδρεῖα,8.13718661852181,1,1,0,1,0,0,0,0,0,0,0,0,0,0,ἀνδρείων-ἐᾶν (1)
ἄριστος,ανδρει,8.0870024394244,2,2,0,0,1,1,0,0,0,0,0,0,0,0,"ἀνδρείαν-ἀρίστοις (1), ἀνδρεία-ἄριστε (1)"
τιμή,ανδρει,8.06728811003268,2,2,0,2,0,0,0,0,0,0,0,0,0,0,"ἀνδρείῳ-τιμήν (1), ἀνδρείᾳ-τιμῇ (1)"
ποτ,ανδρει,8.04768117144704,2,1,1,0,0,1,0,0,0,0,1,0,0,0,"ἀνδρεία-ποτ (1), ἀνδρεῖον-ποτ (1)"
συλλογίζομαι,ανδρει,8.02923024259508,1,1,0,0,1,0,0,0,0,0,0,0,0,0,ἀνδρείως-συλλογισάμενος (1)
πλησμονή,ανδρει,8.02923024259508,1,1,0,1,0,0,0,0,0,0,0,0,0,0,ἀνδρεῖον-πλησμονήν (1)
ἐπιμελής,ανδρει,8.02923024259508,1,0,1,0,0,0,0,0,0,0,0,1,0,0,ἀνδρείας-ἐπιμελές (1)
ἁνήρ,ανδρει,8.02923024259508,1,1,0,0,1,0,0,0,0,0,0,0,0,0,ἀνδρείαν-ἁνήρ (1)
μ,ανδρει,8.02923024259508,1,0,1,0,0,0,0,0,0,0,0,1,0,0,ἀνδρείαν-μ (1)
ἐριστικός,ανδρει,8.02923024259508,1,0,1,0,0,0,0,0,0,0,0,1,0,0,ἀνδρείως-ἐριστικῶς (1)
αἱρέω,ανδρει,7.97030550055206,2,0,2,0,0,0,0,0,0,1,0,1,0,0,"ἀνδρεῖος-αἱρεῖσθαι (1), ἀνδρεῖος-ἕλοιτο (1)"
ἀμφότερος,ανδρει,7.95121929422021,2,0,2,0,0,0,0,0,0,0,2,0,0,0,ἀνδρεῖοι-ἀμφότεροι (2)
ἕτερος,ανδρει,7.88444731198251,4,1,3,0,0,0,1,0,0,1,1,0,1,0,"ἀνδρείας-ἕτερον (2), ἀνδρείαν-ἑτέραν (1), ἀνδρείαν-ἕτερον (1)"
κάκη,ανδρει,7.87630017846823,1,1,0,0,1,0,0,0,0,0,0,0,0,0,ἀνδρείας-κάκης (1)
μεταδιώκω,ανδρει,7.87630017846823,1,0,1,0,0,0,0,0,0,0,0,0,0,1,ἀνδρείαν-μεταδιῶκον (1)
προσομιλέω,ανδρει,7.87630017846823,1,0,1,0,0,0,0,0,0,0,0,0,1,0,ἀνδρείας-προσομιλεῖν (1)
εἶδον,ανδρει,7.87587457895279,2,1,1,0,0,1,0,0,0,0,0,0,1,0,"ἀνδρείου-ἰδόντα (1), ἀνδρείαν-ἰδών (1)"
μανθάνω,ανδρει,7.83544571697712,3,2,1,2,0,0,0,0,0,0,0,0,0,1,"ἀνδρείαν-ἔμαθον (2), ἀνδρεῖον-μαθοῦσα (1)"
πόλεώς,ανδρει,7.73438948020339,1,1,0,0,1,0,0,0,0,0,0,0,0,0,ἀνδρείαις-πόλεώς (1)
γενεά,ανδρει,7.73438948020339,1,0,1,0,0,0,0,0,0,0,0,1,0,0,ἀνδρείας-γενεάς (1)
κέλομαι,ανδρει,7.73438948020339,1,0,1,0,0,0,0,0,0,1,0,0,0,0,ἀνδρεία-κέκληται (1)
βραδυτής,ανδρει,7.73438948020339,1,1,0,1,0,0,0,0,0,0,0,0,0,0,ἀνδρείας-βραδυτῆτι (1)
πατήρ,ἀνδρεῖα,7.7178422678262,1,0,1,0,0,0,0,0,0,0,1,0,0,0,ἀνδρείων-πατέρες (1)
φημί,ἀνδρεῖα,7.69063677452505,2,1,1,1,0,0,0,0,0,0,1,0,0,0,"ἀνδρείων-φῶμεν (1), ἀνδρείων-φημί (1)"
σωκράτης,ανδρει,7.66155062057078,4,3,1,0,0,2,0,1,0,0,0,0,0,1,"ἀνδρείαν-σώκρατες (2), ἀνδρείως-σώκρατες (1), ἀνδρεῖοι-σώκρατες (1)"
ἄρτι,ανδρει,7.6589264832437,2,2,0,0,1,0,1,0,0,0,0,0,0,0,"ἀνδρείας-ἄρτι (1), ἀνδρείους-ἄρτι (1)"
δίκη,ἀνδρεῖα,7.65266042202711,1,1,0,1,0,0,0,0,0,0,0,0,0,0,ἀνδρείων-δίκην (1)
παρά,ανδρει,7.6272374484688,3,0,3,0,0,0,0,0,0,0,1,1,1,0,"ἀνδρεῖοι-παρά (1), ἀνδρεία-παρά (1), ἀνδρείας-παρά (1)"
ἔοικέν,ανδρει,7.6020253803581,1,1,0,1,0,0,0,0,0,0,0,0,0,0,ἀνδρείας-ἔοικέν (1)
ἄμεικτος,ανδρει,7.6020253803581,1,0,1,0,0,0,0,0,0,0,0,0,0,1,ἀνδρεία-ἄμεικτος (1)
νομοθετέω,ανδρει,7.55521804653108,2,1,1,1,0,0,0,0,0,1,0,0,0,0,"ἀνδρείαν-νομοθέτης (1), ἀνδρείαν-νενομοθετήκατον (1)"
πολλάκις,ανδρει,7.50447981618345,2,1,1,1,0,0,0,0,0,0,0,0,0,1,"ἀνδρείως-πολλάκις (1), ἀνδρεία-πολλάκις (1)"
ἑαυτοῦ,ανδρει,7.48417236283422,5,0,5,0,0,0,0,0,0,0,0,2,2,1,"ἀνδρείαν-αὑτοῦ (1), ἀνδρεῖον-αὑτῷ (1), ἀνδρειότερον-αὑτοῦ (1), ἀνδρειότερος-αὑτοῦ (1), ἀνδρεία-ἑαυτῆς (1)"
ἐπέξειμι,ανδρει,7.47801204770803,1,0,1,0,0,0,0,0,0,1,0,0,0,0,ἀνδρείως-ἐπεξιών (1)
φιλομαθής,ανδρει,7.47801204770803,1,1,0,0,1,0,0,0,0,0,0,0,0,0,ἀνδρεῖοι-φιλομαθεῖς (1)
δοκώ,ανδρει,7.38884870521724,2,2,0,0,1,0,1,0,0,0,0,0,0,0,"ἀνδρείᾳ-δοκῶσιν (1), ἀνδρείας-δοκῶ (1)"
μανικός,ανδρει,7.36136522516608,1,1,0,0,0,0,1,0,0,0,0,0,0,0,ἀνδρειότεροι-μανικώτεροι (1)
βιάω,ανδρει,7.36136522516608,1,1,0,0,1,0,0,0,0,0,0,0,0,0,ἀνδρείαν-βίας (1)
ἀθανασία,ανδρει,7.36136522516608,1,0,1,0,0,0,0,0,0,0,1,0,0,0,ἀνδρείαν-ἀθανασίας (1)
τοιοῦτος,ανδρει,7.35014397092164,5,2,3,0,0,0,1,1,0,0,0,1,1,1,"ἀνδρείᾳ-τοιοῦτοι (1), ἀνδρειοτέρους-τοιούτῳ (1), ἀνδρείαν-τοιαύτην (1), ἀνδρεία-τοιαύτης (1), ἀνδρείαν-τοιούτῳ (1)"
ἥσσων,ανδρει,7.27689252980053,2,1,1,0,0,0,1,0,0,0,0,0,0,1,"ἀνδρεῖος-ἧττον (1), ἀνδρεῖον-ἧττον (1)"
ἀλήθεια,ανδρει,7.27689252980053,2,1,1,0,0,0,1,0,0,0,0,0,1,0,"ἀνδρείᾳ-ἀληθείᾳ (1), ἀνδρείας-ἀληθείας (1)"
βάσανος,ανδρει,7.25126506760716,1,1,0,0,1,0,0,0,0,0,0,0,0,0,ἀνδρείας-βάσανον (1)
πλήρης,ανδρει,7.25126506760716,1,1,0,1,0,0,0,0,0,0,0,0,0,0,ἀνδρείας-πλήρης (1)
θέατρον,ανδρει,7.25126506760716,1,0,1,0,0,0,0,0,0,0,0,0,1,0,ἀνδρείας-θεάτρου (1)
τοῦτό,ανδρει,7.22998283430934,2,0,2,0,0,0,0,0,0,0,1,0,1,0,"ἀνδρεῖον-τοῦτό (1), ἀνδρειότατα-τοῦτό (1)"
ἐπεί,ανδρει,7.19940633885562,3,1,2,0,1,0,0,0,0,1,0,1,0,0,"ἀνδρεία-ἐπεί (1), ἀνδρείαν-ἐπειδή (1), ἀνδρείαν-ἐπειδήπερ (1)"
ἀναβαίνω,ανδρει,7.1470214407891,1,0,1,0,0,0,0,0,0,0,0,1,0,0,ἀνδρείαν-ἀναβαίνοντος (1)
ἀπό,ἀνδρεῖα,7.14669918082654,1,1,0,0,0,0,1,0,0,0,0,0,0,0,ἀνδρείων-ἀπό (1)
ὅστις,ανδρει,7.09655053727329,3,1,2,0,0,1,0,0,0,0,1,1,0,0,"ἀνδρεῖον-ὁντινοῦν (1), ἀνδρείᾳ-ᾑτινιοῦν (1), ἀνδρεῖον-ὅντινα (1)"
δράω,ανδρει,7.07801012508571,2,1,1,1,0,0,0,0,0,0,1,0,0,0,"ἀνδρείαν-δρᾷ (1), ἀνδρείας-δρῶσιν (1)"
ἀκίνητος,ανδρει,7.04804791510105,1,0,1,0,0,0,0,0,0,0,0,1,0,0,ἀνδρεία-ἀκίνητος (1)
πραγματεύομαι,ανδρει,7.04804791510105,1,0,1,0,0,0,0,0,0,0,0,0,1,0,ἀνδρείως-πεπραγματεῦσθαι (1)
ἐμφύω,ανδρει,7.04804791510105,1,1,0,0,0,1,0,0,0,0,0,0,0,0,ἀνδρείας-ἐμφύσεται (1)
ὄνομα,ανδρει,7.01732940971851,3,2,1,0,1,0,1,0,0,0,0,0,0,1,"ἀνδρείας-ὄνομα (1), ἀνδρείαν-τοὔνομα (1), ἀνδρείας-ὀνόματος (1)"
ἔρως,ανδρει,6.98990846611559,2,0,2,0,0,0,0,0,0,1,1,0,0,0,"ἀνδρείαν-ἔρωτος (1), ἀνδρείαν-ἔρωτι (1)"
οὔτ,ανδρει,6.97543962858617,2,1,1,0,0,0,0,1,0,0,0,0,0,1,ἀνδρεῖον-οὔτ (2)
ξένος,ανδρει,6.96103089116514,2,2,0,0,0,2,0,0,0,0,0,0,0,0,"ἀνδρείαν-ξένε (1), ἀνδρεία-ξένε (1)"
ζωός,ανδρει,6.95384198240936,1,1,0,0,0,0,1,0,0,0,0,0,0,0,ἀνδρεία-ζωή (1)
εἰμί,ἀνδρεῖα,6.89754644222558,3,1,2,0,0,0,0,1,0,0,0,1,0,1,"ἀνδρείων-ὄντι (1), ἀνδρείων-εἶναι (1), ἀνδρείων-ἔν (1)"
τελέων,ανδρει,6.86396974511445,1,1,0,0,1,0,0,0,0,0,0,0,0,0,ἀνδρείαν-τέλεον (1)
μετατίθημι,ανδρει,6.86396974511445,1,0,1,0,0,0,0,0,0,0,0,0,0,1,ἀνδρεία-μετατίθεσθαι (1)
σύμπας,ανδρει,6.86181414313614,2,1,1,0,0,0,1,0,0,0,0,0,0,1,"ἀνδρείαις-συμπάσης (1), ἀνδρειότεροι-σύμπαντα (1)"
καίπερ,ανδρει,6.77805399149656,1,1,0,1,0,0,0,0,0,0,0,0,0,0,ἀνδρεῖος-καίπερ (1)
ἀθλητής,ανδρει,6.77805399149656,1,1,0,1,0,0,0,0,0,0,0,0,0,0,ἀνδρεῖοι-ἀθληταί (1)
αν,ανδρει,6.77805399149656,1,1,0,1,0,0,0,0,0,0,0,0,0,0,ἀνδρείαν-αν (1)
ἀποστερέω,ανδρει,6.77805399149656,1,0,1,0,0,0,0,0,0,0,0,1,0,0,ἀνδρείους-ἀποστερεῖν (1)
τεκμαίρομαι,ανδρει,6.69576472043991,1,0,1,0,0,0,0,0,0,0,0,1,0,0,ἀνδρεία-τεκμαίρομαι (1)
_σω,ἀνδρεῖα,6.58239533379674,1,0,1,0,0,0,0,0,0,0,0,1,0,0,ἀνδρείων-_σω (1)
μάλης,ανδρει,6.5802399776876,2,0,2,0,0,0,0,0,0,0,0,0,0,2,"ἀνδρειότερος-μάλα (1), ἀνδρείαν-μάλα (1)"
κατ,ανδρει,6.56739216297865,2,1,1,1,0,0,0,0,0,1,0,0,0,0,"ἀνδρείαν-κατ (1), ἀνδρείας-κατ (1)"
ἀεί,ανδρει,6.54982490465045,3,2,1,1,0,1,0,0,0,0,0,1,0,0,"ἀνδρείαν-ἀεί (2), ἀνδρειότατος-ἀεί (1)"
ἄτιμος,ανδρει,6.54093770869076,1,1,0,0,1,0,0,0,0,0,0,0,0,0,ἀνδρεῖος-ἄτιμος (1)
δέος,ανδρει,6.54093770869076,1,1,0,0,0,1,0,0,0,0,0,0,0,0,ἀνδρειότατον-δέος (1)
εὐήθης,ανδρει,6.54093770869076,1,1,0,0,0,1,0,0,0,0,0,0,0,0,ἀνδρειότεροι-εὐηθέστεροι (1)
συμμαχέω,ανδρει,6.54093770869076,1,1,0,0,1,0,0,0,0,0,0,0,0,0,ἀνδρεῖος-μαχεῖται (1)
ἄγαμαι,ανδρει,6.54093770869076,1,0,1,0,0,0,0,0,0,1,0,0,0,0,ἀνδρείαν-ἀγαμένη (1)
εὑρίσκω,ανδρει,6.47878939844668,2,2,0,0,0,2,0,0,0,0,0,0,0,0,"ἀνδρεία-ηὑρῆσθαι (1), ἀνδρεία-ηὑρήκαμεν (1)"
παῖς,ἀνδρεῖα,6.4740954618901,1,0,1,0,0,0,0,0,0,1,0,0,0,0,ἀνδρείων-παίδων (1)
συντείνω,ανδρει,6.46791488863528,1,0,1,0,0,0,0,0,0,0,1,0,0,0,ἀνδρείαν-συντεινούσας (1)
πόσος,ανδρει,6.46791488863528,1,0,1,0,0,0,0,0,0,0,1,0,0,0,ἀνδρείας-πόσῳ (1)
εὐτυχής,ανδρει,6.39753931947052,1,0,1,0,0,0,0,0,0,0,0,1,0,0,ἀνδρεῖος-εὐτυχής (1)
καίω,ανδρει,6.39753931947052,1,0,1,0,0,0,0,0,0,0,0,0,1,0,ἀνδρείως-κάειν (1)
νυνδί,ανδρει,6.39243961498141,2,1,1,0,0,1,0,0,0,1,0,0,0,0,"ἀνδρείαν-νυνδή (1), ἀνδρεῖον-νυνδή (1)"
τοῦτ,ανδρει,6.36816743202507,2,2,0,1,1,0,0,0,0,0,0,0,0,0,"ἀνδρείαν-τοῦτ (1), ἀνδρεῖος-τοῦτ (1)"
ἕνεκά,ανδρει,6.32962832972407,1,0,1,0,0,0,0,0,0,0,0,0,0,1,ἀνδρεῖοι-ἕνεκά (1)
ἐρώτημα,ανδρει,6.32962832972407,1,0,1,0,0,0,0,0,0,0,0,0,1,0,ἀνδρειότατα-ἐρωτήμασιν (1)
”τί,ανδρει,6.32962832972407,1,0,1,0,0,0,0,0,0,0,0,0,1,0,ἀνδρείαν-”τί (1)
διαπονέω,ανδρει,6.32962832972407,1,0,1,0,0,0,0,0,0,0,1,0,0,0,ἀνδρείως-διαπονεῖται (1)
δοκέω,ανδρει,6.29977730475366,3,0,3,0,0,0,0,0,0,0,1,1,1,0,"ἀνδρειότατος-δοκεῖν (1), ἀνδρείαν-δόξει (1), ἀνδρείως-δόξουσι (1)"
σχεδόν,ανδρει,6.21451994031668,2,0,2,0,0,0,0,0,0,0,0,1,0,1,"ἀνδρείας-σχεδόν (1), ἀνδρεία-σχεδόν (1)"
παντάπασί,ανδρει,6.20055839419365,1,1,0,0,1,0,0,0,0,0,0,0,0,0,ἀνδρειότατα-παντάπασί (1)
ἐκβαίνω,ανδρει,6.20055839419365,1,1,0,0,1,0,0,0,0,0,0,0,0,0,ἀνδρείως-ἐκβαίνειν (1)
φύω,ἀνδρεῖα,6.15731206908822,1,0,1,0,0,0,0,0,0,0,0,1,0,0,ἀνδρείων-φύσιν (1)
περίειμι,ανδρει,6.1391164213419,1,0,1,0,0,0,0,0,0,1,0,0,0,0,ἀνδρείᾳ-περιεῖναι (1)
δοκοῦσί,ανδρει,6.1391164213419,1,0,1,0,0,0,0,0,0,1,0,0,0,0,ἀνδρεῖοι-δοκοῦσί (1)
βέβαιος,ανδρει,6.1391164213419,1,1,0,0,0,1,0,0,0,0,0,0,0,0,ἀνδρειοτάτους-βεβαιοτάτους (1)
διαπεραίνω,ανδρει,6.1391164213419,1,0,1,0,0,0,0,0,0,0,0,1,0,0,ἀνδρεῖον-διαπερανθέν (1)
δευτερόω,ανδρει,6.07956928759813,1,0,1,0,0,0,0,0,0,0,0,0,1,0,ἀνδρείαις-δευτέρους (1)
ὀρθόω,ανδρει,6.06909249536693,3,3,0,0,1,2,0,0,0,0,0,0,0,0,"ἀνδρεῖον-ὀρθῶς (2), ἀνδρειότατος-ὀρθῶς (1)"
ναῦς,ανδρει,6.05185009725392,3,1,2,0,1,0,0,0,0,0,1,0,1,0,"ἀνδρεία-ναί (2), ἀνδρειότατε-ναί (1)"
μέν,ἀνδρεῖα,6.04937856085598,2,2,0,0,0,0,1,1,0,0,0,0,0,0,ἀνδρείων-μέν (2)
ὅλοξ,ανδρει,6.0236735958606,2,2,0,0,0,0,1,1,0,0,0,0,0,0,"ἀνδρείαν-ὅλην (1), ἀνδρεῖοι-ὅλως (1)"
ὅστις,ἀνδρεῖα,5.98074775747955,1,0,1,0,0,0,0,0,0,0,1,0,0,0,ἀνδρείων-αἵτινες (1)
ζητέω,ανδρει,5.98031537421048,2,0,2,0,0,0,0,0,0,0,1,0,0,1,"ἀνδρεῖος-ζητῶν (1), ἀνδρείως-ζητοῦμεν (1)"
κεράννυμι,ανδρει,5.96572306193411,1,0,1,0,0,0,0,0,0,1,0,0,0,0,ἀνδρείας-κραθέντων (1)
θηρεύω,ανδρει,5.96572306193411,1,1,0,0,0,0,1,0,0,0,0,0,0,0,ἀνδρείας-θηρεύοντες (1)
ἔρδω,ανδρει,5.91122857294977,1,1,0,0,0,1,0,0,0,0,0,0,0,0,ἀνδρείας-ἠρξάμεθα (1)
συμφορά,ανδρει,5.91122857294977,1,0,1,0,0,0,0,0,0,0,1,0,0,0,ἀνδρείως-συμφοράς (1)
οἶμαί,ανδρει,5.91122857294977,1,0,1,0,0,0,0,0,0,0,1,0,0,0,ἀνδρείαν-οἶμαί (1)
ἁπλῶς,ανδρει,5.91122857294977,1,1,0,0,0,0,0,1,0,0,0,0,0,0,ἀνδρεῖοι-ἁπλῶς (1)
διαφεύγω,ανδρει,5.91122857294977,1,0,1,0,0,0,0,0,0,0,0,0,0,1,ἀνδρείως-διαπεφευγότων (1)
ἄνω,ανδρει,5.86393026635051,2,0,2,0,0,0,0,0,0,0,1,0,1,0,"ἀνδρεία-ἄνευ (1), ἀνδρεῖον-ἄνευ (1)"
θεωρέω,ανδρει,5.85823614895344,1,1,0,0,1,0,0,0,0,0,0,0,0,0,ἀνδρείους-τεθεωρήκαμεν (1)
γείτων,ανδρει,5.85823614895344,1,1,0,1,0,0,0,0,0,0,0,0,0,0,ἀνδρεῖον-γείτονα (1)
θαυμαστόω,ανδρει,5.85823614895344,1,1,0,1,0,0,0,0,0,0,0,0,0,0,ἀνδρείως-θαυμαστῶς (1)
διάκειμαι,ανδρει,5.85823614895344,1,0,1,0,0,0,0,0,0,0,0,1,0,0,ἀνδρεία-διακειμένοις (1)
δουλεύω,ανδρει,5.80666670948267,1,1,0,0,0,1,0,0,0,0,0,0,0,0,ἀνδρειότατος-δουλεύων (1)
αὐτίκα,ανδρει,5.80666670948267,1,0,1,0,0,0,0,0,0,1,0,0,0,0,ἀνδρεῖοι-αὐτίκα (1)
πλοῖον,ανδρει,5.80666670948267,1,1,0,0,1,0,0,0,0,0,0,0,0,0,ἀνδρειότεροι-πλοῖα (1)
χέω,ἀνδρεῖα,5.78429404646158,1,1,0,0,1,0,0,0,0,0,0,0,0,0,ἀνδρείων-ἔχει (1)
μᾶλλον,ἀνδρεῖα,5.78183837793767,1,1,0,1,0,0,0,0,0,0,0,0,0,0,ἀνδρείων-μᾶλλον (1)
ἀριστερός,ανδρει,5.75644725374877,1,0,1,0,0,0,0,0,0,0,0,1,0,0,ἀνδρείαν-τἀριστερά (1)
πανταχοῦ,ανδρει,5.75644725374877,1,0,1,0,0,0,0,0,0,0,0,0,0,1,ἀνδρείαν-πανταχοῦ (1)
ἐργασία,ανδρει,5.70751026459038,1,0,1,0,0,0,0,0,0,0,0,0,0,1,ἀνδρείου-ἐργασίᾳ (1)
δοκέω,ἀνδρεῖα,5.67911208420992,1,1,0,0,0,1,0,0,0,0,0,0,0,0,ἀνδρείων-δόξουσι (1)
ἰσχύς,ανδρει,5.65979315899312,1,1,0,0,0,1,0,0,0,0,0,0,0,0,ἀνδρείαν-ἰσχύν (1)
μανιάω,ανδρει,5.65979315899312,1,1,0,0,1,0,0,0,0,0,0,0,0,0,ἀνδρεία-μανίας (1)
ἔοικα,ανδρει,5.62141698412597,3,1,2,1,0,0,0,0,0,0,0,1,1,0,"ἀνδρεία-ἔοικεν (1), ἀνδρείας-ἔοικε (1), ἀνδρείαν-ἐοίκαμεν (1)"
προσχράομαι,ανδρει,5.61323783732951,1,1,0,0,1,0,0,0,0,0,0,0,0,0,ἀνδρείας-προσχρωμένην (1)
πολέμιος,ανδρει,5.61323783732951,1,0,1,0,0,0,0,0,0,0,0,0,0,1,ἀνδρείαν-πολεμίαν (1)
τ,ανδρει,5.60421428643167,2,1,1,0,0,1,0,0,0,0,0,0,0,1,"ἀνδρεία-τ (1), ἀνδρείους-τ (1)"
νῦν,ανδρει,5.59223617985845,4,2,2,1,0,0,1,0,0,0,0,0,1,1,"ἀνδρεία-νῦν (2), ἀνδρείως-νῦν (1), ἀνδρείαν-νῦν (1)"
θηριόω,ανδρει,5.56779024191201,1,1,0,0,0,0,1,0,0,0,0,0,0,0,ἀνδρείαν-θηρίου (1)
βίαιος,ανδρει,5.52340000867844,1,0,1,0,0,0,0,0,0,0,0,0,1,0,ἀνδρείου-βιαίῳ (1)
πρόθυμος,ανδρει,5.52340000867844,1,1,0,0,0,0,1,0,0,0,0,0,0,0,ἀνδρειότατα-προθυμότατα (1)
ὁμολογία,ανδρει,5.52340000867844,1,1,0,1,0,0,0,0,0,0,0,0,0,0,ἀνδρεῖος-ὁμολογίας (1)
ὑπηρετέω,ανδρει,5.48002013191581,1,1,0,0,0,0,1,0,0,0,0,0,0,0,ἀνδρείαν-ὑπηρετεῖν (1)
τιμόω,ανδρει,5.48002013191581,1,0,1,0,0,0,0,0,0,0,1,0,0,0,ἀνδρείαν-τιμῶντα (1)
ἐλευθερία,ανδρει,5.48002013191581,1,0,1,0,0,0,0,0,0,0,1,0,0,0,ἀνδρείᾳ-ἐλευθερίᾳ (1)
ἄλλ,ανδρει,5.43760667555034,1,0,1,0,0,0,0,0,0,0,0,0,0,1,ἀνδρείᾳ-ἄλλ (1)
ῥυθμός,ανδρει,5.43760667555034,1,1,0,1,0,0,0,0,0,0,0,0,0,0,ἀνδρείου-ῥυθμούς (1)
ὑπό,ἀνδρεῖα,5.37245325744152,1,1,0,1,0,0,0,0,0,0,0,0,0,0,ἀνδρείων-ὑπό (1)
ὁπωσοῦν,ανδρει,5.35551705956459,1,0,1,0,0,0,0,0,0,0,0,0,1,0,ἀνδρείους-ὁπωστιοῦν (1)
κύριος,ανδρει,5.35551705956459,1,0,1,0,0,0,0,0,0,0,1,0,0,0,ἀνδρεῖοι-κύριοι (1)
ὑπερβάλλω,ανδρει,5.35551705956459,1,1,0,0,1,0,0,0,0,0,0,0,0,0,ἀνδρεῖος-ὑπερβαλλόντων (1)
μηνύω,ανδρει,5.35551705956459,1,0,1,0,0,0,0,0,0,0,1,0,0,0,ἀνδρείας-μηνύει (1)
ἐμπίπλημι,ανδρει,5.31576613523066,1,1,0,0,0,0,1,0,0,0,0,0,0,0,ἀνδρειότερος-ἐμπίμπλαται (1)
ἐπιστήμων,ανδρει,5.27683170326054,1,1,0,0,0,1,0,0,0,0,0,0,0,0,ἀνδρεῖον-ἐπιστήμονι (1)
παντελής,ανδρει,5.27683170326054,1,0,1,0,0,0,0,0,0,0,1,0,0,0,ἀνδρεῖον-παντελῶς (1)
κατοικίζω,ανδρει,5.23868174664676,1,0,1,0,0,0,0,0,0,0,0,0,0,1,ἀνδρείας-κατῴκισαν (1)
ἀναλίσκω,ανδρει,5.23868174664676,1,1,0,0,1,0,0,0,0,0,0,0,0,0,ἀνδρεῖον-ἀναλώσας (1)
ἀρχή,ανδρει,5.22432320192456,2,1,1,0,1,0,0,0,0,0,1,0,0,0,"ἀνδρείαν-ἀρχάς (1), ἀνδρείαν-ἀρχῆς (1)"
ἀνήρ,ἀνδρεῖα,5.21842218376696,1,0,1,0,0,0,0,0,0,0,0,0,1,0,ἀνδρείων-ἀνδρῶν (1)
διότι,ανδρει,5.20128607563674,1,1,0,0,0,0,1,0,0,0,0,0,0,0,ἀνδρεία-διότι (1)
συχνός,ανδρει,5.20128607563674,1,0,1,0,0,0,0,0,0,0,0,0,1,0,ἀνδρεῖοι-συχνούς (1)
βραδύς,ανδρει,5.20128607563674,1,0,1,0,0,0,0,0,0,0,0,0,1,0,ἀνδρείου-βραδύς (1)
δι,ανδρει,5.1988457813859,2,2,0,1,0,0,0,1,0,0,0,0,0,0,"ἀνδρείαν-δι (1), ἀνδρείου-δι (1)"
ἐρωτάω,ανδρει,5.19039880856872,2,2,0,1,0,0,1,0,0,0,0,0,0,0,"ἀνδρείαν-ἠρωτῶμεν (1), ἀνδρεῖοι-ἐρωτηθείς (1)"
ἁρμόζω,ανδρει,5.16461622901261,1,1,0,0,1,0,0,0,0,0,0,0,0,0,ἀνδρεία-ἡρμοσμένου (1)
ἑτοῖμος,ανδρει,5.16461622901261,1,0,1,0,0,0,0,0,0,0,0,0,1,0,ἀνδρεία-ἕτοιμος (1)
μαίνομαι,ανδρει,5.12864531949162,1,0,1,0,0,0,0,0,0,0,1,0,0,0,ἀνδρεῖοι-μαινόμενοι (1)
δέω,ανδρει,5.1153790447861,2,2,0,0,0,2,0,0,0,0,0,0,0,0,"ἀνδρείᾳ-δεομένη (1), ἀνδρείαν-δέηται (1)"
ἀνευρίσκω,ανδρει,5.0933479256928,1,1,0,0,0,1,0,0,0,0,0,0,0,0,ἀνδρεῖος-ἀνευρεῖν (1)
προστίθημι,ανδρει,5.0933479256928,1,0,1,0,0,0,0,0,0,0,0,0,1,0,ἀνδρεῖος-πρόσθες (1)
μάλιστ,ανδρει,5.0933479256928,1,0,1,0,0,0,0,0,0,0,0,1,0,0,ἀνδρεία-μάλιστ (1)
ἐγκωμιάζω,ανδρει,5.0933479256928,1,1,0,0,1,0,0,0,0,0,0,0,0,0,ἀνδρείαν-ἐγκωμιάζω (1)
κατανοέω,ανδρει,5.0933479256928,1,0,1,0,0,0,0,0,0,0,0,1,0,0,ἀνδρεῖον-κατανοεῖς (1)
μής,ἀνδρεῖα,5.09128972515464,1,0,1,0,0,0,0,0,0,0,0,0,0,1,ἀνδρείων-μήν (1)
τοῦθ,ανδρει,5.05869999155402,1,0,1,0,0,0,0,0,0,1,0,0,0,0,ἀνδρείαν-τοῦθ (1)
εἴπερ,ανδρει,5.02606138028204,2,2,0,0,0,0,2,0,0,0,0,0,0,0,"ἀνδρεῖος-εἴπερ (1), ἀνδρεῖοι-εἴπερ (1)"
μόριον,ανδρει,4.99126250483096,1,0,1,0,0,0,0,0,0,0,0,1,0,0,ἀνδρείας-μόρια (1)
ἐλευθερόω,ανδρει,4.99126250483096,1,0,1,0,0,0,0,0,0,0,0,1,0,0,ἀνδρείους-ἐλευθέρους (1)
δῆλος,ανδρει,4.97052688710392,2,0,2,0,0,0,0,0,0,0,1,0,0,1,"ἀνδρεῖος-δῆλον (1), ἀνδρεία-δῆλον (1)"
ἔσθ,ανδρει,4.95843083411455,1,1,0,0,0,1,0,0,0,0,0,0,0,0,ἀνδρείαν-ἔσθ (1)
ῥώμη,ανδρει,4.95843083411455,1,0,1,0,0,0,0,0,0,0,1,0,0,0,ἀνδρείαν-ῥώμην (1)
γ,ανδρει,4.95484063029289,2,0,2,0,0,0,0,0,0,0,0,0,1,1,"ἀνδρεῖος-γ (1), ἀνδρείαν-γ (1)"
ἄρσην,ανδρει,4.92616421170533,1,1,0,1,0,0,0,0,0,0,0,0,0,0,ἀνδρεῖον-ἄρρεν (1)
κομιδῇ,ανδρει,4.89444411545992,1,0,1,0,0,0,0,0,0,0,0,1,0,0,ἀνδρείαν-κομιδῇ (1)
κίνδυνος,ανδρει,4.89444411545992,1,1,0,0,0,0,0,1,0,0,0,0,0,0,ἀνδρείους-κινδύνοις (1)
οἶσθ,ανδρει,4.8632529117167,1,1,0,0,0,1,0,0,0,0,0,0,0,0,ἀνδρείαν-οἶσθ (1)
μειράκιον,ανδρει,4.8632529117167,1,1,0,0,0,0,1,0,0,0,0,0,0,0,ἀνδρειότατοι-μειρακίων (1)
ἀγάω,ανδρει,4.83257380500436,1,1,0,0,0,0,1,0,0,0,0,0,0,0,ἀνδρείας-ἄγασαι (1)
ἀγών,ανδρει,4.83257380500436,1,1,0,0,0,0,0,1,0,0,0,0,0,0,ἀνδρείᾳ-ἀγών (1)
φέρω,ανδρει,4.82462894357741,2,1,1,0,0,0,1,0,0,0,1,0,0,0,"ἀνδρείως-φέροντες (1), ἀνδρείαν-φέρε (1)"
ὑγιής,ανδρει,4.80239079706371,1,0,1,0,0,0,0,0,0,0,0,0,0,1,ἀνδρείας-ὑγιής (1)
εὐθύδημος,ανδρει,4.77268861606717,1,1,0,0,0,0,1,0,0,0,0,0,0,0,ἀνδρείως-εὐθύδημος (1)
τεκμήριον,ανδρει,4.77268861606717,1,0,1,0,0,0,0,0,0,0,0,0,0,1,ἀνδρείαν-τεκμηρίῳ (1)
ὁρίζω,ανδρει,4.77268861606717,1,1,0,0,0,0,1,0,0,0,0,0,0,0,ἀνδρείαν-ὁρίζεσθαι (1)
θαρσέω,ανδρει,4.77268861606717,1,1,0,1,0,0,0,0,0,0,0,0,0,0,ἀνδρείως-θαρρῶν (1)
ἐλασσόω,ανδρει,4.77268861606717,1,0,1,0,0,0,0,0,0,0,0,1,0,0,ἀνδρείαν-ἐλάττους (1)
ἡττάω,ανδρει,4.77268861606717,1,1,0,1,0,0,0,0,0,0,0,0,0,0,ἀνδρείου-ἥττων (1)
μηχανή,ανδρει,4.74345269240439,1,0,1,0,0,0,0,0,0,0,0,1,0,0,ἀνδρείαις-μηχαναῖς (1)
νέος,ανδρει,4.74345269240439,1,1,0,0,1,0,0,0,0,0,0,0,0,0,ἀνδρεῖος-νέος (1)
ἄνθρωπος,ἀνδρεῖα,4.72337258607149,1,0,1,0,0,0,0,0,0,0,0,1,0,0,ἀνδρείων-ἀνθρώπων (1)
κτέομαι,ανδρει,4.71466910466552,1,1,0,0,0,0,1,0,0,0,0,0,0,0,ἀνδρεῖον-ἐκτήσεται (1)
πόλεμος,ανδρει,4.71466910466552,1,1,0,0,1,0,0,0,0,0,0,0,0,0,ἀνδρειότερον-πολέμῳ (1)
πολεμόω,ανδρει,4.71466910466552,1,1,0,0,1,0,0,0,0,0,0,0,0,0,ἀνδρεῖοι-πολέμου (1)
θείης,ανδρει,4.68632455356419,1,0,1,0,0,0,0,0,0,0,1,0,0,0,ἀνδρείας-θείας (1)
ἐξευρίσκω,ανδρει,4.65840630233288,1,1,0,0,0,0,1,0,0,0,0,0,0,0,ἀνδρείας-ἐξευρεῖν (1)
κτῆμα,ανδρει,4.65840630233288,1,0,1,0,0,0,0,0,0,1,0,0,0,0,ἀνδρείαν-κτῆμα (1)
μέλος,ανδρει,4.5770901106298,1,0,1,0,0,0,0,0,0,0,0,1,0,0,ἀνδρείου-μέλος (1)
προθυμέομαι,ανδρει,4.55076027102768,1,1,0,0,1,0,0,0,0,0,0,0,0,0,ἀνδρείας-προθυμουμένους (1)
οὔπω,ανδρει,4.55076027102768,1,0,1,0,0,0,0,0,0,0,1,0,0,0,ἀνδρείαν-οὔπω (1)
τάχ,ανδρει,4.52480070106685,1,0,1,0,0,0,0,0,0,1,0,0,0,0,ἀνδρειότατε-τάχ (1)
χρεών,ανδρει,4.52480070106685,1,1,0,0,0,0,0,1,0,0,0,0,0,0,ἀνδρεῖος-χρεών (1)
τέταρτος,ανδρει,4.49920152872801,1,1,0,0,0,0,1,0,0,0,0,0,0,0,ἀνδρεία-τέταρτον (1)
λεκτέος,ανδρει,4.47395326197147,1,0,1,0,0,0,0,0,0,0,0,0,0,1,ἀνδρεῖοι-λεκτέον (1)
ἄφρων,ανδρει,4.47395326197147,1,1,0,0,0,0,1,0,0,0,0,0,0,0,ἀνδρείαν-ἄφρονα (1)
γλαυκόω,ανδρει,4.44904679246247,1,1,0,0,1,0,0,0,0,0,0,0,0,0,ἀνδρειότατος-γλαύκων (1)
ἀγαθός,ἀνδρεῖα,4.44018470868468,1,0,1,0,0,0,0,0,0,0,0,1,0,0,ἀνδρείων-ἀγαθῶν (1)
ἀληθής,ανδρει,4.42737622745335,3,0,3,0,0,0,0,0,0,0,1,0,2,0,"ἀνδρειοτέρου-ἀληθῆ (1), ἀνδρεία-ἀληθῆ (1), ἀνδρείαν-ἀληθέστατα (1)"
ἀποβλέπω,ανδρει,4.42447335459292,1,1,0,0,1,0,0,0,0,0,0,0,0,0,ἀνδρείαν-ἀποβλέψας (1)
φυλάσσω,ανδρει,4.37629215233028,1,0,1,0,0,0,0,0,0,1,0,0,0,0,ἀνδρεῖος-φυλαττόμενος (1)
οὔκουν,ανδρει,4.37629215233028,1,0,1,0,0,0,0,0,0,0,1,0,0,0,ἀνδρείας-οὔκουν (1)
σωτηρία,ανδρει,4.35266846045852,1,0,1,0,0,0,0,0,0,0,0,1,0,0,ἀνδρείαν-σωτηρίαν (1)
ποθεν,ανδρει,4.32934590429068,1,1,0,0,1,0,0,0,0,0,0,0,0,0,ἀνδρείαν-ποθεν (1)
λαμβάνω,ανδρει,4.32781209424138,2,1,1,0,0,0,0,1,0,0,1,0,0,0,"ἀνδρείας-λαμβάνειν (1), ἀνδρεία-λαμβανομένη (1)"
ἰσόω,ανδρει,4.27740514092147,2,0,2,0,0,0,0,0,0,0,0,0,2,0,"ἀνδρεῖον-ἴσως (1), ἀνδρείως-ἴσως (1)"
κατά,ἀνδρεῖα,4.2755533978343,1,0,1,0,0,0,0,0,0,0,1,0,0,0,ἀνδρείων-κατά (1)
μάλιστα,ανδρει,4.25872450508177,2,0,2,0,0,0,0,0,0,0,0,1,1,0,ἀνδρεία-μάλιστα (2)
ἅπας,ανδρει,4.25872450508177,2,1,1,0,0,1,0,0,0,0,0,0,1,0,"ἀνδρειότατος-ἅπαντα (1), ἀνδρείαν-ἅπαντα (1)"
σιμμίας,ανδρει,4.2389257568866,1,1,0,1,0,0,0,0,0,0,0,0,0,0,ἀνδρεία-σιμμία (1)
κοινωνέω,ανδρει,4.2389257568866,1,1,0,0,0,0,1,0,0,0,0,0,0,0,ἀνδρείου-κοινωνεῖν (1)
ἐντυγχάνω,ανδρει,4.2389257568866,1,0,1,0,0,0,0,0,0,1,0,0,0,0,ἀνδρείαν-ἐντετυχηκότα (1)
πυνθάνομαι,ανδρει,4.19534559361637,1,1,0,1,0,0,0,0,0,0,0,0,0,0,ἀνδρείαν-πυνθανόμην (1)
πρότερος,ανδρει,4.19480072706938,3,1,2,0,0,0,1,0,0,2,0,0,0,0,"ἀνδρείαν-πρῶτον (2), ἀνδρείας-πρῶτον (1)"
ἐραστός,ανδρει,4.1739415153861,1,1,0,0,0,0,0,1,0,0,0,0,0,0,ἀνδρείους-ἐραστάς (1)
νοέω,ανδρει,4.1739415153861,1,0,1,0,0,0,0,0,0,0,0,0,0,1,ἀνδρεῖοι-νοήσωσιν (1)
δί,ανδρει,4.15278714708984,1,0,1,0,0,0,0,0,0,0,0,0,0,1,ἀνδρεῖον-δί (1)
διδακτός,ανδρει,4.15278714708984,1,0,1,0,0,0,0,0,0,0,0,0,0,1,ἀνδρεία-διδακτόν (1)
καλός,ἀνδρεῖα,4.14082057401538,1,0,1,0,0,0,0,0,0,1,0,0,0,0,ἀνδρείων-καλά (1)
κακία,ανδρει,4.1112057492137,1,0,1,0,0,0,0,0,0,0,0,0,1,0,ἀνδρείαν-κακίας (1)
ἐλαύνω,ανδρει,4.1112057492137,1,0,1,0,0,0,0,0,0,0,0,0,1,0,ἀνδρεῖος-ἐλάττω (1)
λείπω,ανδρει,4.09076827205718,1,1,0,0,0,0,0,1,0,0,0,0,0,0,ἀνδρείαν-λείπεται (1)
ἐρῶ,ανδρει,4.06081992946565,2,1,1,0,0,0,0,1,0,0,0,0,1,0,"ἀνδρείαν-ἐρῶ (1), ἀνδρείαν-εἰρημένοις (1)"
σημαίνω,ανδρει,4.0112589020282,1,0,1,0,0,0,0,0,0,0,1,0,0,0,ἀνδρεία-σημαίνει (1)
ἐσθίω,ανδρει,4.0112589020282,1,1,0,0,1,0,0,0,0,0,0,0,0,0,ἀνδρεία-ἔδει (1)
γένος,ανδρει,4.00344937108457,2,1,1,0,0,1,0,0,0,1,0,0,0,0,"ἀνδρειότατον-γένος (1), ἀνδρείαν-γένος (1)"
τάχος,ανδρει,3.9919187091291,1,0,1,0,0,0,0,0,0,0,0,0,1,0,ἀνδρείᾳ-τάχει (1)
ἰδιώτης,ανδρει,3.9919187091291,1,0,1,0,0,0,0,0,0,1,0,0,0,0,ἀνδρεῖος-ἰδιώτης (1)
τέμνω,ανδρει,3.9919187091291,1,0,1,0,0,0,0,0,0,0,1,0,0,0,ἀνδρείως-τέμνειν (1)
εἴρω,ανδρει,3.9919187091291,1,0,1,0,0,0,0,0,0,0,0,1,0,0,ἀνδρείας-εἴρηται (1)
ἑαυτοῦ,ἀνδρεῖα,3.97763565741479,1,0,1,0,0,0,0,0,0,0,0,0,0,1,ἀνδρείων-αὑτοῦ (1)
αἰσχύνω,ανδρει,3.93511869013309,1,1,0,0,0,0,0,1,0,0,0,0,0,0,ἀνδρεῖος-αἰσχυνθῇς (1)
θάλασσα,ανδρει,3.89822941459715,1,1,0,0,0,0,1,0,0,0,0,0,0,0,ἀνδρείους-θάλατταν (1)
ἀπορία,ανδρει,3.89822941459715,1,0,1,0,0,0,0,0,0,0,0,0,0,1,ἀνδρείαν-ἀπορίας (1)
πιστεύω,ανδρει,3.89822941459715,1,1,0,0,0,1,0,0,0,0,0,0,0,0,ἀνδρείαν-πιστεύεις (1)
πόνος,ανδρει,3.8800666872412,1,0,1,0,0,0,0,0,0,0,0,0,0,1,ἀνδρείας-πόνων (1)
πλούσιος,ανδρει,3.8800666872412,1,1,0,0,1,0,0,0,0,0,0,0,0,0,ἀνδρεῖον-πλούσιον (1)
τυγχάνω,ανδρει,3.84874682128429,2,1,1,0,0,0,1,0,0,0,1,0,0,0,"ἀνδρειότατος-τυγχάνει (1), ἀνδρείως-τυγχάνειν (1)"
πολέμων,ανδρει,3.82666372694075,1,0,1,0,0,0,0,0,0,0,0,0,1,0,ἀνδρεῖοι-πόλεμον (1)
παρασκευάζω,ανδρει,3.80921328626573,1,0,1,0,0,0,0,0,0,0,0,0,1,0,ἀνδρειότατος-παρασκευάζων (1)
βίος,ανδρει,3.80921328626573,1,1,0,1,0,0,0,0,0,0,0,0,0,0,ἀνδρείως-βίῳ (1)
κακός,ανδρει,3.7797320522368,2,0,2,0,0,0,0,0,0,0,0,1,1,0,"ἀνδρείαν-κακίστοις (1), ἀνδρείαν-κακόν (1)"
ἤπειρος,ανδρει,3.77481902390718,1,0,1,0,0,0,0,0,0,1,0,0,0,0,ἀνδρείαν-ἄπειρος (1)
ἀλλά,ἀνδρεῖα,3.76222517713904,1,0,1,0,0,0,0,0,0,0,0,0,1,0,ἀνδρείων-ἀλλά (1)
ταῦτά,ανδρει,3.74108008109033,1,0,1,0,0,0,0,0,0,0,0,1,0,0,ἀνδρεῖοι-ταῦτά (1)
συγγενής,ανδρει,3.74108008109033,1,1,0,0,0,1,0,0,0,0,0,0,0,0,ἀνδρείας-συγγενής (1)
ζῳόω,ανδρει,3.70797335356474,1,1,0,1,0,0,0,0,0,0,0,0,0,0,ἀνδρείας-ζῴου (1)
ἀλλήλων,ανδρει,3.70218590274453,2,1,1,0,1,0,0,0,0,0,1,0,0,0,"ἀνδρεία-ἀλλήλοις (1), ἀνδρείαν-ἀλλήλων (1)"
ταχύς,ανδρει,3.69165018387139,1,0,1,0,0,0,0,0,0,0,0,0,0,1,ἀνδρεῖον-ταχύ (1)
τάσσω,ανδρει,3.69165018387139,1,0,1,0,0,0,0,0,0,1,0,0,0,0,ἀνδρεῖοι-ταξαμένους (1)
ὠφελέω,ανδρει,3.61223302967846,1,1,0,0,0,0,1,0,0,0,0,0,0,0,ἀνδρεία-ὠφελεῖ (1)
ἄξιος,ανδρει,3.59677228145301,1,1,0,0,0,0,1,0,0,0,0,0,0,0,ἀνδρεῖοι-ἄξιοι (1)
ετ,ανδρει,3.56625504791737,1,1,0,1,0,0,0,0,0,0,0,0,0,0,ἀνδρειότατε-ετ (1)
καίτοι,ανδρει,3.56625504791737,1,1,0,0,1,0,0,0,0,0,0,0,0,0,ἀνδρείαν-καίτοι (1)
κήλη,ανδρει,3.53626241348684,1,1,0,0,1,0,0,0,0,0,0,0,0,0,ἀνδρείαν-καλῶν (1)
ἐφ,ανδρει,3.50677778944373,1,0,1,0,0,0,0,0,0,0,1,0,0,0,ἀνδρείους-ἐφ (1)
νεάω,ανδρει,3.49222100898623,1,0,1,0,0,0,0,0,0,0,0,0,1,0,ἀνδρείας-νέων (1)
φιλόσοφος,ανδρει,3.49222100898623,1,0,1,0,0,0,0,0,0,0,0,0,1,0,ἀνδρείου-φιλοσόφου (1)
εἶναί,ανδρει,3.49222100898623,1,1,0,0,1,0,0,0,0,0,0,0,0,0,ἀνδρεῖον-εἶναί (1)
γένεσις,ανδρει,3.47778535448015,1,0,1,0,0,0,0,0,0,0,0,0,1,0,ἀνδρεία-γενέσεσιν (1)
φεύγω,ανδρει,3.42121740616858,1,1,0,0,1,0,0,0,0,0,0,0,0,0,ἀνδρεῖος-φεύγοι (1)
πρός,ἀνδρεῖα,3.41529892757535,1,1,0,0,1,0,0,0,0,0,0,0,0,0,ἀνδρείων-πρός (1)
αὐτοῦ,ανδρει,3.39876297675073,2,1,1,0,0,0,1,0,0,0,0,0,1,0,"ἀνδρείας-αὐτοῦ (1), ἀνδρείαν-αὐτοῦ (1)"
δοκόω,ανδρει,3.37997610121965,1,0,1,0,0,0,0,0,0,0,1,0,0,0,ἀνδρείαν-δοκοῦμεν (1)
ῥητορικός,ανδρει,3.36644582636654,1,0,1,0,0,0,0,0,0,0,0,1,0,0,ἀνδρείου-ῥητορικοῦ (1)
τοτέ,ανδρει,3.33970112726092,1,1,0,0,1,0,0,0,0,0,0,0,0,0,ἀνδρεία-τοτέ (1)
μηδείς,ανδρει,3.32692753896117,2,1,1,0,0,1,0,0,0,0,0,0,1,0,"ἀνδρείαν-μηδέν (1), ἀνδρείαν-μηδενός (1)"
χρήσιμος,ανδρει,3.32648368738592,1,0,1,0,0,0,0,0,0,0,0,0,1,0,ἀνδρείαν-χρήσιμον (1)
ἀδικία,ανδρει,3.32648368738592,1,0,1,0,0,0,0,0,0,0,0,0,1,0,ἀνδρείαν-ἀδικία (1)
δῆτα,ανδρει,3.32648368738592,1,1,0,0,0,0,1,0,0,0,0,0,0,0,ἀνδρεῖον-δῆτα (1)
σχῆμα,ανδρει,3.32648368738592,1,0,1,0,0,0,0,0,0,1,0,0,0,0,ἀνδρείου-σχῆμα (1)
ἰδέω,ανδρει,3.26188823208213,1,1,0,0,1,0,0,0,0,0,0,0,0,0,ἀνδρείου-ἰδεῖν (1)
φιλοσοφία,ανδρει,3.26188823208213,1,1,0,0,0,1,0,0,0,0,0,0,0,0,ἀνδρείαν-φιλοσοφίας (1)
ἅτε,ανδρει,3.19965604878962,1,1,0,0,0,0,0,1,0,0,0,0,0,0,ἀνδρειότατοι-ἅτε (1)
παιδεία,ανδρει,3.18747933767736,1,1,0,0,1,0,0,0,0,0,0,0,0,0,ἀνδρείαν-παιδείᾳ (1)
φοβέω,ανδρει,3.18747933767736,1,0,1,0,0,0,0,0,0,0,0,0,1,0,ἀνδρεῖοι-φοβοῦνται (1)
ἀθηναῖος,ανδρει,3.17538976855576,1,0,1,0,0,0,0,0,0,0,0,0,0,1,ἀνδρεῖοι-ἀθηναίων (1)
νικάω,ανδρει,3.16338620334864,1,0,1,0,0,0,0,0,0,0,0,0,0,1,ἀνδρείους-νικᾶν (1)
παράπαν,ανδρει,3.1396326366812,1,0,1,0,0,0,0,0,0,0,0,1,0,0,ἀνδρεῖον-παράπαν (1)
χωρίς,ανδρει,3.1396326366812,1,1,0,0,1,0,0,0,0,0,0,0,0,0,ἀνδρείας-χωρίς (1)
δείκνυμι,ανδρει,3.09310980886221,1,0,1,0,0,0,0,0,0,0,0,0,0,1,ἀνδρείας-δέξαιο (1)
ζεύς,ανδρει,3.09310980886221,1,0,1,0,0,0,0,0,0,0,0,1,0,0,ἀνδρεῖον-διός (1)
διαιρέω,ανδρει,3.08167816326022,1,0,1,0,0,0,0,0,0,1,0,0,0,0,ἀνδρειότατα-διῄρησαι (1)
ἀπαλλάσσω,ανδρει,3.07032416015863,1,0,1,0,0,0,0,0,0,0,1,0,0,0,ἀνδρείως-ἀπαλλάττοις (1)
νομοθέτης,ανδρει,3.07032416015863,1,0,1,0,0,0,0,0,0,0,0,1,0,0,ἀνδρείαν-νομοθέτῃ (1)
ἐλάσσων,ανδρει,3.05904684215784,1,0,1,0,0,0,0,0,0,0,0,0,1,0,ἀνδρείας-ἐλάττονα (1)
ὀνομάζω,ανδρει,3.01468585059047,1,1,0,0,0,0,0,1,0,0,0,0,0,0,ἀνδρεία-ὀνομαζομένη (1)
ὕστερος,ανδρει,3.00377817824483,1,0,1,0,0,0,0,0,0,0,0,0,1,0,ἀνδρειότατος-ὕστερον (1)
λυπέω,ανδρει,3.00377817824483,1,1,0,0,1,0,0,0,0,0,0,0,0,0,ἀνδρεῖοι-λυποῦνται (1)
δηλόω,ανδρει,2.98217586241663,1,1,0,0,1,0,0,0,0,0,0,0,0,0,ἀνδρεῖον-δηλοῖ (1)
μεν,ανδρει,2.98217586241663,1,1,0,0,0,0,1,0,0,0,0,0,0,0,ἀνδρεία-μεν (1)
οἷός,ανδρει,2.97147954069078,1,0,1,0,0,0,0,0,0,0,0,0,0,1,ἀνδρείαν-οἷός (1)
βλάπτω,ανδρει,2.97147954069078,1,1,0,1,0,0,0,0,0,0,0,0,0,0,ἀνδρεία-βλάπτει (1)
τρέφω,ανδρει,2.96085202135146,1,1,0,0,0,0,0,1,0,0,0,0,0,0,ἀνδρεῖον-τραφέν (1)
βλέπω,ανδρει,2.95029250904918,1,1,0,1,0,0,0,0,0,0,0,0,0,0,ἀνδρείαν-βλέπων (1)
κρ,ανδρει,2.93980020657182,1,0,1,0,0,0,0,0,0,0,0,1,0,0,ἀνδρείως-κρ (1)
ἐννοέω,ανδρει,2.85819159820676,1,1,0,1,0,0,0,0,0,0,0,0,0,0,ἀνδρείαν-ἐννοῆσαι (1)
εὐδαίμων,ανδρει,2.84827100671828,1,0,1,0,0,0,0,0,0,0,0,1,0,0,ἀνδρείας-εὐδαίμονα (1)
συγχωρέω,ανδρει,2.84827100671828,1,0,1,0,0,0,0,0,0,0,1,0,0,0,ἀνδρείαν-συγχωρεῖν (1)
φανάω,ανδρει,2.78998606838286,1,1,0,0,0,0,0,1,0,0,0,0,0,0,ἀνδρείας-ἐφάνης (1)
δῖος,ανδρει,2.72454060986638,1,0,1,0,0,0,0,0,0,0,0,0,0,1,ἀνδρεία-δία (1)
κεῖμαι,ανδρει,2.72454060986638,1,1,0,1,0,0,0,0,0,0,0,0,0,0,ἀνδρεῖον-κέηται (1)
πολίτης,ανδρει,2.67937528900802,1,0,1,0,0,0,0,0,0,0,0,0,0,1,ἀνδρεῖοι-πολιτῶν (1)
ἑκών,ανδρει,2.67049350775778,1,0,1,0,0,0,0,0,0,0,0,0,0,1,ἀνδρεῖον-ἑκών (1)
ἐπαινέω,ανδρει,2.63545417971909,1,1,0,0,0,0,1,0,0,0,0,0,0,0,ἀνδρεία-ἐπῃνεῖτο (1)
πειράζω,ανδρει,2.6096736676991,1,1,0,0,0,0,1,0,0,0,0,0,0,0,ἀνδρείαν-πειρῶ (1)
τρίτος,ανδρει,2.60117277689278,1,0,1,0,0,0,0,0,0,0,1,0,0,0,ἀνδρείας-τρίτον (1)
ὁμοιόω,ανδρει,2.60117277689278,1,0,1,0,0,0,0,0,0,0,0,0,0,1,ἀνδρεῖοι-ὁμοίως (1)
ἔμπροσθεν,ανδρει,2.59271745756269,1,0,1,0,0,0,0,0,0,0,0,0,0,1,ἀνδρεία-ἔμπροσθεν (1)
ἀπεργάζομαι,ανδρει,2.57594180852175,1,1,0,0,0,1,0,0,0,0,0,0,0,0,ἀνδρείους-ἀπεργαζομένη (1)
ὁμοῖος,ανδρει,2.48675671778619,1,0,1,0,0,0,0,0,0,0,0,0,1,0,ἀνδρείας-ὅμοιον (1)
σωκρατέω,ανδρει,2.47889666818082,1,1,0,1,0,0,0,0,0,0,0,0,0,0,ἀνδρείαν-σωκράτη (1)
ἱκανός,ανδρει,2.471076304093,1,1,0,0,1,0,0,0,0,0,0,0,0,0,ἀνδρείαν-ἱκανόν (1)
φύσις,ανδρει,2.44018473476171,1,0,1,0,0,0,0,0,0,0,0,1,0,0,ἀνδρεία-φύσεως (1)
ἐπ,ανδρει,2.42496814206243,1,0,1,0,0,0,0,0,0,0,0,0,1,0,ἀνδρείαν-ἐπ (1)
χαίρω,ανδρει,2.38020398654044,1,1,0,1,0,0,0,0,0,0,0,0,0,0,ἀνδρεῖοι-χαίρειν (1)
πλεῖστος,ανδρει,2.32249389775097,1,1,0,0,1,0,0,0,0,0,0,0,0,0,ἀνδρείᾳ-πλείστης (1)
”,ανδρει,2.30140784755349,1,0,1,0,0,0,0,0,0,0,1,0,0,0,ἀνδρείαν-” (1)
ἀδύνατος,ανδρει,2.23987143114209,1,0,1,0,0,0,0,0,0,1,0,0,0,0,ἀνδρείου-ἀδύνατος (1)
ὅσπερ,ανδρει,2.13017484545708,1,0,1,0,0,0,0,0,0,0,1,0,0,0,ἀνδρείαν-ὅπερ (1)
μηδέ,ανδρει,2.13017484545708,1,1,0,0,0,0,0,1,0,0,0,0,0,0,ἀνδρεῖος-μηδέ (1)
καθά,ανδρει,2.11164141260087,1,1,0,0,1,0,0,0,0,0,0,0,0,0,ἀνδρείας-καθάπερ (1)
ἐπιχειρέω,ανδρει,2.06334839574993,1,1,0,0,1,0,0,0,0,0,0,0,0,0,ἀνδρεία-ἐπιχειρήσωμεν (1)
ἱκανόω,ανδρει,1.83878895267844,1,0,1,0,0,0,0,0,0,1,0,0,0,0,ἀνδρεῖοι-ἱκανοί (1)
καθ,ανδρει,1.81373691000044,1,0,1,0,0,0,0,0,0,0,0,1,0,0,ἀνδρείαν-καθ (1)
ἄν,ἀνδρεῖα,1.81304361484945,1,0,1,0,0,0,0,0,0,0,0,0,0,1,ἀνδρείων-κα (1)
ἕκαστος,ανδρει,1.79308637604117,2,0,2,0,0,0,0,0,0,0,0,1,1,0,"ἀνδρείᾳ-ἕκαστον (1), ἀνδρείας-ἕκαστον (1)"
τε,ἀνδρεῖα,1.75764656625688,1,1,0,0,0,0,1,0,0,0,0,0,0,0,ἀνδρείων-τε (1)
εἶπος,ανδρει,1.73188491165638,1,1,0,1,0,0,0,0,0,0,0,0,0,0,ἀνδρείαν-εἶπον (1)
δίδωμι,ανδρει,1.68148960545659,1,0,1,0,0,0,0,0,0,0,0,0,0,1,ἀνδρείᾳ-δεδομένη (1)
ὀρθός,ανδρει,1.67700283974409,1,1,0,0,1,0,0,0,0,0,0,0,0,0,ἀνδρεία-ὀρθότατα (1)
ἄρχων,ανδρει,1.63730448670685,1,1,0,0,0,1,0,0,0,0,0,0,0,0,ἀνδρείᾳ-ἄρχοντι (1)
θεός,ανδρει,1.62177337706089,2,0,2,0,0,0,0,0,0,0,1,0,1,0,"ἀνδρεῖον-θεόν (1), ἀνδρείας-θεοῦ (1)"
χόω,ανδρει,1.6157664321363,1,1,0,1,0,0,0,0,0,0,0,0,0,0,ἀνδρειοτάτου-ἔχων (1)
αὐτός,ἀνδρεῖα,1.6099244132638,1,0,1,0,0,0,0,0,0,0,0,0,0,1,ἀνδρείων-αὐτοί (1)
εἶδος,ανδρει,1.60725158266723,1,1,0,0,0,0,1,0,0,0,0,0,0,0,ἀνδρείας-εἴδη (1)
ἀδικέω,ανδρει,1.6030153632164,1,1,0,0,1,0,0,0,0,0,0,0,0,0,ἀνδρειότεροι-ἀδικεῖν (1)
ταύτῃ,ανδρει,1.6030153632164,1,0,1,0,0,0,0,0,0,0,1,0,0,0,ἀνδρεῖοι-ταύτῃ (1)
πολέω,ανδρει,1.52909405715764,1,1,0,1,0,0,0,0,0,0,0,0,0,0,ἀνδρείας-πόλει (1)
ἐάν,ανδρει,1.46607950143516,2,1,1,0,0,0,1,0,0,0,1,0,0,0,ἀνδρεῖος-ἐάν (2)
νόος,ανδρει,1.44062604568899,1,0,1,0,0,0,0,0,0,0,0,0,0,1,ἀνδρείαν-νοῦν (1)
οἰάω,ανδρει,1.43322866596282,1,1,0,0,0,0,1,0,0,0,0,0,0,0,ἀνδρείαν-οἴει (1)
ἔργον,ανδρει,1.41493226774037,1,0,1,0,0,0,0,0,0,0,0,0,1,0,ἀνδρείας-ἔργον (1)
παρ,ανδρει,1.3721358217299,1,0,1,0,0,0,0,0,0,1,0,0,0,0,ἀνδρεῖον-παρ (1)
νε,ανδρει,1.36515166796744,1,0,1,0,0,0,0,0,0,1,0,0,0,0,ἀνδρείας-νε (1)
ὄντα,ανδρει,1.35820894315839,1,1,0,0,0,0,1,0,0,0,0,0,0,0,ἀνδρεῖον-ὄντα (1)
δύο,ανδρει,1.31073889322579,1,0,1,0,0,0,0,0,0,0,0,1,0,0,ἀνδρείαν-δύο (1)
δυνατός,ανδρει,1.29098004847765,1,1,0,0,0,1,0,0,0,0,0,0,0,0,ἀνδρείας-δυνατός (1)
πλείων,ανδρει,1.2430435679853,1,1,0,0,0,1,0,0,0,0,0,0,0,0,ἀνδρεῖον-πλέον (1)
δύναμαι,ανδρει,1.23680460453033,1,1,0,0,0,1,0,0,0,0,0,0,0,0,ἀνδρείου-δυναμένους (1)
τρόπος,ανδρει,1.21829624474049,1,0,1,0,0,0,0,0,0,0,1,0,0,0,ἀνδρεία-τρόπῳ (1)
χράω,ανδρει,1.16458245366812,1,1,0,0,1,0,0,0,0,0,0,0,0,0,ἀνδρείας-χρώμενοι (1)
ἦδος,ανδρει,1.15300130471587,1,0,1,0,0,0,0,0,0,0,0,0,0,1,ἀνδρείαν-ἤδη (1)
κενόω,ανδρει,1.09966201148927,1,0,1,0,0,0,0,0,0,0,0,0,1,0,ἀνδρεία-ἐκείνων (1)
ἐθέλω,ανδρει,1.09420285373926,1,0,1,0,0,0,0,0,0,0,0,0,1,0,ἀνδρεῖος-ἐθελήσει (1)
ἡμῶν,ανδρει,1.08606796339154,1,1,0,0,0,1,0,0,0,0,0,0,0,0,ἀνδρεία-ἡμῶν (1)
πρω,ανδρει,1.01313420385122,1,0,1,0,0,0,0,0,0,0,1,0,0,0,ἀνδρείους-πρω (1)
ὁράω,ανδρει,0.922114061191678,1,1,0,0,0,1,0,0,0,0,0,0,0,0,ἀνδρεῖος-ὁρᾶν (1)
μήτε,ανδρει,0.90402303263545,1,1,0,1,0,0,0,0,0,0,0,0,0,0,ἀνδρεῖος-μήτε (1)
τότε,ανδρει,0.856052445247769,1,0,1,0,0,0,0,0,0,0,0,0,0,1,ἀνδρεῖοι-τότε (1)
πράσσω,ανδρει,0.720872279256582,1,1,0,1,0,0,0,0,0,0,0,0,0,0,ἀνδρεία-ἔπραττεν (1)
ὅδε,ανδρει,0.619541995227337,1,1,0,1,0,0,0,0,0,0,0,0,0,0,ἀνδρεία-τόδε (1)
ὅταν,ανδρει,0.584162743762136,1,0,1,0,0,0,0,0,0,0,0,1,0,0,ἀνδρεῖοι-ὅταν (1)
οὐδέ,ανδρει,0.430450867861509,1,1,0,0,0,1,0,0,0,0,0,0,0,0,ἀνδρεῖος-οὐδέ (1)
ἔτι,ανδρει,0.363769831135869,1,0,1,0,0,0,0,0,0,0,0,0,1,0,ἀνδρείους-ἔτι (1)
ποιέω,ανδρει,0.112742429599166,1,0,1,0,0,0,0,0,0,0,1,0,0,0,ἀνδρειότερον-ποιήσειεν (1)
φρόνησις,ανδρει,0,8,4,4,2,0,1,1,0,0,0,1,1,2,0,"ἀνδρεία-φρόνησις (4), ἀνδρείας-φρονήσεως (2), ἀνδρείας-φρόνησις (1), ἀνδρείως-φρονήσεως (1)"
φρόνις,ανδρει,0,2,0,2,0,0,0,0,0,0,0,1,1,0,0,ἀνδρείαν-φρόνησιν (2)
στ,ανδρει,0,1,0,1,0,0,0,0,0,0,0,0,0,0,1,ἀνδρείαν-στ (1)
ἀνδρ,ανδρει,0,1,0,1,0,0,0,0,0,0,0,0,0,0,1,ἀνδρείαν-ἀνδρ (1)
εινία,ανδρει,0,1,1,0,1,0,0,0,0,0,0,0,0,0,0,ἀνδρείαν-εινία (1)
εξελθεῖν,ανδρει,0,1,1,0,1,0,0,0,0,0,0,0,0,0,0,ἀνδρείας-εξελθεῖν (1)
ερμάτιστα,ανδρει,0,1,1,0,1,0,0,0,0,0,0,0,0,0,0,ἀνδρειότεροι-ερμάτιστα (1)
εροῦντα,ανδρει,0,1,1,0,1,0,0,0,0,0,0,0,0,0,0,ἀνδρεῖον-εροῦντα (1)
υστυχούντων,ἀνδρεῖα,0,1,1,0,0,0,1,0,0,0,0,0,0,0,0,ἀνδρείων-υστυχούντων (1)
τυχίας,ανδρει,0,1,1,0,1,0,0,0,0,0,0,0,0,0,0,ἀνδρείᾳ-τυχίας (1)
ἔμπειρο,ἀνδρεῖα,0,1,0,1,0,0,0,0,0,0,0,0,0,0,1,ἀνδρείων-ἔμπειρο (1)
ἱεροσύ,ανδρει,0,1,0,1,0,0,0,0,0,0,0,0,0,0,1,ἀνδρείους-ἱεροσύ (1)
είαν,ανδρει,0,1,1,0,1,0,0,0,0,0,0,0,0,0,0,ἀνδρείαν-είαν (1)
είνων,ανδρει,0,1,1,0,1,0,0,0,0,0,0,0,0,0,0,ἀνδρεῖος-είνων (1)
προσαγορεύε,ανδρει,0,1,0,1,0,0,0,0,0,0,0,0,0,1,0,ἀνδρεῖοι-προσαγορεύε (1)
ι,ανδρει,0,1,1,0,1,0,0,0,0,0,0,0,0,0,0,ἀνδρεῖον-ι (1)
ιζόνων,ανδρει,0,1,1,0,1,0,0,0,0,0,0,0,0,0,0,ἀνδρεῖοι-ιζόνων (1)
ιο,ανδρει,0,1,1,0,1,0,0,0,0,0,0,0,0,0,0,ἀνδρείας-ιο (1)
ἐπιχειρε,ανδρει,0,1,0,1,0,0,0,0,0,0,0,0,0,1,0,ἀνδρείους-ἐπιχειρε (1)
ὁμολογ,ανδρει,0,1,0,1,0,0,0,0,0,0,0,0,0,0,1,ἀνδρειότατα-ὁμολογ (1)
πότερο,ανδρει,0,1,0,1,0,0,0,0,0,0,0,0,0,0,1,ἀνδρεία-πότερο (1)
πισκέψασθαι,ανδρει,0,1,1,0,1,0,0,0,0,0,0,0,0,0,0,ἀνδρείους-πισκέψασθαι (1)
γυναι,ανδρει,0,1,0,1,0,0,0,0,0,0,0,0,0,0,1,ἀνδρεῖον-γυναι (1)
γει,ανδρει,0,1,1,0,1,0,0,0,0,0,0,0,0,0,0,ἀνδρείως-γει (1)
γαθά,ανδρει,0,1,1,0,1,0,0,0,0,0,0,0,0,0,0,ἀνδρείους-γαθά (1)
ρίτον,ανδρει,0,1,1,0,1,0,0,0,0,0,0,0,0,0,0,ἀνδρείαν-ρίτον (1)
υνδή,ανδρει,0,1,1,0,1,0,0,0,0,0,0,0,0,0,0,ἀνδρεία-υνδή (1)
καίως,ανδρει,0,1,1,0,1,0,0,0,0,0,0,0,0,0,0,ἀνδρεῖοι-καίως (1)
στημονοφυ,ανδρει,0,1,0,1,0,0,0,0,0,0,0,0,0,1,0,ἀνδρείαν-στημονοφυ (1)
ὁσιότης,ανδρει,0,1,0,1,0,0,0,0,0,0,0,0,0,1,0,ἀνδρεία-ὁσιότης (1)
ὁσιόω,ανδρει,0,1,0,1,0,0,0,0,0,0,0,1,0,0,0,ἀνδρείους-ὁσίους (1)
ἀνανδρότερο,ανδρει,0,1,0,1,0,0,0,0,0,0,0,0,0,0,1,ἀνδρειότατον-ἀνανδρότερο (1)
ἐπιγιγνομ,ανδρει,0,1,0,1,0,0,0,0,0,0,0,0,0,0,1,ἀνδρειότατος-ἐπιγιγνομ (1)
ὅσιος,ανδρει,0,1,0,1,0,0,0,0,0,0,0,1,0,0,0,ἀνδρεῖον-ὅσιον (1)
ἐνθένδ,ανδρει,0,1,0,1,0,0,0,0,0,0,0,0,0,0,1,ἀνδρεία-ἐνθένδ (1)
τοιαύ,ανδρει,0,1,0,1,0,0,0,0,0,0,0,0,0,0,1,ἀνδρείας-τοιαύ (1)
ὅτα,ανδρει,0,1,0,1,0,0,0,0,0,0,0,0,0,0,1,ἀνδρεῖοι-ὅτα (1)
λθοῦσαι,ανδρει,0,1,1,0,1,0,0,0,0,0,0,0,0,0,0,ἀνδρείας-λθοῦσαι (1)
ατοί,ανδρει,0,1,1,0,1,0,0,0,0,0,0,0,0,0,0,ἀνδρειότατοι-ατοί (1)
π,ανδρει,0,1,0,1,0,0,0,0,0,0,0,0,0,0,1,ἀνδρείως-π (1)
μεγαλοπρεπε,ανδρει,0,1,0,1,0,0,0,0,0,0,0,0,0,1,0,ἀνδρείας-μεγαλοπρεπε (1)
φαίνομα,ανδρει,0,1,0,1,0,0,0,0,0,0,0,0,0,0,1,ἀνδρείας-φαίνομα (1)
ούτοις,ανδρει,0,1,1,0,1,0,0,0,0,0,0,0,0,0,0,ἀνδρείους-ούτοις (1)
μιμήσον,ἀνδρεῖα,0,1,0,1,0,0,0,0,0,0,0,0,0,1,0,ἀνδρείων-μιμήσον (1)
μό,ανδρει,0,1,0,1,0,0,0,0,0,0,0,0,0,1,0,ἀνδρείαν-μό (1)
έγοντι,ανδρει,0,1,1,0,0,1,0,0,0,0,0,0,0,0,0,ἀνδρείαν-έγοντι (1)
ί,ανδρει,0,1,1,0,1,0,0,0,0,0,0,0,0,0,0,ἀνδρείαν-ί (1)
χρημ,ανδρει,0,1,0,1,0,0,0,0,0,0,0,0,0,0,1,ἀνδρεῖος-χρημ (1)
τον,ανδρει,0,1,1,0,1,0,0,0,0,0,0,0,0,0,0,ἀνδρεία-τον (1)
φη,ανδρει,0,1,1,0,1,0,0,0,0,0,0,0,0,0,0,ἀνδρεία-φη (1)
ῶν,ανδρει,0,1,1,0,1,0,0,0,0,0,0,0,0,0,0,ἀνδρείους-ῶν (1)
ἐκε,ανδρει,0,1,0,1,0,0,0,0,0,0,0,0,0,0,1,ἀνδρεῖοι-ἐκε (1)
ολαῖς,ανδρει,0,1,1,0,0,1,0,0,0,0,0,0,0,0,0,ἀνδρείας-ολαῖς (1)
ἀληθ,ανδρει,0,1,0,1,0,0,0,0,0,0,0,0,0,0,1,ἀνδρεία-ἀληθ (1)
ονήσεως,ανδρει,0,1,1,0,0,1,0,0,0,0,0,0,0,0,0,ἀνδρειότερον-ονήσεως (1)
κέω,ανδρει,0,1,1,0,1,0,0,0,0,0,0,0,0,0,0,ἀνδρείᾳ-κοῦντες (1)
ἀνδρεῖα,ἀνδρεῖα,0,0,0,0,0,0,0,0,0,9,0,0,0,0,0,ἀνδρείων-ἀνδρείων (0)
