Absolutte værdier,,,,,,,,,,,,,,,,,,,,,,,,,,,,,,,,,
Navn,ἀνδρει-,ἀνδρεία,ἀνδρεῖος,δικαι-,δίκαιος,δικαιοσύνη,δικαιόω,σοφ-,σοφία,σοφός,σωφρ-,σωφροσύνη,σώφρων,σώφρονεω,φρον-,φρονέω,φρόνησις,φρόνιμος,φρόντις,εὐσεβ-,εὐσέβεια,εὐσεβέω,εὐσεβής,ὁσι-,ὅσιος,ὁσιότης,τὸ καλόν,ἐπιστ-,ἐπίσταμαι,ἐπιστήμη,ἐπιστήμων,Total x,Word count
Homer,13,13,0,16,16,0,0,1,1,0,4,2,2,0,101,101,0,0,0,0,0,0,0,2,2,0,224,43,42,0,1,404,203247
Hesiod,1,1,0,10,10,0,0,2,1,1,0,0,0,0,6,6,0,0,0,0,0,0,0,0,0,0,18,3,3,0,0,40,28836
Solon,0,0,0,0,0,0,0,2,1,1,0,0,0,0,0,0,0,0,0,0,0,0,0,0,0,0,3,2,2,0,0,7,1845
Theognis,0,0,0,22,21,1,0,21,10,11,11,4,7,0,5,4,0,0,1,4,1,0,3,1,1,0,22,11,11,0,0,97,10199
Heraklit,0,0,0,3,3,0,0,11,3,8,2,0,0,2,4,2,1,1,0,0,0,0,0,0,0,0,2,3,3,0,0,25,3600
Aeschylos,5,5,0,65,60,0,5,28,0,28,23,0,13,10,50,33,0,2,15,17,3,3,11,7,7,0,27,25,23,2,0,247,84412
Pindar,6,6,0,8,7,0,1,59,20,39,5,0,5,0,13,6,0,0,7,4,1,,3,1,1,0,51,4,4,0,0,151,31112
Anaxagoras,0,0,0,1,1,0,0,2,1,1,0,0,0,0,2,0,0,2,0,0,0,0,0,0,0,0,0,0,0,0,0,5,2059
Sofokles,4,2,2,81,72,0,9,46,3,43,18,0,11,7,123,98,3,3,19,21,5,8,8,5,5,0,58,41,36,5,0,397,80062
Empedokles,2,0,2,9,7,2,0,9,3,6,0,0,0,0,12,6,4,0,2,1,0,0,1,3,3,0,14,0,0,0,0,50,12288
Gorgias,0,0,0,16,14,0,2,19,11,8,0,0,1,0,32,27,1,4,0,3,1,1,1,1,1,0,4,4,1,2,1,79,7074
Herodot,12,3,9,103,63,8,32,49,20,29,7,0,4,3,40,32,0,3,5,2,0,0,2,18,18,0,55,118,118,0,0,404,189489
Ion,2,2,0,0,0,0,0,5,2,3,0,0,0,0,0,0,0,0,0,0,0,0,0,0,0,0,3,2,2,0,0,12,223
Euripides,15,3,2,273,263,1,9,263,15,248,126,6,82,38,194,169,2,2,21,70,10,24,36,60,60,0,230,52,50,1,1,1283,175948
Antifon (Orat.),1,0,1,98,98,0,0,0,0,0,3,0,1,2,3,2,0,0,1,14,7,3,4,23,23,0,11,16,16,0,0,169,21715
Antifon (Soph.),1,1,0,11,9,2,0,1,1,0,6,3,2,1,3,2,0,1,0,0,0,0,0,0,0,0,7,0,0,0,0,29,5062
Thucydid,23,7,16,108,102,1,5,1,0,1,37,7,21,9,12,12,0,0,0,1,1,0,0,8,8,0,47,48,32,14,2,285,153292
Demokrit,3,1,2,10,9,1,0,30,11,19,8,4,1,3,25,14,8,1,2,0,0,0,0,1,1,0,17,4,3,1,0,98,14834
Kritias,0,0,0,3,3,0,0,9,0,9,1,1,0,0,9,8,0,0,1,0,0,0,0,0,0,0,12,0,0,0,0,34,3715
Aristofanes,20,4,16,93,93,0,0,105,14,91,32,4,18,10,46,29,0,6,11,2,0,0,2,8,8,0,87,12,12,0,0,405,112946
Eupolis,2,0,2,16,14,2,0,5,0,5,2,0,0,2,7,6,0,0,1,0,0,0,0,0,0,0,1,6,6,0,0,39,5740
Lysias,1,0,1,164,159,4,1,2,1,1,14,1,11,2,9,9,0,0,0,7,2,1,4,6,6,0,26,42,41,1,0,271,67059
Antisthenes,5,2,3,14,13,1,0,21,3,18,2,1,1,0,7,4,3,0,0,1,0,0,1,0,0,0,7,12,10,2,0,69,8228
Anon. Iambl,2,1,1,5,5,0,0,3,2,1,0,0,0,0,4,0,0,0,4,0,0,0,0,0,0,0,1,0,0,0,0,15,1907
Andokides,0,0,0,36,36,0,0,0,0,0,11,1,8,2,4,4,0,0,0,0,0,0,0,4,4,0,2,6,6,0,0,63,18070
Isokrates,22,21,1,319,269,43,7,23,12,11,71,35,21,15,188,114,34,39,1,33,17,7,9,21,17,4,144,48,24,24,0,869,124214
Xenofon (hist),6,3,3,85,82,3,0,3,1,2,14,1,4,9,26,17,0,8,1,1,0,1,0,8,8,0,537,44,43,0,1,724,126246
Xenofon (ikke-hist),31,0,31,231,202,29,0,88,33,55,97,33,35,29,106,53,8,41,4,21,5,0,16,11,9,2,537,301,258,28,15,1423,195059
Drama (sum),44,14,20,512,488,1,23,442,32,410,199,10,124,65,413,329,5,13,66,110,18,35,57,80,80,0,402,130,121,8,1,2332,453368
Epik lyrik (sum),19,19,0,46,44,1,1,81,31,50,20,6,14,0,119,111,0,0,8,8,2,0,6,4,4,0,297,58,57,0,1,652,244558
Historie,43,13,30,610,554,16,40,74,33,41,86,10,50,27,126,103,1,15,7,28,11,6,11,68,68,0,682,278,257,17,4,1995,575871
Førsokratikere,8,4,4,36,33,3,0,45,9,36,11,5,3,3,27,16,4,2,5,1,0,0,1,0,0,0,29,15,13,2,0,172,22512
Samtidige,583,203,380,1601,1269,322,10,761,282,479,552,256,182,114,665,253,225,180,7,71,28,10,33,209,178,31,681,349,282,52,15,2292,852246
Plato,530,182,348,1051,798,250,3,650,237,413,384,188,126,70,371,86,183,100,2,17,6,3,8,177,152,25,,,,,,,532973
Plato incl. Sp.,530,182,348,1180,910,267,3,733,237,496,410,197,137,76,410,95,189,122,4,23,8,5,10,182,157,25,,,,,,,582867
Total,177,75,92,1800,1631,98,71,808,169,639,494,103,248,144,1031,758,64,113,96,202,53,48,101,188,182,6,2147,847,746,80,21,7694,1688481
,,,,,,,,,,,,,,,,,,,,,,,,,,,,,,,,,
Relative værdier (per 10.000 forekomster),,,,,,,,,,,,,,,,,,,,,,,,,,,,,,,,,
Homer,"0,6","0,6",0,"0,8","0,8",0,0,0,0,0,"0,2","0,1","0,1",0,5,5,0,0,0,0,0,0,0,"0,1","0,1",0,11,"2,1","2,1",0,0,,
Hesiod,"0,3","0,3",0,"3,5","3,5",0,0,"0,7","0,3","0,3",0,0,0,0,"2,1","2,1",0,0,0,0,0,0,0,0,0,0,"6,2",1,1,0,0,,
Solon,0,0,0,0,0,0,0,"10,8","5,4","5,4",0,0,0,0,0,0,0,0,0,0,0,0,0,0,0,0,"16,3","10,8","10,8",0,0,,
Theognis,0,0,0,"21,6","20,6",1,0,"20,6","9,8","10,8","10,8","3,9","6,9",0,"4,9","3,9",0,0,1,"3,9",1,0,"2,9",1,1,0,"21,6","10,8","10,8",0,0,,
Heraklit,0,0,0,"8,3","8,3",0,0,"30,6","8,3","22,2","5,6",0,0,"5,6","11,1","5,6","2,8","2,8",0,0,0,0,0,0,0,0,"5,6","8,3","8,3",0,0,,
Aeschylos,"0,6","0,6",0,"7,7","7,1",0,"0,6","3,3",0,"3,3","2,7",0,"1,5","1,2","5,9","3,9",0,"0,2","1,8",2,"0,4","0,4","1,3","0,8","0,8",0,"3,2",3,"2,7","0,2",0,,
Pindar,"1,9","1,9",0,"2,6","2,2",0,"0,3",19,"6,4","12,5","1,6",0,"1,6",0,"4,2","1,9",0,0,"2,2","1,3","0,3",0,1,"0,3","0,3",0,"16,4","1,3","1,3",0,0,,
Anaxagoras,0,0,0,"4,9","4,9",0,0,"9,7","4,9","4,9",0,0,0,0,"9,7",0,0,"9,7",0,0,0,0,0,0,0,0,0,0,0,0,0,,
Sofokles,"0,5","0,2","0,2","10,1",9,0,"1,1","5,7","0,4","5,4","2,2",0,"1,4","0,9","15,4","12,2","0,4","0,4","2,4","2,6","0,6",1,1,"0,6","0,6",0,"7,2","5,1","4,5","0,6",0,,
Empedokles,"1,6",0,"1,6","7,3","5,7","1,6",0,"7,3","2,4","4,9",0,0,0,0,"9,8","4,9","3,3",0,"1,6","0,8",0,0,"0,8","2,4","2,4",0,"11,4",0,0,0,0,,
Gorgias,0,0,0,"22,6","19,8",0,"2,8","26,9","15,5","11,3",0,0,"1,4",0,"45,2","38,2","1,4","5,7",0,"4,2","1,4","1,4","1,4","1,4","1,4",0,"5,7","5,7","1,4","2,8","1,4",,
Herodot,"0,6","0,2","0,5","5,4","3,3","0,4","1,7","2,6","1,1","1,5","0,4",0,"0,2","0,2","2,1","1,7",0,"0,2","0,3","0,1",0,0,"0,1","0,9","0,9",0,"2,9","6,2","6,2",0,0,,
Ion,"89,7","89,7",0,0,0,0,0,"224,2","89,7","134,5",0,0,0,0,0,0,0,0,0,0,0,0,0,0,0,0,"134,5","89,7","89,7",0,0,,
Euripides,"0,9","0,2","0,1","15,5","14,9","0,1","0,5","14,9","0,9","14,1","7,2","0,3","4,7","2,2",11,"9,6","0,1","0,1","1,2",4,"0,6","1,4",2,"3,4","3,4",0,"13,1",3,"2,8","0,1","0,1",,
Antifon (Orat.),"0,5",0,"0,5","45,1","45,1",0,0,0,0,0,"1,4",0,"0,5","0,9","1,4","0,9",0,0,"0,5","6,4","3,2","1,4","1,8","10,6","10,6",0,"5,1","7,4","7,4",0,0,,
Antifon (Soph.),2,2,0,"21,7","17,8",4,0,2,2,0,"11,9","5,9",4,2,"5,9",4,0,2,0,0,0,0,0,0,0,0,"13,8",0,0,0,0,,
Thucydid,"1,5","0,5",1,7,"6,7","0,1","0,3","0,1",0,"0,1","2,4","0,5","1,4","0,6","0,8","0,8",0,0,0,"0,1","0,1",0,0,"0,5","0,5",0,"3,1","3,1","2,1","0,9","0,1",,
Demokrit,2,"0,7","1,3","6,7","6,1","0,7",0,"20,2","7,4","12,8","5,4","2,7","0,7",2,"16,9","9,4","5,4","0,7","1,3",0,0,0,0,"0,7","0,7",0,"11,5","2,7",2,"0,7",0,,
Kritias,0,0,0,"8,1","8,1",0,0,"24,2",0,"24,2","2,7","2,7",0,0,"24,2","21,5",0,0,"2,7",0,0,0,0,0,0,0,"32,3",0,0,0,0,,
Aristofanes,"1,8","0,4","1,4","8,2","8,2",0,0,"9,3","1,2","8,1","2,8","0,4","1,6","0,9","4,1","2,6",0,"0,5",1,"0,2",0,0,"0,2","0,7","0,7",0,"7,7","1,1","1,1",0,0,,
Eupolis,"3,5",0,"3,5","27,9","24,4","3,5",0,"8,7",0,"8,7","3,5",0,0,"3,5","12,2","10,5",0,0,"1,7",0,0,0,0,0,0,0,"1,7","10,5","10,5",0,0,,
Lysias,"0,1",0,"0,1","24,5","23,7","0,6","0,1","0,3","0,1","0,1","2,1","0,1","1,6","0,3","1,3","1,3",0,0,0,1,"0,3","0,1","0,6","0,9","0,9",0,"3,9","6,3","6,1","0,1",0,,
Antisthenes,"6,1","2,4","3,6",17,"15,8","1,2",0,"25,5","3,6","21,9","2,4","1,2","1,2",0,"8,5","4,9","3,6",0,0,"1,2",0,0,"1,2",0,0,0,"8,5","14,6","12,2","2,4",0,,
Anon. Iambl,"10,5","5,2","5,2","26,2","26,2",0,0,"15,7","10,5","5,2",0,0,0,0,21,0,0,0,21,0,0,0,0,0,0,0,"5,2",0,0,0,0,,
Andokides,0,0,0,"19,9","19,9",0,0,0,0,0,"6,1","0,6","4,4","1,1","2,2","2,2",0,0,0,0,0,0,0,"2,2","2,2",0,"1,1","3,3","3,3",0,0,,
Isokrates,"1,8","1,7","0,1","25,7","21,7","3,5","0,6","1,9",1,"0,9","5,7","2,8","1,7","1,2","15,1","9,2","2,7","3,1","0,1","2,7","1,4","0,6","0,7","1,7","1,4","0,3","11,6","3,9","1,9","1,9",0,,
Xenofon (hist),"0,5","0,2","0,2","6,7","6,5","0,2",0,"0,2","0,1","0,2","1,1","0,1","0,3","0,7","2,1","1,3",0,"0,6","0,1","0,1",0,"0,1",0,"0,6","0,6",0,"42,5","3,5","3,4",0,"0,1",,
Xenofon (ikke-hist),"1,6",0,"1,6","11,8","10,4","1,5",0,"4,5","1,7","2,8",5,"1,7","1,8","1,5","5,4","2,7","0,4","2,1","0,2","1,1","0,3",0,"0,8","0,6","0,5","0,1","27,5","15,4","13,2","1,4","0,8",,
Drama (sum),1,"0,3","0,4","11,3","10,8",0,"0,5","9,7","0,7",9,"4,4","0,2","2,7","1,4","9,1","7,3","0,1","0,3","1,5","2,4","0,4","0,8","1,3","1,8","1,8",0,"8,9","2,9","2,7","0,2",0,,
Epik lyrik (sum),"0,8","0,8",0,"1,9","1,8",0,0,"3,3","1,3",2,"0,8","0,2","0,6",0,"4,9","4,5",0,0,"0,3","0,3","0,1",0,"0,2","0,2","0,2",0,"12,1","2,4","2,3",0,0,,
Historie,"0,7","0,2","0,5","10,6","9,6","0,3","0,7","1,3","0,6","0,7","1,5","0,2","0,9","0,5","2,2","1,8",0,"0,3","0,1","0,5","0,2","0,1","0,2","1,2","1,2",0,"11,8","4,8","4,5","0,3","0,1",,
Førsokratikere,"3,6","1,8","1,8",16,"14,7","1,3",0,20,4,16,"4,9","2,2","1,3","1,3",12,"7,1","1,8","0,9","2,2","0,4",0,0,"0,4",0,0,0,"12,9","6,7","5,8","0,9",0,,
Samtidige,"6,8","2,4","4,5","18,8","14,9","3,8","0,1","8,9","3,3","5,6","6,5",3,"2,1","1,3","7,8",3,"2,6","2,1","0,1","0,8","0,3","0,1","0,4","2,5","2,1","0,4",8,"4,1","3,3","0,6","0,2",,
Plato,"9,9","3,4","6,5","19,7",15,"4,7","0,1","12,2","4,4","7,7","7,2","3,5","2,4","1,3",7,"1,6","3,4","1,9",0,"0,3","0,1","0,1","0,2","3,3","2,9","0,5",0,0,0,0,0,,
Plato incl. Sp.,"9,1","3,1",6,"20,2","15,6","4,6","0,1","12,6","4,1","8,5",7,"3,4","2,4","1,3",7,"1,6","3,2","2,1","0,1","0,4","0,1","0,1","0,2","3,1","2,7","0,4",0,0,0,0,0,,
,,,,,,,,,,,,,,,,,,,,,,,,,,,,,,,,,
Korpusgennemsnit,1,"0,4","0,5","13,1","12,3","0,6","0,3","6,5","1,9","4,6","3,3","0,8","1,8","0,8","6,3","4,4","0,7","0,4","0,8","1,5","0,5","0,3","0,8","1,6","1,6",0,"9,7","4,4",4,"0,4","0,1",,
,,,,,,,,,,,,,,,,,,,,,,,,,,,,,,,,,
,,,,,,,,,,,,,,,,,,,,,,,,,,,,,,,,,
,,,,,,,,,,,,,,,,,,,,,,,,,,,,,,,,,
Log likelihood værdi,,,,,,,,,,,,,,,,,,,,,,,,,,,,,,,,,
Homer,"3,41","1,35","20,91","297,47","262,16","22,28","16,14","172,79","30,62","145,29","83,6","12,53","42,01","32,74","4,13","0,9","14,55","25,69","21,82","45,92","12,05","10,91","22,96","29,47","28,23","1,36","4,32","39,94","28,99","18,19","1,1",,
Hesiod,"1,81","0,07","3,12","18,8","15,04","3,32","2,4","15,71","1,63","14,9","16,73","3,49","8,4","4,88","10,17","4,6","2,17","3,83","3,25","6,84","1,8","1,63","3,42","6,37","6,16","0,2","11,57","13,34","10,68","2,71","0,71",,
Solon,"0,39","0,16","0,2","3,93","3,56","0,21","0,16","1,04","1,74","0,11","1,08","0,22","0,54","0,31","2,25","1,66","0,14","0,25","0,21","0,44","0,12","0,1","0,22","0,41","0,4","0,01","0,17","0,93","1,22","0,17","0,05",,
Theognis,"2,13","0,9","1,11","8,7","9,43","0,23","0,86","28,76","27,22","8,69","12,55","8,02","10,46","1,73","0,26","0,08","0,77","1,36","0,25","3,9","0,91","0,58","4,72","0,02","0,01","0,07","5,16","5,04","6,59","0,96","0,25",,
Heraklit,"0,75","0,32","0,39","0,2","0,07","0,42","0,3","22,15","7,4","14,99","0,67","0,44","1,06","4,09","1,18","0,08","2,25","1,32","0,41","0,86","0,23","0,2","0,43","0,8","0,78","0,03","1,84","0,66","0,99","0,34","0,09",,
Aeschylos,"1,91","0,36","8,98","7,36",6,"9,56","0,5","4,09","16,49","0,49","0,11","10,05","0,03","0,92","0,04","0,63","6,24","3,03","12,79","3,68","0,04","0,13","4,9","0,64","0,5","0,59","83,32",8,"6,09","1,18","2,05",,
Pindar,"1,8","8,11","3,36","27,25","25,4","3,58","0,08",72,"39,02","37,86","2,18","3,76","0,04","5,26","2,1","5,71","2,34","4,13","8,52","0,02",0,"1,75","0,57","2,41","2,26","0,22","2,97","12,17","9,49","2,92","0,77",,
Anaxagoras,"0,43","0,18","0,22","0,82","0,6","0,24","0,17","0,8","1,57","0,06","1,2","0,25","0,6","0,35","0,37","1,85","0,16","6,95","0,23","0,49","0,13","0,12","0,25","0,46","0,44","0,01","5,24","2,06","1,82","0,19","0,05",,
Sophokles,"2,75","0,78","1,55","0,22","0,36","9,08","6,02","1,38","3,99","4,47","1,31","9,54","0,05",0,"73,84","67,8",0,"1,19","23,42","9,52","1,8","8,04","1,69","1,97","1,73","0,56","21,51","0,02","0,01","0,33","1,95",,
Empedokles,"0,33","1,09","1,7","1,43","2,33","1,53","1,03","1,41","1,79","0,36","7,17","1,49","3,6","2,09","2,26","0,04","9,95","1,64","1,59","0,17","0,77","0,7","0,09","1,43","1,54","0,09","0,17","12,29","10,82","1,16","0,3",,
Gorgias,"1,48","0,63","0,77","7,12","5,73","0,82","4,18","34,06","39,17","6,83","4,13","0,86",0,"1,2","72,18","67,27","1,16","9,91","0,8","3,26","1,44","1,6","0,56","0,05","0,07","0,05","3,5","0,05","1,97","3,78",3,,
Herodot,"3,31","4,28","0,16","54,32","97,63","0,82","34,25","21,08","0,05","30,3","63,52","21,91","30,03","15,11","61,35","40,16","13,61","9,95","3,55","29,67","11,27","10,21","10,93","0,43","0,27","1,28","194,69","4,59","11,05","17,02","4,47",,
Ion,"13,84","17,22","0,02","0,48","0,43","0,03","0,02","28,76","14,02","15,62","0,13","0,03","0,07","0,04","0,27","0,2","0,02","0,03","0,03","0,05","0,01","0,01","0,03","0,05","0,05",0,"8,75","7,77","8,25","0,02","0,01",,
Euripides,"0,63","3,6","8,32","30,48","38,89","12,97","0,29","208,01","0,37","246,45","66,81","2,29","66,27","21,45","49,78","67,75","4,21","11,67","8,05","60,31","2,59","31,16","32,18","46,11","48,29","1,19","0,16","16,08","10,4","9,8","0,75",,
Antiphon (Orat.),"0,9","1,92","0,03","130,35","144,84","2,5","1,81","20,66","4,32","16,33","2,18","2,63","2,04","0,01","11,51","9,09","1,64","2,89","0,05","23,74","19,26","4,61","3,53","60,33","61,58","0,15","12,86","2,06","3,5","2,04","0,54",,
Antiphon (Soph.),"0,33","1,43","0,55","4,45","2,75","4,23","0,43","1,07","0,37","3,83","7,71","8,19","1,44","0,54",0,"0,03","0,38","0,84","0,57","1,21","0,32","0,29","0,6","1,13","1,09","0,04","0,05","5,07","4,47","0,48","0,13",,
Thucydid,"2,39",0,"4,94","19,81","14,92","10,82","0,32","130,04","29,37","101,13","1,35","0,6","0,1","1,32","107,87","67,74","11,12","19,64","16,69","27,46","4,22","8,34","17,55","5,61","5,07","1,04","152,71","11,64","21,89","4,39",0,,
Demokrit,"1,04","0,15","1,23","2,45","2,27","0,02","1,24","40,07","24,51","19,29","2,44","5,61","0,79","1,69","18,65","6,06","26,79",0,"1,13","3,53","0,93","0,84","1,77","0,3","0,26","0,1","0,19","1,9","2,4","0,11","0,37",,
Kritias,"0,78","0,33","0,4","0,25","0,1","0,43","0,31","14,7","0,74","18,16","0,01","1,42","1,09","0,63","11,31","12,38","0,28","0,5","1,53","0,89","0,23","0,21","0,44","0,83","0,8","0,03","7,81","3,72","3,28","0,35","0,09",,
Aristophanes,"4,3","0,21","9,93","6,39","2,36","12,69","9,19","34,62","0,56","37,69","0,03","1,35","0,11","0,01","8,2","10,42","8,29","0,33","2,48","14,76","6,86","6,22","4,43","1,81","1,54","0,78","24,63","49,84","39,78","10,36","2,72",,
Eupolis,2,"0,51","4,02","10,96","8,99","3,81","0,48","1,48","1,15","2,67","0,06","0,7","1,68","2,59","2,68","3,28","0,43","0,77","0,89","1,37","0,36","0,33","0,69","1,28","1,24","0,04","8,61","2,56","3,39","0,54","0,14",,
Lysias,"7,96","5,84","2,64","82,95","92,09",0,"1,52",48,"7,43","41,39","1,73","3,27","0,12","3,14","35,68","19,91","4,99","8,8","7,48","0,13","0,01","0,51",0,"0,3","0,21","0,47","55,24","1,85","3,73","1,99","1,64",,
Antisthenes,"9,2","3,49","6,23","2,62","2,68","0,43","0,69","35,86","3,38","33,07","0,07","0,38","0,04","1,4","0,69","0,02","8,1","1,1","0,93",0,"0,52","0,47","0,4","1,83","1,77","0,06","1,29","9,8","7,46","3,29","0,2",,
Anon. Iambl.,"5,6","3,1","2,73","3,07","3,67","0,22","0,16","2,96","5,76","0,1","1,12","0,23","0,56","0,33","4,2","1,71","0,14","0,26","20,93","0,46","0,12","0,11","0,23","0,42","0,41","0,01","1,08","1,91","1,68","0,18","0,05",,
Andocides,"3,77","1,6","1,96","11,41","14,84","2,09","1,51","17,21","3,6","13,61","4,63","0,01","6,85","0,12","5,91","2,55","1,36","2,41","2,04","4,3","1,13","1,02","2,15","1,5","1,63","0,13","32,01","1,17","0,53","1,7","0,45",,
Isokrates,"4,7","22,37","7,37","170,58","124,15","71,02","0,5","27,66","0,01","38,15","23,58","45,97","0,37","1,5","106,1","42,52","64,85","52,02","7,85","14,9","21,06","2,41","0,29","2,95","0,83","8,84","1,19","3,35","20,86","27,66","2,98",,
Xenophon,"4,7","1,38","2,62","19,78","13,9","3,12","10,24","92,95","17,44","75,76","17,71","8,91","16,01","0,29","43,29","36,46","9,23","0,02","8,04","21,84","7,64","2,49","14,57","2,91","2,55","0,87","486,66","6,2","2,98","11,54","0,22",,
Xenophon,"4,14","16,4","21,83","2,21","0,86","16,48","15,52","0,28","6,75","4,77","20,23","21,47","1,17","6,58","1,35","14,48","0,04","32,18","5,54","0,22","0,2","10,5","1,28","5,91","8,05","1,38","218,51","229,5","189,04","20,87","23,72",,
Drama (sum),"0,21","1,69","0,77","1,31","4,32","38,54","0,59","132,93","3,55","173,46","21,95","12,47","29,48","11,23","44,42","49,39","10,1","10,46","31,64","32,7","0,71","18,51","18,44","11,12","12,58","2,85","47,76","40,34","29,8","9,28","4,96",,
"Epik, lyrik sum","1,67","4,22","24,89","246,8",,,,"11,03","1,38","21,01","47,28","6,21","15,72","38,96","5,84","0,01","17,31","30,57","2,64","19,75","5,42","12,99","5,9","28,51","27,15","1,62","0,56","38,06","26,09","21,64","1,68",,
Historie,"4,26","5,92","0,05","0,02","0,01","8,85","6,1","168,55","9,69","177,58","38,58","20,25","12,87","9,28","153,7","96,39","29,97","14,91","24,36","24,86","2,5","6,93","17,47","0,17","0,41","3,52","2,65","0,31","0,02","3,46","1,3",,
Presocratics,"8,08","4,97","3,83","5,12","4,95","1,57","1,88","58,85","11,17","47,69","2,42","5,54","0,03","0,51","9,79","2,87","5,92","0,14","6,05","1,39","1,4","1,27","0,1","4,98","4,82","0,16",0,"1,09","0,84","0,64","0,56",,
Samtidige,"593,52","180,63","439,8","265,92","130,46","327,26","19,32","149,27","157,62","41,79","162,88","213,14","14,35","12,57","23,85","34,61","238,27","94,87","42,59","7,26","0,04","7,75","5,04",61,"38,59","39,83","120,34","10,46","17,83","1,98","1,03",,
Platon,"814,84","250,43","592,91","235,2","97,43","353,81","22,41","295,16","217,99","120,28","164,04","215,05","17,85","8,31","4,59","105,7","274,97","53,01","38,86","39,82","7,41","12,08","21,07","102,82","73,49","44,2","1178,64","464,82","409,38","43,89","11,52",,
Platon inkl. Sp.,"751,35","229,27","550,15","276,74","127,83","359,84","25,16","340,86","193,6","172,99",163,"211,1","18,51","8,53","5,76",112,"265,96","73,47","34,23","33,9","5,79","8,95","19,9","93,79","66,94","41,11","1274,06","502,45","442,53","47,45","12,45",,
,,,,,,,,,,,,,,,,,,,,,,,,,,,,,,,,,
Risiko i %,,,,,,,,,,,,,,,,,,,,,,,,,,,,,,,,,
Homer,"6,46%","24,51%","0,00%","0,00%","0,00%","0,00%","0,01%","0,00%","0,00%","0,00%","0,00%","0,04%","0,00%","0,00%","4,21%","34,36%","0,01%","0,00%","0,00%","0,00%","0,05%","0,10%","0,00%","0,00%","0,00%","24,29%","3,77%","0,00%","0,00%","0,00%","29,44%",,
Hesiod,"17,84%","79,78%","7,75%","0,00%","0,01%","6,85%","12,10%","0,01%","20,15%","0,01%","0,00%","6,18%","0,38%","2,72%","0,14%","3,19%","14,10%","5,04%","7,14%","0,89%","18,03%","20,23%","6,44%","1,16%","1,30%","65,21%","0,07%","0,03%","0,11%","9,98%","39,90%",,
Solon,"53,41%","68,57%","65,40%","4,73%","5,90%","64,36%","69,37%","30,88%","18,66%","73,48%","29,89%","63,53%","46,17%","57,49%","13,34%","19,81%","70,85%","61,93%","64,70%","50,65%","73,37%","74,61%","63,86%","52,16%","52,84%","90,89%","68,24%","33,42%","26,95%","67,59%","83,04%",,
Theognis,"14,43%","34,19%","29,25%","0,32%","0,21%","63,09%","35,51%","0,00%","0,00%","0,32%","0,04%","0,46%","0,12%","18,78%","61,13%","78,28%","38,00%","24,34%","61,86%","4,82%","34,02%","44,70%","2,98%","89,69%","92,36%","78,81%","2,31%","2,48%","1,02%","32,63%","61,50%",,
Heraklit,"38,52%","57,19%","53,13%","65,66%","79,32%","51,82%","58,24%","0,00%","0,65%","0,01%","41,31%","50,77%","30,40%","4,31%","27,67%","77,12%","13,40%","25,00%","52,25%","35,36%","63,47%","65,11%","51,19%","37,08%","37,86%","87,30%","17,47%","41,80%","32,07%","55,94%","76,49%",,
Aeschylos,"16,71%","54,99%","0,27%","0,67%","1,43%","0,20%","48,07%","4,33%","0,01%","48,59%","73,59%","0,15%","86,86%","33,76%","83,30%","42,68%","1,25%","8,17%","0,04%","5,50%","83,72%","71,65%","2,68%","42,27%","47,81%","44,42%","0,00%","0,47%","1,36%","27,76%","15,23%",,
Pindar,"18,01%","0,44%","6,68%","0,00%","0,00%","5,85%","78,03%","0,00%","0,00%","0,00%","13,97%","5,25%","84,43%","2,18%","14,75%","1,68%","12,63%","4,22%","0,35%","88,79%","98,13%","18,55%","44,85%","12,04%","13,30%","63,97%","8,47%","0,05%","0,21%","8,74%","38,12%",,
Anaxagoras,"51,13%","66,90%","63,58%","36,59%","43,76%","62,50%","67,74%","37,06%","21,05%","81,08%","27,25%","61,63%","43,69%","55,36%","54,24%","17,40%","69,29%","0,84%","62,86%","48,29%","71,93%","73,23%","61,98%","49,84%","50,54%","90,38%","2,21%","15,07%","17,75%","65,88%","82,10%",,
Sophokles,"9,71%","37,74%","21,36%","64,23%","54,81%","0,26%","1,42%","24,02%","4,58%","3,45%","25,25%","0,20%","82,68%","94,89%","0,00%","0,00%","98,45%","27,55%","0,00%","0,20%","18,02%","0,46%","19,34%","16,06%","18,81%","45,59%","0,00%","89,75%","91,82%","56,49%","16,31%",,
Empedokles,"56,37%","29,70%","19,26%","23,10%","12,66%","21,55%","31,02%","23,50%","18,07%","55,08%","0,74%","22,16%","5,79%","14,84%","13,29%","83,97%","0,16%","20,05%","20,78%","68,15%","38,06%","40,41%","77,06%","23,12%","21,47%","76,80%","67,65%","0,05%","0,10%","28,14%","58,10%",,
Gorgias,"22,38%","42,84%","38,04%","0,76%","1,67%","36,53%","4,10%","0,00%","0,00%","0,90%","4,21%","35,34%","96,93%","27,25%","0,00%","0,00%","28,13%","0,16%","37,03%","7,08%","22,97%","20,63%","45,30%","81,88%","79,58%","82,28%","6,14%","81,47%","16,08%","5,18%","8,33%",,
Herodot,"6,87%","3,85%","68,87%","0,00%","0,00%","36,50%","0,00%","0,00%","82,36%","0,00%","0,00%","0,00%","0,00%","0,01%","0,00%","0,00%","0,02%","0,16%","5,95%","0,00%","0,08%","0,14%","0,09%","51,06%","60,28%","25,86%","0,00%","3,22%","0,09%","0,00%","3,46%",,
Ion,"0,02%","0,00%","87,61%","49,04%","51,15%","87,22%","89,11%","0,00%","0,02%","0,01%","71,79%","86,90%","79,80%","84,54%","60,17%","65,45%","89,66%","86,28%","87,35%","81,73%","90,58%","91,04%","87,03%","82,37%","82,65%","96,83%","0,31%","0,53%","0,41%","88,44%","94,06%",,
Euripides,"42,87%","5,78%","0,39%","0,00%","0,00%","0,03%","58,92%","0,00%","54,25%","0,00%","0,00%","13,04%","0,00%","0,00%","0,00%","0,00%","4,03%","0,06%","0,46%","0,00%","10,79%","0,00%","0,00%","0,00%","0,00%","27,54%","69,12%","0,01%","0,13%","0,17%","38,70%",,
Antiphon (Orat.),"34,32%","16,62%","86,34%","0,00%","0,00%","11,35%","17,80%","0,00%","3,77%","0,01%","13,96%","10,47%","15,32%","91,50%","0,07%","0,26%","20,09%","8,92%","82,81%","0,00%","0,00%","3,19%","6,04%","0,00%","0,00%","69,54%","0,03%","15,12%","6,13%","15,27%","46,38%",,
Antiphon (Soph.),"56,72%","23,23%","45,80%","3,49%","9,70%","3,97%","51,44%","30,02%","54,20%","5,05%","0,55%","0,42%","23,03%","46,19%","95,86%","85,38%","53,59%","35,98%","44,84%","27,14%","57,32%","59,19%","43,68%","28,87%","29,65%","84,97%","82,69%","2,43%","3,46%","48,89%","72,29%",,
Thucydid,"12,23%","94,44%","2,63%","0,00%","0,01%","0,10%","56,89%","0,00%","0,00%","0,00%","24,58%","43,92%","75,69%","25,06%","0,00%","0,00%","0,09%","0,00%","0,00%","0,00%","3,99%","0,39%","0,00%","1,79%","2,43%","30,72%","0,00%","0,06%","0,00%","3,61%","94,88%",,
Demokrit,"30,75%","69,79%","26,83%","11,79%","13,18%","88,44%","26,51%","0,00%","0,00%","0,00%","11,83%","1,79%","37,27%","19,35%","0,00%","1,39%","0,00%","99,42%","28,84%","6,01%","33,56%","35,95%","18,38%","58,54%","61,20%","74,60%","66,39%","16,77%","12,11%","74,03%","54,44%",,
Kritias,"37,77%","56,59%","52,48%","61,42%","74,93%","51,16%","57,64%","0,01%","38,87%","0,00%","93,27%","23,40%","29,64%","42,63%","0,08%","0,04%","59,58%","48,10%","21,67%","34,60%","62,93%","64,60%","50,52%","36,33%","37,11%","87,10%","0,52%","5,36%","7,01%","55,32%","76,13%",,
Aristophanes,"3,81%","64,78%","0,16%","1,15%","12,49%","0,04%","0,24%","0,00%","45,55%","0,00%","85,95%","24,47%","74,10%","90,93%","0,42%","0,13%","0,40%","56,81%","11,51%","0,01%","0,88%","1,27%","3,53%","17,86%","21,46%","37,81%","0,00%","0,00%","0,00%","0,13%","9,91%",,
Eupolis,"15,76%","47,55%","4,50%","0,09%","0,27%","5,10%","48,76%","22,41%","28,42%","10,23%","81,05%","40,31%","19,45%","10,73%","10,13%","7,00%","50,98%","38,11%","34,61%","24,16%","54,87%","56,81%","40,77%","25,86%","26,64%","84,01%","0,33%","10,97%","6,55%","46,12%","70,58%",,
Lysias,"0,48%","1,57%","10,41%","0,00%","0,00%","95,74%","21,75%","0,00%","0,64%","0,00%","18,86%","7,04%","72,44%","7,63%","0,00%","0,00%","2,56%","0,30%","0,63%","71,71%","94,30%","47,70%","99,56%","58,51%","64,39%","49,42%","0,00%","17,42%","5,35%","15,89%","20,09%",,
Antisthenes,"0,24%","6,16%","1,25%","10,54%","10,18%","51,17%","40,61%","0,00%","6,61%","0,00%","78,72%","53,76%","84,53%","23,67%","40,68%","87,54%","0,44%","29,46%","33,40%","98,75%","47,29%","49,45%","52,73%","17,64%","18,34%","80,92%","25,52%","0,17%","0,63%","6,98%","65,14%",,
Anon. Iambl.,"1,80%","7,85%","9,86%","8,00%","5,54%","63,81%","68,89%","8,52%","1,64%","75,72%","29,09%","62,97%","45,43%","56,86%","4,05%","19,08%","70,39%","61,35%","0,00%","49,95%","72,94%","74,20%","63,30%","51,47%","52,15%","90,74%","29,91%","16,67%","19,43%","67,09%","82,76%",,
Andocides,"5,22%","20,64%","16,17%","0,07%","0,01%","14,86%","21,89%","0,00%","5,78%","0,02%","3,14%","92,15%","0,89%","72,54%","1,51%","11,05%","24,31%","12,09%","15,28%","3,81%","28,81%","31,21%","14,25%","22,05%","20,17%","72,08%","0,00%","28,00%","46,47%","19,19%","50,37%",,
Isokrates,"3,01%","0,00%","0,66%","0,00%","0,00%","0,00%","47,75%","0,00%","90,52%","0,00%","0,00%","0,00%","54,39%","22,11%","0,00%","0,00%","0,00%","0,00%","0,51%","0,01%","0,00%","12,03%","59,16%","8,58%","36,22%","0,30%","27,61%","6,73%","0,00%","0,00%","8,42%",,
Xenophon,"3,02%","24,06%","10,52%","0,00%","0,02%","7,75%","0,14%","0,00%","0,00%","0,00%","0,00%","0,28%","0,01%","59,22%","0,00%","0,00%","0,24%","88,04%","0,46%","0,00%","0,57%","11,46%","0,01%","8,79%","11,00%","35,23%","0,00%","1,28%","8,45%","0,07%","63,64%",,
Xenophon,"4,19%","0,01%","0,00%","13,75%","35,49%","0,01%","0,01%","59,66%","0,94%","2,90%","0,00%","0,00%","27,96%","1,03%","24,55%","0,01%","83,51%","0,00%","1,86%","64,08%","65,61%","0,12%","25,88%","1,50%","0,46%","23,93%","0,00%","0,00%","0,00%","0,00%","0,00%",,
Drama (sum),"64,47%","19,34%","38,14%","25,19%","3,77%","0,00%","44,15%","0,00%","5,96%","0,00%","0,00%","0,04%","0,00%","0,08%","0,00%","0,00%","0,15%","0,12%","0,00%","0,00%","39,85%","0,00%","0,00%","0,09%","0,04%","9,11%","0,00%","0,00%","0,00%","0,23%","2,60%",,
"Epik, lyrik sum","19,63%","3,99%","0,00%","0,00%","100,00%","100,00%","100,00%","0,09%","23,94%","0,00%","0,00%","1,27%","0,01%","0,00%","1,56%","91,41%","0,00%","0,00%","10,41%","0,00%","1,99%","0,03%","1,51%","0,00%","0,00%","20,27%","45,49%","0,00%","0,00%","0,00%","19,49%",,
Historie,"3,91%","1,50%","83,03%","89,15%","93,38%","0,29%","1,35%","0,00%","0,19%","0,00%","0,00%","0,00%","0,03%","0,23%","0,00%","0,00%","0,00%","0,01%","0,00%","0,00%","11,41%","0,85%","0,00%","67,93%","52,40%","6,06%","10,35%","57,74%","88,95%","6,27%","25,51%",,
Presocratics,"0,45%","2,57%","5,04%","2,36%","2,61%","21,00%","17,03%","0,00%","0,08%","0,00%","11,99%","1,85%","86,49%","47,52%","0,18%","9,02%","1,50%","70,41%","1,39%","23,82%","23,61%","25,95%","75,56%","2,56%","2,81%","69,01%","94,46%","29,72%","35,88%","42,47%","45,58%",,
Samtidige,"0,00%","0,00%","0,00%","0,00%","0,00%","0,00%","0,00%","0,00%","0,00%","0,00%","0,00%","0,00%","0,02%","0,04%","0,00%","0,00%","0,00%","0,00%","0,00%","0,70%","84,55%","0,54%","2,48%","0,00%","0,00%","0,00%","0,00%","0,12%","0,00%","15,98%","31,01%",,
Platon,"0,00%","0,00%","0,00%","0,00%","0,00%","0,00%","0,00%","0,00%","0,00%","0,00%","0,00%","0,00%","0,00%","0,39%","3,22%","0,00%","0,00%","0,00%","0,00%","0,00%","0,65%","0,05%","0,00%","0,00%","0,00%","0,00%","0,00%","0,00%","0,00%","0,00%","0,07%",,
Platon inkl. Sp.,"0,00%","0,00%","0,00%","0,00%","0,00%","0,00%","0,00%","0,00%","0,00%","0,00%","0,00%","0,00%","0,00%","0,35%","1,64%","0,00%","0,00%","0,00%","0,00%","0,00%","1,61%","0,28%","0,00%","0,00%","0,00%","0,00%","0,00%","0,00%","0,00%","0,00%","0,04%",,
