Collocation,2014-07-25,,,,,,,,,,,,,,,,
KeyWord,ανδρει,,,,,,,,,,,,,,,,
Instances,374,,,,,,,,,,,,,,,,
Files,3,,,,,,,,,,,,,,,,
Word,Keyword,Log-Likelihood,LR Total,Left Total,Right Total,L5,L4,L3,L2,L1,Key,R1,R2,R3,R4,R5,
καί,ανδρει,1674.80059036613,325,171,154,28,17,38,28,60,0,57,24,29,25,19,"ἀνδρείαν-καί (76), ἀνδρεία-καί (48), ἀνδρείας-καί (37), ἀνδρεῖον-καί (28), ἀνδρείως-καί (23), ἀνδρεῖοι-καί (21), ἀνδρεῖος-καί (20), ἀνδρείᾳ-καί (17), ἀνδρείους-καί (14), ἀνδρείου-καί (7), ἀνδρειότεροι-καί (5), ἀνδρειοτάτους-καί (4), ἀνδρειότατος-καί (4), ἀνδρειότερον-καί (3), ἀνδρειότερος-καί (3), ἀνδρίας-καί (2), ἀνδρειότατοι-καί (2), ἀνδρία-καί (2), ἀνδρειοτέροις-καί (2), ἀνδρίαν-καί (2), ἀνδρειοτάτην-καί (1), ἀνδρειότατον-καί (1), ἀνδρειοτέρου-καί (1), ἀνδρείῳ-καί (1), ἀνδρειότατα-καί (1)"
ὁ,ανδρει,1613.43411999196,353,211,142,27,30,24,39,91,0,20,26,31,32,33,"ἀνδρείαν-τήν (53), ἀνδρεία-ἡ (28), ἀνδρείους-τούς (24), ἀνδρείας-τῆς (20), ἀνδρεῖοι-οἱ (20), ἀνδρεῖον-τό (12), ἀνδρείας-τό (11), ἀνδρεῖος-ὁ (9), ἀνδρείαν-τό (9), ἀνδρείαν-τῶν (7), ἀνδρεῖον-τόν (7), ἀνδρείαν-τοῖς (7), ἀνδρείας-τά (5), ἀνδρείαν-οἱ (5), ἀνδρεία-τῶν (5), ἀνδρίαν-τήν (5), ἀνδρείαν-τῆς (5), ἀνδρεία-τόν (4), ἀνδρειότατος-ὁ (4), ἀνδρεῖοι-τά (4), ἀνδρείας-τῶν (4), ἀνδρείως-τό (3), ἀνδρείας-τήν (3), ἀνδρείαν-τά (3), ἀνδρεία-ὁ (3), ἀνδρεία-τό (3), ἀνδρίας-τόν (3), ἀνδρείαν-τόν (3), ἀνδρείους-τά (3), ἀνδρείους-τῆς (3), ἀνδρειότερα-τά (3), ἀνδρεία-τῆς (3), ἀνδρεῖοι-τόν (2), ἀνδρίας-τῶν (2), ἀνδρειότατε-τό (2), ἀνδρεῖος-τῶν (2), ἀνδρεῖος-τοῖς (2), ἀνδρείαν-τούς (2), ἀνδρείᾳ-ὁ (2), ἀνδρείας-ὁ (2), ἀνδρειότατον-τό (2), ἀνδρειότατος-τῶν (2), ἀνδρείαν-ἡ (2), ἀνδρεῖοι-τῶν (2), ἀνδρειοτάτους-τούς (2), ἀνδρείως-τόν (2), ἀνδρείως-ὁ (2), ἀνδρείου-τήν (1), ἀνδρειότατος-τό (1), ἀνδρεία-τά (1), ἀνδρειοτέρους-τῶν (1), ἀνδρεῖοι-τούς (1), ἀνδρειότατοι-τῶν (1), ἀνδρειότατοι-τόν (1), ἀνδρείως-ἡ (1), ἀνδρειότερον-τόν (1), ἀνδρίαν-τοῖς (1), ἀνδρεῖος-τό (1), ἀνδρίαν-οἱ (1), ἀνδρειοτάτην-τήν (1), ἀνδρείως-τάς (1), ἀνδρείους-τήν (1), ἀνδρείαν-τάς (1), ἀνδρειότερον-τῶν (1), ἀνδρεῖος-τῆς (1), ἀνδρειότατα-τοῖς (1), ἀνδρίαν-τούς (1), ἀνδρεία-τοῖς (1), ἀνδρεῖος-τόν (1), ἀνδρειοτάτου-τῶν (1), ἀνδρείου-τόν (1), ἀνδρείαις-τῆς (1), ἀνδρεῖον-οἱ (1), ἀνδρείους-τῶν (1), ἀνδρείας-τοῖς (1), ἀνδρείᾳ-τά (1), ἀνδρείους-ὁ (1), ἀνδρείους-οἱ (1), ἀνδρεῖον-τά (1), ἀνδρείᾳ-ἡ (1), ἀνδρεῖος-τούς (1), ἀνδρειότατον-τόν (1), ἀνδρεῖον-τῶν (1), ἀνδρίαν-τῶν (1), ἀνδρία-οἱ (1), ἀνδρεῖον-τούς (1), ἀνδρείαν-ταῖς (1), ἀνδρείους-τό (1), ἀνδρείους-τοῖς (1)"
εἰμί,ανδρει,544.533839974552,136,53,83,8,10,11,14,10,0,27,19,8,19,10,"ἀνδρείαν-εἶναι (17), ἀνδρεία-ἐστίν (8), ἀνδρεία-εἴη (7), ἀνδρεῖον-εἶναι (7), ἀνδρείους-εἶναι (6), ἀνδρείαν-ἦν (5), ἀνδρεία-εἶναι (4), ἀνδρεία-ἐστιν (4), ἀνδρεῖοι-ὄντες (3), ἀνδρείας-εἶναι (3), ἀνδρεῖος-ὤν (3), ἀνδρειότατοι-ὄντες (2), ἀνδρεῖος-εἶναι (2), ἀνδρείαν-εἴη (2), ἀνδρεία-ἔστι (2), ἀνδρεῖοι-εἶεν (2), ἀνδρεῖον-εἴη (2), ἀνδρεία-ἔστιν (2), ἀνδρείους-ὄντας (2), ἀνδρείαν-ἦ (2), ἀνδρείας-εἴη (2), ἀνδρεῖος-ἔσται (1), ἀνδρείᾳ-ἔν (1), ἀνδρεία-ἐστί (1), ἀνδρειότατος-εἶναι (1), ἀνδρειότατοι-εἰσιν (1), ἀνδρείαν-οὔσαις (1), ἀνδρεῖος-ἐστιν (1), ἀνδρειοτέροις-εἰσί (1), ἀνδρεῖοι-εἰσι (1), ἀνδρεῖοι-εἰσίν (1), ἀνδρεία-ἦν (1), ἀνδρείου-ἔστιν (1), ἀνδρεῖοι-εἶναι (1), ἀνδρείας-ἐστιν (1), ἀνδρειοτέροις-εἶναι (1), ἀνδρειοτέρους-ἔν (1), ἀνδρείας-ἐστίν (1), ἀνδρείως-ὄντι (1), ἀνδρείως-εἶναι (1), ἀνδρείαις-εἰσι (1), ἀνδρεῖοι-ἔστι (1), ἀνδρεῖοι-εἰσιν (1), ἀνδρεῖος-ᾖ (1), ἀνδρείους-ἦ (1), ἀνδρεῖον-ἐστιν (1), ἀνδρείας-ἔστιν (1), ἀνδρεία-εἰσιν (1), ἀνδρεῖον-ἔστι (1), ἀνδρεία-ὄντι (1), ἀνδρείαν-ὤν (1), ἀνδρείαν-ὄν (1), ἀνδρείᾳ-ἔστι (1), ἀνδρείου-ὄντος (1), ἀνδρεία-ἐστι (1), ἀνδρείας-ὄν (1), ἀνδρείους-εἰσίν (1), ἀνδρεία-ὄντος (1), ἀνδρείου-ἔν (1), ἀνδρεῖοι-ἔσονται (1), ἀνδρείου-εἰσίν (1), ἀνδρειότατος-ὤν (1), ἀνδρειότατος-εἴη (1), ἀνδρεῖος-ἦν (1), ἀνδρεία-ᾖ (1), ἀνδρείαν-εἰσιν (1), ἀνδρεῖοι-ἐστέ (1), ἀνδρείᾳ-ἐστιν (1), ἀνδρείαν-ᾖ (1), ἀνδρεῖος-εἴη (1)"
σωφρ,ανδρει,425.792464431375,48,25,23,4,5,7,8,1,0,5,10,6,0,2,"ἀνδρείαν-σωφροσύνην (9), ἀνδρεία-σωφροσύνη (7), ἀνδρείας-σωφροσύνης (5), ἀνδρεία-σώφρων (3), ἀνδρεῖος-σώφρων (3), ἀνδρείᾳ-σωφροσύνῃ (3), ἀνδρεῖον-σώφρονα (2), ἀνδρείαν-σώφρονα (2), ἀνδρείου-σώφρονος (2), ἀνδρεῖον-σωφρονεῖν (1), ἀνδρείᾳ-σωφροσύνην (1), ἀνδρείαν-σωφρονοῖ (1), ἀνδρείῳ-σώφρονι (1), ἀνδρειότατος-σωφρονέστατος (1), ἀνδρείαν-σωφρονεῖν (1), ἀνδρεία-σῶφρον (1), ἀνδρειότεροι-σωφρονέστεροι (1), ἀνδρείαν-σωφροσύνης (1), ἀνδρεῖον-σῶφρον (1), ἀνδρείας-σωφροσύνην (1), ἀνδρείους-σώφρονας (1)"
δέ,ανδρει,331.946986630559,95,47,48,4,6,14,7,16,0,9,8,13,11,7,"ἀνδρείαν-δέ (23), ἀνδρεία-δέ (14), ἀνδρείας-δέ (9), ἀνδρεῖος-δέ (6), ἀνδρεῖοι-δέ (6), ἀνδρείους-δέ (6), ἀνδρείως-δέ (5), ἀνδρεῖον-δέ (5), ἀνδρείᾳ-δέ (3), ἀνδρειότατοι-δέ (3), ἀνδρειοτάτους-δέ (2), ἀνδρειότερα-δέ (2), ἀνδρείου-δέ (2), ἀνδρειότατε-δέ (2), ἀνδρειοτάτην-δέ (1), ἀνδρειότατον-δέ (1), ἀνδρία-δέ (1), ἀνδρίας-δέ (1), ἀνδρειότατα-δέ (1), ἀνδρειότατος-δέ (1), ἀνδρειότεροι-δέ (1)"
οὐ,ανδρει,204.88075549528,59,28,31,6,5,10,3,4,0,6,10,5,4,6,"ἀνδρεία-οὐ (8), ἀνδρείαν-οὐ (7), ἀνδρείας-οὐκ (4), ἀνδρεῖοι-οὐκ (4), ἀνδρεῖον-οὐ (3), ἀνδρείους-οὐ (3), ἀνδρεία-οὐκ (3), ἀνδρείαν-οὐχ (2), ἀνδρεία-οὔ (2), ἀνδρείας-οὐ (2), ἀνδρεῖος-οὔ (2), ἀνδρεία-οὐχ (2), ἀνδρείας-οὔ (2), ἀνδρειότατε-οὐ (2), ἀνδρείως-οὐκ (1), ἀνδρείως-οὔ (1), ἀνδρείους-οὐχί (1), ἀνδρειοτάτην-οὔ (1), ἀνδρίαν-οὐ (1), ἀνδρεῖοι-οὐ (1), ἀνδρεῖοι-οὐχ (1), ἀνδρεῖος-οὐκ (1), ἀνδρείᾳ-οὐχ (1), ἀνδρείαν-οὐκ (1), ἀνδρεία-οὐχί (1), ἀνδρειοτάτην-οὐ (1), ἀνδρειότερον-οὐκ (1)"
τε,ανδρει,194.081686396152,53,34,19,9,8,2,10,5,0,8,1,3,3,4,"ἀνδρείαν-τε (13), ἀνδρείου-τε (6), ἀνδρείως-τε (6), ἀνδρεῖοι-τε (5), ἀνδρεία-τε (5), ἀνδρείας-τε (4), ἀνδρείᾳ-τε (3), ἀνδρεῖον-τε (2), ἀνδρειότατος-τε (2), ἀνδρειότεροι-τε (1), ἀνδρεῖος-τε (1), ἀνδρειότερος-τε (1), ἀνδρείους-τε (1), ἀνδρείαν-τέ (1), ἀνδρειοτάτους-τε (1), ἀνδρείῳ-τε (1)"
δειλός,ανδρει,187.930402487516,17,12,5,0,2,5,3,2,0,0,2,0,1,2,"ἀνδρεῖοι-δειλοί (7), ἀνδρεῖος-δειλῶν (1), ἀνδρείαν-δειλοί (1), ἀνδρείους-δειλοί (1), ἀνδρεῖον-δειλοῦ (1), ἀνδρείου-δειλοῦ (1), ἀνδρείου-δειλός (1), ἀνδρείους-δειλούς (1), ἀνδρεῖος-δειλόν (1), ἀνδρεῖοι-δειλῶν (1), ἀνδρείαν-δειλήν (1)"
ἤ,ανδρει,179.9609625265,48,24,24,3,2,8,3,8,0,6,6,5,6,1,"ἀνδρείαν-ἤ (15), ἀνδρεῖοι-ἤ (7), ἀνδρείους-ἤ (4), ἀνδρεία-ἤ (4), ἀνδρειότερον-ἤ (4), ἀνδρείας-ἤ (2), ἀνδρείῳ-ἤ (2), ἀνδρίας-ἤ (2), ἀνδρεῖον-ἤ (1), ἀνδρεῖος-ἤ (1), ἀνδρειότεροι-ἤ (1), ἀνδρειοτέροις-ἤ (1), ἀνδρειότατος-ἤ (1), ἀνδρείᾳ-ἤ (1), ἀνδρειοτέρους-ἤ (1), ἀνδρείου-ἤ (1)"
θαρσαλέος,ανδρει,177.880712557584,15,8,7,0,1,3,2,2,0,3,1,3,0,0,"ἀνδρείους-θαρραλέους (5), ἀνδρεῖοι-θαρραλέοι (3), ἀνδρεία-θαρραλέων (2), ἀνδρειότερον-θαρραλεώτερον (1), ἀνδρείους-θαρραλέοι (1), ἀνδρειότατοι-θαρραλεώτατοι (1), ἀνδρείως-θαρραλέως (1), ἀνδρεῖοι-θαρραλέα (1)"
γε,ανδρει,166.611488983035,40,24,16,3,6,7,3,5,0,3,0,5,7,1,"ἀνδρείαν-γε (9), ἀνδρεία-γε (7), ἀνδρείας-γε (7), ἀνδρείους-γε (5), ἀνδρεῖοι-γε (4), ἀνδρεῖον-γε (3), ἀνδρειότατα-γε (2), ἀνδρειότατος-γε (1), ἀνδρεῖος-γε (1), ἀνδρειότατε-γε (1)"
τίς,ανδρει,164.704155929387,50,21,29,6,4,4,5,2,0,9,5,5,1,9,"ἀνδρεία-τί (10), ἀνδρείαν-τί (5), ἀνδρείας-τοῦ (4), ἀνδρεῖος-τίς (4), ἀνδρείαν-τοῦ (3), ἀνδρεῖος-τί (3), ἀνδρειοτάτου-τοῦ (2), ἀνδρεία-τοῦ (2), ἀνδρείους-τί (2), ἀνδρειότατον-τοῦ (1), ἀνδρείᾳ-τοῦ (1), ἀνδρειοτέρου-τοῦ (1), ἀνδρεῖος-τοῦ (1), ἀνδρείῳ-τί (1), ἀνδρείως-τίς (1), ἀνδρεῖον-τοῦ (1), ἀνδρείως-τί (1), ἀνδρείαν-τίς (1), ἀνδρεῖον-τί (1), ἀνδρείους-τοῦ (1), ἀνδρεῖοι-τί (1), ἀνδρείου-τίνες (1), ἀνδρείου-τοῦ (1), ἀνδρείους-τίς (1)"
λα,ανδρει,159.251843061298,15,0,15,0,0,0,0,0,0,3,4,4,0,4,"ἀνδρεία-λα (6), ἀνδρείαν-λα (6), ἀνδρεῖον-λα (1), ἀνδρείους-λα (1), ἀνδρειοτέρους-λα (1)"
σοφ,ανδρει,158.586496446282,24,11,13,1,2,3,4,1,0,0,4,5,2,2,"ἀνδρεία-σοφία (7), ἀνδρείᾳ-σοφίᾳ (2), ἀνδρίας-σοφίας (2), ἀνδρείαν-σοφίαν (2), ἀνδρεία-σοφή (2), ἀνδρείαν-σοφήν (2), ἀνδρεῖον-σοφόν (1), ἀνδρείαν-σοφώτατε (1), ἀνδρείου-σοφοῦ (1), ἀνδρείας-σοφίας (1), ἀνδρία-σοφία (1), ἀνδρεῖος-σοφός (1), ἀνδρείας-σοφία (1)"
μέν,ανδρει,130.717231191695,47,27,20,4,2,3,4,14,0,7,1,6,3,3,"ἀνδρείαν-μέν (10), ἀνδρείας-μέν (6), ἀνδρεῖον-μέν (5), ἀνδρείως-μέν (4), ἀνδρεία-μέν (4), ἀνδρείους-μέν (3), ἀνδρίας-μέν (3), ἀνδρειότατος-μέν (2), ἀνδρεῖος-μέν (2), ἀνδρίαν-μέν (2), ἀνδρείᾳ-μέν (1), ἀνδρείου-μέν (1), ἀνδρειότατοι-μέν (1), ἀνδρεῖοι-μέν (1), ἀνδρειότερα-μέν (1), ἀνδρειότατον-μέν (1)"
δικαι,ανδρει,128.191503848881,24,14,10,1,4,4,4,1,0,0,2,1,5,2,"ἀνδρεία-δικαιοσύνη (7), ἀνδρείας-δικαιοσύνης (2), ἀνδρείᾳ-δικαιοσύνῃ (2), ἀνδρείαν-δικαιοσύνην (2), ἀνδρεῖον-δίκαιον (2), ἀνδρεία-δικαία (1), ἀνδρείᾳ-δικαιοσύνην (1), ἀνδρείας-δικαιοσύνη (1), ἀνδρεία-δικαίως (1), ἀνδρίας-δικαιοσύνης (1), ἀνδρία-δικαιοσύνη (1), ἀνδρείου-δικαίου (1), ἀνδρείαν-δικαίαν (1), ἀνδρειότατος-δικαιοσύνης (1)"
ἄν,ανδρει,125.986632369459,43,17,26,3,6,4,1,3,0,9,5,6,3,3,"ἀνδρεία-ἄν (9), ἀνδρείας-ἄν (7), ἀνδρεῖον-ἄν (5), ἀνδρείαν-ἄν (5), ἀνδρεῖος-ἄν (4), ἀνδρεῖοι-ἄν (2), ἀνδρειότερον-ἄν (2), ἀνδρείως-ἄν (2), ἀνδρειοτάτου-ἄν (1), ἀνδρειότατος-ἄν (1), ἀνδρειοτάτην-ἄν (1), ἀνδρείους-ἄν (1), ἀνδρειότατε-ἄν (1), ἀνδρείαν-κα (1), ἀνδρείῳ-ἄν (1)"
φημί,ανδρει,110.231728859246,34,13,21,4,4,2,1,2,0,2,4,5,5,5,"ἀνδρείαν-ἔφη (5), ἀνδρεία-ἔφη (4), ἀνδρείας-φαῖμεν (2), ἀνδρείαν-φάναι (2), ἀνδρείας-φαίη (2), ἀνδρείας-ἔφη (1), ἀνδρειοτάτους-ἔφην (1), ἀνδρειότερον-φαίης (1), ἀνδρειοτέρους-φήσεις (1), ἀνδρείας-φησί (1), ἀνδρείους-φῄς (1), ἀνδρεῖος-φῄς (1), ἀνδρεῖον-φαμεν (1), ἀνδρείᾳ-φαμεν (1), ἀνδρεῖοι-ἔφη (1), ἀνδρειότατοι-ἔφη (1), ἀνδρειότατοι-φασί (1), ἀνδρεῖον-φήσεις (1), ἀνδρεῖοι-φῄς (1), ἀνδρείους-ἔφην (1), ἀνδρείους-φασί (1), ἀνδρείαν-φῄς (1), ἀνδρεία-ἔφην (1), ἀνδρείαν-φαμεν (1)"
γάρ,ανδρει,105.460753068328,36,9,27,4,3,0,1,1,0,7,7,4,6,3,"ἀνδρείαν-γάρ (13), ἀνδρείους-γάρ (4), ἀνδρεία-γάρ (4), ἀνδρείας-γάρ (4), ἀνδρεῖος-γάρ (3), ἀνδρεῖοι-γάρ (1), ἀνδρεῖον-γάρ (1), ἀνδρειότατος-γάρ (1), ἀνδρίαν-γάρ (1), ἀνδρίας-γάρ (1), ἀνδρειοτάτους-γάρ (1), ἀνδρείᾳ-γάρ (1), ἀνδρείως-γάρ (1)"
οὗτος,ανδρει,103.603051926941,44,22,22,5,1,5,5,6,0,2,5,7,4,4,"ἀνδρείαν-τοῦτο (4), ἀνδρείως-ταῦτα (3), ἀνδρείαν-ταῦτα (3), ἀνδρεία-τούτοις (2), ἀνδρείας-τούτων (2), ἀνδρεία-τοῦτο (2), ἀνδρείαν-τούτῳ (2), ἀνδρείαν-τούτων (2), ἀνδρείας-τοῦτο (2), ἀνδρείους-τούτους (2), ἀνδρεία-τούτων (2), ἀνδρεῖος-οὗτος (2), ἀνδρείως-τούτου (1), ἀνδρεία-αὕτη (1), ἀνδρείους-τοῦτον (1), ἀνδρειότατοι-τοῦτον (1), ἀνδρεία-ταύτης (1), ἀνδρεία-ταῦτα (1), ἀνδρεῖον-τούτοις (1), ἀνδρεῖος-τούτῳ (1), ἀνδρεῖον-ταῦτα (1), ἀνδρεῖος-ταύτην (1), ἀνδρειοτέρους-ταῦτα (1), ἀνδρεῖον-τούτῳ (1), ἀνδρίαν-τούτοις (1), ἀνδρεῖος-ταῦτα (1), ἀνδρεῖον-τοῦτο (1), ἀνδρεῖον-τοῦτον (1)"
ὅτι,ανδρει,92.6413922794163,30,18,12,3,7,1,4,3,0,4,1,3,2,2,"ἀνδρείαν-ὅτι (6), ἀνδρεία-ὅτι (6), ἀνδρείας-ὅτι (4), ἀνδρείως-ὅτι (2), ἀνδρεῖος-ὅτι (2), ἀνδρείας-ὅ (2), ἀνδρείαν-ὅ (1), ἀνδρειοτάτους-ὅτι (1), ἀνδρεία-ὅ (1), ἀνδρείους-ὅ (1), ἀνδρεῖος-ὅ (1), ἀνδρείᾳ-ὅ (1), ἀνδρειοτέρου-ὅτι (1), ἀνδρείους-ὅτι (1)"
αὐτός,ανδρει,87.6078051626682,37,20,17,4,4,7,4,1,0,4,6,1,1,5,"ἀνδρεία-αὐτή (5), ἀνδρείας-αὐτῆς (2), ἀνδρείαν-αὐτό (2), ἀνδρεῖος-αὐτόν (2), ἀνδρείας-αὐτό (2), ἀνδρειότερον-αὐτός (1), ἀνδρείως-αὐτά (1), ἀνδρειότατε-αὐτήν (1), ἀνδρεία-αὐτήν (1), ἀνδρείους-αὐτούς (1), ἀνδρεῖος-αὐτήν (1), ἀνδρείαν-αὐτά (1), ἀνδρείως-αὐτήν (1), ἀνδρεία-αὐτῶν (1), ἀνδρεῖοι-αὐτῶν (1), ἀνδρείας-αὐτοῖς (1), ἀνδρεῖος-αὐτούς (1), ἀνδρειότατος-αὐτήν (1), ἀνδρείαν-αὐτοῖς (1), ἀνδρεῖος-αὐτό (1), ἀνδρειότατον-αὐτῶν (1), ἀνδρεία-αὐτά (1), ἀνδρεῖοι-αὐτῇ (1), ἀνδρειότερον-αὐτόν (1), ἀνδρειότερος-αὐτός (1), ἀνδρείας-αὐτός (1), ἀνδρείους-αὐτῶν (1), ἀνδρείαν-αὐτός (1), ἀνδρείᾳ-αὐτῇ (1)"
ὅς,ανδρει,85.649699434638,31,14,17,6,3,2,3,0,0,2,5,6,2,2,"ἀνδρεία-ὧν (2), ἀνδρείως-ἅ (2), ἀνδρίαν-οὕς (1), ἀνδρίαν-ἧς (1), ἀνδρεία-ᾧ (1), ἀνδρειότατος-ὧν (1), ἀνδρείους-ἅπερ (1), ἀνδρειότερα-αἷς (1), ἀνδρειοτάτους-ᾧ (1), ἀνδρείαν-ἅ (1), ἀνδρείας-ὧν (1), ἀνδρείᾳ-ἅ (1), ἀνδρειοτέροις-ἅ (1), ἀνδρεῖοι-ὧν (1), ἀνδρεῖον-ὅν (1), ἀνδρείαν-ὧν (1), ἀνδρείαν-οἵ (1), ἀνδρεῖοι-οἵ (1), ἀνδρεῖος-ἅπερ (1), ἀνδρείῳ-ἧς (1), ἀνδρεῖος-ᾧ (1), ἀνδρείου-οὕς (1), ἀνδρείους-οὕς (1), ἀνδρειότατε-ἥν (1), ἀνδρείαν-ώ (1), ἀνδρείους-ἅ (1), ἀνδρειότεροι-οἵ (1), ἀνδρεῖοι-ἅ (1), ἀνδρεία-οὕς (1)"
πρός,ανδρει,85.1344147473574,25,17,8,1,5,1,5,5,0,1,2,2,1,2,"ἀνδρείαν-πρός (12), ἀνδρείας-πρός (4), ἀνδρείους-πρός (3), ἀνδρεία-πρός (1), ἀνδρεῖον-πρός (1), ἀνδρεῖος-πρός (1), ἀνδρειότατος-πρός (1), ἀνδρείᾳ-πρός (1), ἀνδρίαν-πρός (1)"
μή,ανδρει,84.3346093706787,27,13,14,5,4,1,2,1,0,3,3,3,2,3,"ἀνδρεία-μή (5), ἀνδρεῖος-μή (5), ἀνδρεῖον-μή (4), ἀνδρείους-μή (3), ἀνδρείαν-μή (2), ἀνδρειοτέροις-μή (1), ἀνδρείως-μή (1), ἀνδρεῖοι-μή (1), ἀνδρείου-μή (1), ἀνδρίας-μή (1), ἀνδρειότατα-μή (1), ἀνδρειότατος-μή (1), ἀνδρείῳ-μή (1)"
ὦ,ανδρει,78.4779567681253,23,15,8,1,7,2,4,1,0,0,2,0,3,3,"ἀνδρεία-ὦ (6), ἀνδρείαν-ὦ (6), ἀνδρειότατε-ὦ (3), ἀνδρείως-ὦ (3), ἀνδρεῖον-ὦ (2), ἀνδρεῖοι-ὦ (2), ἀνδρείας-ὦ (1)"
δεινώ,ανδρει,76.8069678768516,8,5,3,1,3,0,0,1,0,0,1,1,1,0,"ἀνδρεία-δεινῶν (4), ἀνδρείαν-δεινῶν (2), ἀνδρειοτέρους-δεινῶν (1), ἀνδρεῖον-δεινῶν (1)"
δειλιάω,ανδρει,75.9765718057752,7,2,5,0,1,0,1,0,0,0,2,2,1,0,"ἀνδρείαν-δειλίαν (3), ἀνδρείας-δειλίας (3), ἀνδρεία-δειλία (1)"
τις,ανδρει,75.7798045314848,30,17,13,4,3,5,4,1,0,0,2,3,4,4,"ἀνδρείαν-τι (5), ἀνδρεία-τι (3), ἀνδρείαν-τινα (2), ἀνδρείους-τι (2), ἀνδρεῖον-τινά (2), ἀνδρεῖον-τινα (2), ἀνδρείαν-τις (2), ἀνδρείαν-τινά (2), ἀνδρειοτέρους-τινι (1), ἀνδρεία-τινί (1), ἀνδρειότερον-τι (1), ἀνδρειότατοι-τινες (1), ἀνδρεῖος-τις (1), ἀνδρείας-τις (1), ἀνδρείας-τισίν (1), ἀνδρειότερα-τινας (1), ἀνδρειοτάτην-τι (1), ἀνδρείῳ-τις (1)"
ἐγώ,ανδρει,74.6295032165945,31,16,15,2,5,4,4,1,0,2,2,3,5,3,"ἀνδρείαν-ἐγώ (4), ἀνδρεία-ἐγώ (3), ἀνδρεῖον-ἐγώ (3), ἀνδρείαν-ἔγωγε (2), ἀνδρεία-μοι (2), ἀνδρείως-ἐγώ (1), ἀνδρείαν-ἔμοιγε (1), ἀνδρείαν-ἡμεῖς (1), ἀνδρείους-ἐγώ (1), ἀνδρείας-ἐγώ (1), ἀνδρεία-ἡμῖν (1), ἀνδρείᾳ-ἐγώ (1), ἀνδρείαν-μοι (1), ἀνδρείας-ἡμῖν (1), ἀνδρεία-με (1), ἀνδρεῖοι-με (1), ἀνδρεία-ἔμοιγε (1), ἀνδρείαν-ἡμῖν (1), ἀνδρείας-ἔμοιγε (1), ἀνδρείως-μοι (1), ἀνδρεῖοι-ἔμοιγε (1), ἀνδρειότατοι-μοι (1)"
λέγω,ανδρει,72.0792101621628,26,17,9,2,6,2,6,1,0,2,2,1,1,3,"ἀνδρείους-λέγεις (4), ἀνδρείαν-λέγω (3), ἀνδρεία-λέγεις (2), ἀνδρείαν-λέγεις (2), ἀνδρεία-ἐλέγομεν (1), ἀνδρίαν-λέγουσιν (1), ἀνδρεία-λέγω (1), ἀνδρεῖον-ἐλέγομεν (1), ἀνδρείαν-λέγειν (1), ἀνδρείᾳ-λέγεις (1), ἀνδρείαν-ἔλεγες (1), ἀνδρεία-λέγομεν (1), ἀνδρεῖον-λέγει (1), ἀνδρείους-λέγοι (1), ἀνδρειότερον-λέγοι (1), ἀνδρείους-ἔλεγες (1), ἀνδρείως-λεγόμενος (1), ἀνδρείας-λέγεις (1), ἀνδρεῖοι-λέγεται (1)"
καρτερία,ανδρει,65.8320861048996,6,4,2,1,0,0,1,2,0,0,2,0,0,0,"ἀνδρείαν-καρτερίαν (3), ἀνδρεία-καρτερία (2), ἀνδρείας-καρτερίας (1)"
φρον,ανδρει,64.2690127566457,11,4,7,2,0,1,1,0,0,0,2,3,2,0,"ἀνδρεία-φρόνησις (4), ἀνδρείαν-φρόνησιν (3), ἀνδρείας-φρονήσεως (2), ἀνδρείας-φρόνησις (1), ἀνδρείως-φρονήσεως (1)"
ἄλλος,ανδρει,63.669411458075,23,10,13,0,3,1,5,1,0,1,6,0,4,2,"ἀνδρείαν-ἄλλων (2), ἀνδρείαν-ἄλλο (2), ἀνδρεία-ἄλλο (2), ἀνδρείου-ἄλλα (1), ἀνδρείους-ἄλλο (1), ἀνδρεία-ἄλλας (1), ἀνδρείαν-ἄλλην (1), ἀνδρεῖος-ἄλλα (1), ἀνδρείᾳ-ἄλλῃ (1), ἀνδρειότατος-ἄλλων (1), ἀνδρεῖοι-ἄλλων (1), ἀνδρεία-ἄλλων (1), ἀνδρειοτάτου-ἄλλων (1), ἀνδρείαν-τἆλλα (1), ἀνδρειοτέρους-ἄλλῳ (1), ἀνδρείας-τἆλλα (1), ἀνδρείαν-ἄλλοι (1), ἀνδρεῖοι-ἄλλους (1), ἀνδρείους-ἄλλος (1), ἀνδρειότερον-ἄλλο (1)"
σω,ανδρει,60.5253786817193,19,8,11,3,1,2,1,1,0,1,2,2,2,4,"ἀνδρεία-σω (5), ἀνδρείας-σω (5), ἀνδρεῖον-σω (3), ἀνδρείαν-σω (2), ἀνδρεῖοι-σω (1), ἀνδρείους-σω (1), ἀνδρεῖος-σω (1), ἀνδρειότατε-σω (1)"
ἐν,ανδρει,58.1135704442859,23,6,17,2,2,2,0,0,0,2,5,2,6,2,"ἀνδρείαν-ἐν (5), ἀνδρεία-ἐν (4), ἀνδρεῖον-ἐν (3), ἀνδρείους-ἐν (2), ἀνδρειότερον-ἐν (2), ἀνδρείᾳ-ἐν (1), ἀνδρίαν-ἐν (1), ἀνδρείου-ἐν (1), ἀνδρείαν-κἀν (1), ἀνδρείας-ἐν (1), ἀνδρείως-ἐν (1), ἀνδρεῖοι-ἐν (1)"
νι,ανδρει,57.5068600922823,6,1,5,0,1,0,0,0,0,1,3,1,0,0,"ἀνδρεῖος-νι (2), ἀνδρεία-νι (2), ἀνδρείους-νι (1), ἀνδρείαν-νι (1)"
εἰ,ανδρει,56.6800504475832,20,8,12,2,2,1,3,0,0,2,0,5,2,3,"ἀνδρεῖοι-εἰ (5), ἀνδρεῖον-εἰ (3), ἀνδρεία-εἰ (2), ἀνδρείως-εἰ (2), ἀνδρείαν-εἰ (2), ἀνδρειότατε-εἴ (1), ἀνδρείᾳ-εἰ (1), ἀνδρειότατα-εἰ (1), ἀνδρείας-εἰ (1), ἀνδρεῖος-εἰ (1), ἀνδρείους-εἰ (1)"
εἶπον,ανδρει,54.8212209269404,14,9,5,3,0,3,0,3,0,0,3,2,0,0,"ἀνδρείαν-εἰπεῖν (2), ἀνδρεία-εἰπεῖν (2), ἀνδρείας-εἰπεῖν (2), ἀνδρεία-εἰπέ (2), ἀνδρείως-εἰπέ (1), ἀνδρείαν-εἰπών (1), ἀνδρείαν-εἴποι (1), ἀνδρεῖος-εἰπεῖν (1), ἀνδρεῖον-εἰπεῖν (1), ἀνδρείου-εἰπεῖν (1)"
σύ,ανδρει,53.5401484519243,21,11,10,3,3,1,2,2,0,1,3,3,1,2,"ἀνδρείαν-σύ (7), ἀνδρείως-σοι (3), ἀνδρείαν-σοι (2), ἀνδρείαν-ὑμῖν (1), ἀνδρεῖοι-σοῦ (1), ἀνδρεῖοι-σύ (1), ἀνδρεῖοι-σοι (1), ἀνδρείαν-σε (1), ἀνδρείαν-σοῦ (1), ἀνδρεία-τίν (1), ἀνδρείους-σύ (1), ἀνδρεία-σοι (1)"
οὖν,ανδρει,53.1097306758165,19,14,5,4,4,3,1,2,0,0,0,0,2,3,"ἀνδρείαν-οὖν (6), ἀνδρείας-οὖν (4), ἀνδρεία-οὖν (2), ἀνδρείως-οὖν (2), ἀνδρείους-οὖν (2), ἀνδρεῖον-οὖν (1), ἀνδρειότατος-οὖν (1), ἀνδρίαν-οὖν (1)"
πᾶς,ανδρει,52.4742969349027,19,9,10,3,1,0,3,2,0,2,2,2,3,1,"ἀνδρειότατε-πάντων (3), ἀνδρείαν-πάντα (3), ἀνδρεία-πάντα (2), ἀνδρεία-πάντων (2), ἀνδρεῖος-πάντα (1), ἀνδρειότατος-πάντων (1), ἀνδρειοτάτου-πάντων (1), ἀνδρείους-πάντας (1), ἀνδρειότατον-πᾶν (1), ἀνδρεία-πᾶσα (1), ἀνδρείους-πάντες (1), ἀνδρεῖοι-πάντες (1), ἀνδρείας-πάντων (1)"
δεῖ,ανδρει,52.4294027350843,14,8,6,2,4,1,1,0,0,2,1,1,1,1,"ἀνδρείας-δεῖ (2), ἀνδρεῖον-δεῖ (2), ἀνδρειότατε-δεῖν (1), ἀνδρίαν-δεῖ (1), ἀνδρεῖον-δέει (1), ἀνδρείους-δεῖ (1), ἀνδρείως-δεῖ (1), ἀνδρείαν-δεῖ (1), ἀνδρειοτέρου-δέῃ (1), ἀνδρεῖος-δεῖ (1), ἀνδρείαν-δέον (1), ἀνδρειοτέρου-δεῖ (1)"
ἡγέομαι,ανδρει,52.3591338954866,11,5,6,2,0,0,1,2,0,2,1,1,1,1,"ἀνδρείαν-ἡγῇ (3), ἀνδρείαν-ἡγεῖσθαι (2), ἀνδρείως-ἡγοῦμαι (1), ἀνδρείους-ἡγῇ (1), ἀνδρειότατον-ἡγούμενον (1), ἀνδρείους-ἡγουμένους (1), ἀνδρείᾳ-ἡγούμενοι (1), ἀνδρεῖον-ἡγῇ (1)"
μής,ανδρει,50.9792418144643,13,9,4,2,2,2,0,3,0,0,1,1,1,1,"ἀνδρείαν-μήν (3), ἀνδρεῖος-μήν (2), ἀνδρείας-μήν (2), ἀνδρεία-μήν (2), ἀνδρεῖον-μά (1), ἀνδρεῖον-μήν (1), ἀνδρεία-μά (1), ἀνδρείως-μήν (1)"
ψυχή,ανδρει,50.6170580647886,12,6,6,2,3,0,0,1,0,2,2,1,0,1,"ἀνδρεία-ψυχή (3), ἀνδρείας-ψυχῆς (2), ἀνδρεῖον-ψυχῇ (1), ἀνδρείαν-ψυχῇ (1), ἀνδρεία-ψυχῆς (1), ἀνδρειοτάτην-ψυχήν (1), ἀνδρείας-ψυχῇ (1), ἀνδρείαν-ψυχαῖς (1), ἀνδρείας-ψυχή (1)"
δ,ανδρει,50.4097735695541,21,12,9,3,3,2,3,1,0,0,0,1,4,4,"ἀνδρείαν-δ (7), ἀνδρεῖος-δ (3), ἀνδρείας-δ (3), ἀνδρεῖον-δ (2), ἀνδρεία-δ (2), ἀνδρίας-δ (1), ἀνδρείους-δ (1), ἀνδρειότατον-δ (1), ἀνδρειοτάτου-δ (1)"
καλός,ανδρει,50.1723697073758,15,5,10,1,2,0,2,0,0,5,2,2,0,1,"ἀνδρεία-καλόν (2), ἀνδρείας-καλόν (2), ἀνδρείαν-καλῶς (2), ἀνδρεῖος-καλοῖς (1), ἀνδρείαν-καλῶ (1), ἀνδρεία-καλῶς (1), ἀνδρείως-καλῶς (1), ἀνδρεῖον-καλοῖς (1), ἀνδρεία-καλή (1), ἀνδρείᾳ-καλῶ (1), ἀνδρείαν-καλόν (1), ἀνδρεῖον-καλῶ (1)"
ὁ,ἀνδρεῖα,47.0648431219161,14,11,3,2,1,2,1,5,0,0,1,1,1,0,"ἀνδρείων-τῶν (7), ἀνδρείων-τά (3), ἀνδρείων-τήν (1), ἀνδρείων-τάς (1), ἀνδρείων-τό (1), ἀνδρείων-οἱ (1)"
εὖ,ανδρει,46.9041075594723,10,7,3,1,0,2,4,0,0,0,0,2,1,0,"ἀνδρείως-εὖ (6), ἀνδρεῖος-εὖ (3), ἀνδρείαν-εὖ (1)"
μεγαλοπρέπεια,ανδρει,46.5413609221578,4,1,3,0,0,1,0,0,0,1,2,0,0,0,"ἀνδρεία-μεγαλοπρέπεια (2), ἀνδρείαν-μεγαλοπρέπειαν (2)"
μετ,ανδρει,45.5230344980955,7,4,3,0,1,0,0,3,0,1,1,0,1,0,"ἀνδρείας-μετ (4), ἀνδρείαν-μετ (3)"
οἷος,ανδρει,44.6015846990049,10,4,6,0,2,0,0,2,0,0,2,1,1,2,"ἀνδρεία-οἷον (6), ἀνδρείαν-οἷον (3), ἀνδρεῖος-οἷος (1)"
νικίας,ανδρει,43.3587683625519,5,3,2,1,0,1,0,1,0,0,0,1,0,1,"ἀνδρεία-νικία (2), ἀνδρείας-νικία (1), ἀνδρείας-νικίας (1), ἀνδρεῖος-νικία (1)"
αὖ,ανδρει,43.1329295225441,11,5,6,2,1,0,2,0,0,0,0,0,4,2,"ἀνδρεία-αὖ (4), ἀνδρείαν-αὖ (2), ἀνδρεῖον-αὖ (2), ἀνδρεῖος-αὖ (1), ἀνδρεῖοι-αὖ (1), ἀνδρειότεροι-αὖ (1)"
ἀλλά,ανδρει,42.8674499578774,15,7,8,3,0,0,4,0,0,3,3,0,0,2,"ἀνδρεῖοι-ἀλλά (3), ἀνδρεία-ἀλλά (3), ἀνδρείους-ἀλλά (2), ἀνδρείας-ἀλλά (2), ἀνδρείαν-ἀλλά (1), ἀνδρείως-ἀλλά (1), ἀνδρειοτέρου-ἀλλά (1), ἀνδρείᾳ-ἀλλά (1), ἀνδρειότατος-ἀλλά (1)"
θάρσος,ανδρει,42.1456871554255,4,2,2,0,0,1,1,0,0,0,1,1,0,0,"ἀνδρεία-θάρρος (1), ἀνδρείους-θάρσος (1), ἀνδρείας-θάρρους (1), ἀνδρείαν-θάρσος (1)"
φύω,ανδρει,41.7663102932274,9,5,4,2,0,2,0,1,0,2,2,0,0,0,"ἀνδρείαν-φύσιν (3), ἀνδρείαν-πεφυκέναι (2), ἀνδρεία-πέφυκεν (1), ἀνδρείας-πεφυκός (1), ἀνδρειότεροι-φύονται (1), ἀνδρείᾳ-φύσιν (1)"
ἀρετή,ανδρει,40.6026787757874,9,4,5,1,0,1,1,1,0,0,0,2,2,1,"ἀνδρείαν-ἀρετήν (2), ἀνδρείαν-ἀρετῆς (2), ἀνδρεία-ἀρετῆς (2), ἀνδρεία-ἀρετάς (1), ἀνδρεία-ἀρετή (1), ἀνδρείᾳ-ἀρετῇ (1)"
ἴτης,ανδρει,40.2000762186944,3,2,1,0,0,2,0,0,0,0,0,1,0,0,"ἀνδρείους-ἴτας (2), ἀνδρεῖος-ἴτης (1)"
οὕτως,ανδρει,39.9245408810675,14,3,11,1,1,1,0,0,0,2,3,2,0,4,"ἀνδρείαν-οὕτω (4), ἀνδρείαν-οὕτως (2), ἀνδρεῖον-οὕτως (2), ἀνδρείας-οὕτω (1), ἀνδρεῖοι-οὕτω (1), ἀνδρεία-οὕτως (1), ἀνδρίαν-οὕτως (1), ἀνδρεία-οὕτω (1), ἀνδρείᾳ-οὕτω (1)"
ἐπιστήμη,ανδρει,39.402275506407,8,3,5,0,0,1,1,1,0,2,1,1,0,1,"ἀνδρεία-ἐπιστήμη (3), ἀνδρείαν-ἐπιστήμην (3), ἀνδρείαν-ἐπιστήμης (1), ἀνδρεῖον-ἐπιστήμης (1)"
σωφρ,ἀνδρεῖα,39.2820184864104,4,3,1,0,0,2,0,1,0,0,1,0,0,0,"ἀνδρείων-σωφρόνων (3), ἀνδρείων-σώφρονα (1)"
ν,ανδρει,38.613225672394,3,3,0,3,0,0,0,0,0,0,0,0,0,0,"ἀνδρείαν-ν (1), ἀνδρεῖον-ν (1), ἀνδρείως-ν (1)"
ἀγαθός,ανδρει,38.2843001633883,12,5,7,0,1,1,2,1,0,3,1,1,0,2,"ἀνδρεῖος-ἀγαθός (2), ἀνδρεῖον-τἀγαθά (2), ἀνδρειότατε-ἀγαθόν (1), ἀνδρεῖον-ἀγαθόν (1), ἀνδρείαν-ἀγαθοῦ (1), ἀνδρείαν-ἀγαθόν (1), ἀνδρείας-ἀγαθοῦ (1), ἀνδρεῖος-ἀγαθοῖς (1), ἀνδρείως-ἀγαθόν (1), ἀνδρεῖοι-ἀγαθοί (1)"
δειλίας,ανδρει,37.3710773251951,3,2,1,0,1,0,0,1,0,1,0,0,0,0,"ἀνδρεία-δειλίᾳ (2), ἀνδρεῖον-δειλίᾳ (1)"
μᾶλλον,ανδρει,37.1973583698273,10,3,7,0,0,1,2,0,0,3,0,2,1,1,"ἀνδρείαν-μᾶλλον (3), ἀνδρεῖοι-μᾶλλον (2), ἀνδρείᾳ-μᾶλλον (1), ἀνδρεία-μᾶλλον (1), ἀνδρεῖον-μᾶλλον (1), ἀνδρείους-μᾶλλον (1), ἀνδρείας-μᾶλλον (1)"
δή,ανδρει,37.0205279067159,16,7,9,1,2,1,1,2,0,1,3,1,1,3,"ἀνδρείαν-δή (3), ἀνδρείας-δή (2), ἀνδρεῖος-δή (2), ἀνδρεῖον-δή (2), ἀνδρείᾳ-δή (1), ἀνδρεία-δή (1), ἀνδρειότατος-δή (1), ἀνδρειοτάτους-δή (1), ἀνδρεῖοι-δή (1), ἀνδρείους-δή (1), ἀνδρειότατοι-δή (1)"
_,ανδρει,36.8645581938326,12,4,8,1,2,1,0,0,0,2,3,0,2,1,"ἀνδρεία-_ (3), ἀνδρεῖοι-_ (3), ἀνδρεῖος-_ (3), ἀνδρείους-_ (1), ἀνδρείαν-_ (1), ἀνδρειότατοι-_ (1)"
λάχης,ανδρει,35.8063700087368,4,3,1,0,0,1,2,0,0,0,0,0,0,1,"ἀνδρείαν-λάχης (2), ἀνδρεία-λάχης (1), ἀνδρεῖον-λάχης (1)"
εὐμάθεια,ανδρει,34.7169016040862,3,1,2,0,1,0,0,0,0,0,2,0,0,0,"ἀνδρεία-εὐμάθεια (2), ἀνδρείαν-εὐμαθίαν (1)"
μάντις,ανδρει,34.577938940376,4,3,1,0,1,1,1,0,0,0,0,0,1,0,"ἀνδρεῖος-μάντις (2), ἀνδρείους-μάντεις (1), ἀνδρεῖος-μάντει (1)"
ὡς,ανδρει,34.3597658239305,16,9,7,0,3,2,0,4,0,1,1,2,1,2,"ἀνδρεία-ὡς (3), ἀνδρείως-ὡς (3), ἀνδρεῖον-ὡς (2), ἀνδρείαν-ὥς (1), ἀνδρειότατος-ὡς (1), ἀνδρείας-ὡς (1), ἀνδρείαν-ὡς (1), ἀνδρεῖος-ὥς (1), ἀνδρεῖοι-ὡς (1), ἀνδρείους-ὡς (1), ἀνδρία-ὡς (1)"
ανδρει,ανδρει,32.9928778931499,6,3,3,1,1,1,0,0,365,0,0,1,1,1,"ἀνδρείας-ἀνδρείας (2), ἀνδρεία-ἀνδρείως (1), ἀνδρείως-ἀνδρεία (1), ἀνδρείαν-ἀνδρείους (1), ἀνδρείους-ἀνδρείαν (1), ἀνδρειότατοι-ἀνδρειότατοι (0), ἀνδρειότατος-ἀνδρειότατος (0), ἀνδρειότερα-ἀνδρειότερα (0), ἀνδρειοτέροις-ἀνδρειοτέροις (0), ἀνδρειότατον-ἀνδρειότατον (0), ἀνδρειότερον-ἀνδρειότερον (0), ἀνδρεῖοι-ἀνδρεῖοι (0), ἀνδρειότατε-ἀνδρειότατε (0), ἀνδρειότατα-ἀνδρειότατα (0), ἀνδρειοτέρους-ἀνδρειοτέρους (0), ἀνδρείῳ-ἀνδρείῳ (0), ἀνδρείαις-ἀνδρείαις (0), ἀνδρειοτάτους-ἀνδρειοτάτους (0), ἀνδρειοτάτου-ἀνδρειοτάτου (0), ἀνδρίας-ἀνδρίας (0), ἀνδρειοτάτην-ἀνδρειοτάτην (0), ἀνδρειότεροι-ἀνδρειότεροι (0), ἀνδρειοτέρου-ἀνδρειοτέρου (0), ἀνδρεῖος-ἀνδρεῖος (0), ἀνδρείᾳ-ἀνδρείᾳ (0), ἀνδρείους-ἀνδρείους (0), ἀνδρείου-ἀνδρείου (0), ἀνδρείως-ἀνδρείως (0), ἀνδρία-ἀνδρία (0), ἀνδρίαν-ἀνδρίαν (0), ἀνδρεία-ἀνδρεία (0), ἀνδρειότερος-ἀνδρειότερος (0), ἀνδρεῖον-ἀνδρεῖον (0), ἀνδρείαν-ἀνδρείαν (0)"
οὐδ,ανδρει,32.7705086544156,8,3,5,1,0,0,2,0,0,1,1,2,1,0,"ἀνδρεία-οὐδ (5), ἀνδρείας-οὐδ (1), ἀνδρείους-οὐδ (1), ἀνδρείαν-οὐδ (1)"
_καλ,ανδρει,32.7049499638379,4,1,3,1,0,0,0,0,0,2,0,1,0,0,"ἀνδρεῖοι-_καλ (2), ἀνδρείαν-_καλ (2)"
πάνυ,ανδρει,32.4610353559256,9,2,7,1,0,0,0,1,0,2,2,2,1,0,"ἀνδρείως-πάνυ (3), ἀνδρείαν-πάνυ (2), ἀνδρεία-πάνυ (2), ἀνδρείας-πάνυ (1), ἀνδρεῖον-πάνυ (1)"
ἀμαθής,ανδρει,31.7401383146644,4,4,0,0,0,1,1,2,0,0,0,0,0,0,"ἀνδρειοτάτους-ἀμαθεστάτους (2), ἀνδρείου-ἀμαθής (1), ἀνδρειότατοι-ἀμαθέστατοι (1)"
τίθημι,ανδρει,31.2490604110062,7,3,4,1,0,0,1,1,0,0,0,0,4,0,"ἀνδρείαν-τιθέμενον (2), ἀνδρείαν-θῶμεν (1), ἀνδρείαν-τίθεμαι (1), ἀνδρείαν-τίθεσαι (1), ἀνδρείαν-τίθημι (1), ἀνδρείαν-τίθησι (1)"
μετά,ανδρει,31.0132190994918,8,6,2,2,0,1,1,2,0,0,0,0,0,2,"ἀνδρεῖον-μετά (2), ἀνδρείας-μετά (2), ἀνδρείαν-μετά (2), ἀνδρεῖος-μετά (1), ἀνδρεία-μετά (1)"
περί,ανδρει,30.4815578125417,15,10,5,0,3,1,2,4,0,1,2,0,2,0,"ἀνδρείας-περί (5), ἀνδρείας-πέρι (3), ἀνδρείαν-περί (2), ἀνδρείαν-πέρι (2), ἀνδρεία-περί (1), ἀνδρειότατος-περί (1), ἀνδρεῖον-περί (1)"
φρόνιμος,ανδρει,30.0338137075305,3,0,3,0,0,0,0,0,0,0,1,0,1,1,ἀνδρεῖος-φρόνιμος (3)
ταὐτός,ανδρει,29.2217233218253,7,4,3,2,1,1,0,0,0,0,1,0,1,1,"ἀνδρείαν-ταὐτόν (3), ἀνδρείας-ταὐτόν (2), ἀνδρεῖον-ταὐτόν (1), ἀνδρία-ταὐτόν (1)"
ἐπί,ανδρει,29.0175446346402,10,3,7,0,0,1,2,0,0,3,2,0,1,1,"ἀνδρείαν-ἐπί (2), ἀνδρεῖοι-ἐπί (2), ἀνδρείας-ἐπί (2), ἀνδρείως-ἐπί (1), ἀνδρεῖος-ἐπί (1), ἀνδρεῖον-ἐπί (1), ἀνδρείους-ἐπί (1)"
τῇ,ανδρει,28.6266635619104,10,6,4,1,2,0,1,2,0,0,1,1,2,0,"ἀνδρείᾳ-τῇ (3), ἀνδρεία-τῇ (2), ἀνδρείας-τῇ (2), ἀνδρείως-τῇ (1), ἀνδρείαν-τῇ (1), ἀνδρεῖον-τῇ (1)"
πως,ανδρει,28.0788241326809,9,4,5,0,3,1,0,0,0,1,0,2,2,0,"ἀνδρείας-πῶς (3), ἀνδρείαν-πῶς (2), ἀνδρείαν-πως (1), ἀνδρειότατε-πῶς (1), ἀνδρεῖος-πῶς (1), ἀνδρεῖον-πῶς (1)"
ἀλλ,ανδρει,27.6389207206666,11,4,7,0,2,1,1,0,0,1,0,2,3,1,"ἀνδρείας-ἀλλ (3), ἀνδρείαν-ἀλλ (3), ἀνδρείως-ἀλλ (1), ἀνδρεῖος-ἀλλ (1), ἀνδρεῖον-ἀλλ (1), ἀνδρεία-ἀλλ (1), ἀνδρεῖοι-ἀλλ (1)"
τῷ,ανδρει,26.65935068205,12,6,6,0,3,1,2,0,0,0,1,0,4,1,"ἀνδρείως-τῷ (3), ἀνδρείους-τῷ (2), ἀνδρείῳ-τῷ (2), ἀνδρείᾳ-τῷ (2), ἀνδρεία-τῷ (1), ἀνδρεῖον-τῷ (1), ἀνδρειότατα-τώ (1)"
ξε,ανδρει,26.6185668334365,7,6,1,2,1,3,0,0,0,0,0,0,1,0,"ἀνδρείας-ξε (2), ἀνδρεία-ξε (2), ἀνδρεῖον-ξε (1), ἀνδρείαν-ξε (1), ἀνδρειότατα-ξε (1)"
ῥώμη,ανδρει,26.59558724612,4,3,1,1,1,1,0,0,0,0,1,0,0,0,"ἀνδρείαν-ῥώμην (2), ἀνδρεῖον-ἐρρωμένως (1), ἀνδρίαν-ῥώμην (1)"
θάνατος,ανδρει,26.4208359457552,4,0,4,0,0,0,0,0,0,0,1,0,2,1,"ἀνδρείας-θάνατον (1), ἀνδρείαν-θάνατον (1), ἀνδρεία-θάνατος (1), ἀνδρεῖοι-θάνατον (1)"
ἀκόλαστος,ανδρει,25.9660485722125,3,2,1,0,0,2,0,0,0,0,0,0,0,1,"ἀνδρειοτάτους-ἀκολαστοτάτους (2), ἀνδρεῖον-ἀκόλαστον (1)"
φρόνιμον,ανδρει,25.9660485722125,3,1,2,1,0,0,0,0,0,0,1,0,0,1,ἀνδρεῖον-φρόνιμον (3)
δεινός,ανδρει,25.5856314525008,5,2,3,0,2,0,0,0,0,0,0,2,1,0,"ἀνδρείους-δεινά (2), ἀνδρεῖοι-δεινά (2), ἀνδρείας-δεινῆς (1)"
καλέω,ανδρει,25.4295650571585,6,2,4,0,1,0,1,0,0,4,0,0,0,0,"ἀνδρείαν-καλεῖς (3), ἀνδρείους-καλεῖς (1), ἀνδρείους-καλεῖ (1), ἀνδρείαν-καλεῖν (1)"
ἰσχυρός,ανδρει,25.1484949104488,4,2,2,0,0,0,2,0,0,0,0,1,1,0,"ἀνδρεῖον-ἰσχυρόν (2), ἀνδρεῖος-ἰσχυρός (1), ἀνδρείῳ-ἰσχυρῷ (1)"
ὁμολογέω,ανδρει,25.1370012797415,6,2,4,1,0,0,0,1,0,2,1,1,0,0,"ἀνδρείαν-ὡμολόγεις (1), ἀνδρεία-ὡμολογεῖτο (1), ἀνδρεῖοι-ὁμολογεῖν (1), ἀνδρείους-ὁμολογοῦσιν (1), ἀνδρείαν-ὁμολογήσεις (1), ἀνδρεῖοι-ὡμολόγησα (1)"
δειλός,ἀνδρεῖα,25.0340423807502,2,1,1,0,0,0,1,0,0,0,0,0,1,0,"ἀνδρείων-δειλῶν (1), ἀνδρείων-δειλοί (1)"
μεγαλοφροσύνη,ανδρει,24.5525188073516,2,1,1,0,1,0,0,0,0,0,1,0,0,0,ἀνδρείαν-μεγαλοφροσύνην (2)
φόβος,ανδρει,24.3149480819702,4,1,3,0,0,0,1,0,0,0,0,1,1,1,"ἀνδρεία-φόβου (1), ἀνδρεῖοι-φόβους (1), ἀνδρείαν-φόβοις (1), ἀνδρεῖος-φόβων (1)"
κτάομαι,ανδρει,24.1398451253772,5,3,2,1,1,1,0,0,0,1,0,0,1,0,"ἀνδρείαν-κέκτηνται (1), ἀνδρεῖον-κεκτημένος (1), ἀνδρεῖον-κτᾶσθαι (1), ἀνδρείαν-κτώμενος (1), ἀνδρείαν-κεκτημένον (1)"
κλ,ανδρει,23.7113600745797,6,1,5,1,0,0,0,0,0,0,1,0,1,3,"ἀνδρείας-κλ (2), ἀνδρείως-κλ (1), ἀνδρεία-κλ (1), ἀνδρείαν-κλ (1), ἀνδρεῖον-κλ (1)"
ἀναμφίλογος,ανδρει,23.645266611129,2,1,1,0,0,1,0,0,0,0,0,0,1,0,"ἀνδρεία-ἀναμφιλογωτάτη (1), ἀνδρεῖον-ἀναμφιλόγως (1)"
μεγαλοπρεπής,ανδρει,23.4658456370234,3,0,3,0,0,0,0,0,0,1,2,0,0,0,"ἀνδρεῖος-μεγαλοπρεπής (2), ἀνδρεῖον-μεγαλοπρεπές (1)"
μόνος,ανδρει,23.2509644217789,7,5,2,2,1,0,0,2,0,0,1,0,0,1,"ἀνδρείας-μόνης (2), ἀνδρεῖοι-μόνον (2), ἀνδρεῖος-μόνον (1), ἀνδρείαν-μόνον (1), ἀνδρείους-μόνον (1)"
γιγνώσκω,ανδρει,22.7827381379902,6,4,2,1,0,2,1,0,0,1,0,0,1,0,"ἀνδρειότατε-γιγνώσκειν (1), ἀνδρείαν-γιγνώσκων (1), ἀνδρείαν-γνώσεσθαι (1), ἀνδρεῖος-γνώσεται (1), ἀνδρείᾳ-γνωσθεῖεν (1), ἀνδρεία-γνοίη (1)"
αθ,ανδρει,22.4777922518551,6,5,1,2,0,1,1,1,0,0,1,0,0,0,"ἀνδρεῖος-αθ (2), ἀνδρείως-αθ (1), ἀνδρείαν-αθ (1), ἀνδρείας-αθ (1), ἀνδρεία-αθ (1)"
ἐναντίος,ανδρει,22.0362070091069,6,4,2,0,0,1,1,2,0,0,1,1,0,0,"ἀνδρεία-ἐναντία (2), ἀνδρείας-ἐναντίον (1), ἀνδρείαν-ἐναντίων (1), ἀνδρεία-ἐναντιώτατον (1), ἀνδρεία-ἐναντίον (1)"
ἄρα,ανδρει,21.8906519189477,7,5,2,2,1,1,0,1,0,1,0,0,1,0,"ἀνδρεία-ἄρα (2), ἀνδρείαν-ἄρα (2), ἀνδρεῖος-ἄρα (1), ἀνδρείως-ἄρα (1), ἀνδρείας-ἄρα (1)"
αλ,ανδρει,21.8744280524552,5,1,4,0,1,0,0,0,0,1,0,1,1,1,"ἀνδρεία-αλ (3), ἀνδρεῖον-αλ (1), ἀνδρείας-αλ (1)"
κατά,ανδρει,21.6605296507478,8,3,5,0,1,0,2,0,0,1,1,2,1,0,"ἀνδρεία-κατά (2), ἀνδρειοτάτους-κατά (1), ἀνδρείαν-κατά (1), ἀνδρείᾳ-κατά (1), ἀνδρείως-κατά (1), ἀνδρειότατοι-κατά (1), ἀνδρεῖον-κατά (1)"
συγκερκίζω,ἀνδρεῖα,21.5991266109049,1,0,1,0,0,0,0,0,0,0,1,0,0,0,ἀνδρείων-συγκερκίζοντα (1)
πόλις,ανδρει,21.5121596045792,7,2,5,0,0,1,0,1,0,1,2,1,1,0,"ἀνδρείαν-πόλιν (3), ἀνδρεία-πόλις (2), ἀνδρείαν-πόλεως (1), ἀνδρείους-πόλεως (1)"
μέρος,ανδρει,21.4574690647423,5,1,4,0,0,0,1,0,0,0,0,1,0,3,"ἀνδρεία-μέρει (2), ἀνδρείας-μέρος (1), ἀνδρεῖον-μέρει (1), ἀνδρείαν-μέρος (1)"
οἴομαι,ανδρει,21.4446365907788,7,3,4,2,0,0,1,0,0,1,1,0,0,2,"ἀνδρεῖον-οἶμαι (2), ἀνδρείαν-οἶμαι (2), ἀνδρεία-ἐγᾦμαι (1), ἀνδρείας-ἐγᾦμαι (1), ἀνδρεία-οἴομαι (1)"
ὑπό,ανδρει,21.0637790001929,7,3,4,1,1,1,0,0,0,0,0,3,1,0,"ἀνδρεῖος-ὑπό (3), ἀνδρεῖοι-ὑπό (1), ἀνδρείας-ὑπό (1), ἀνδρεία-ὑπό (1), ἀνδρείους-ὑπό (1)"
μνήμη,ανδρει,20.7594425566494,3,1,2,0,0,0,1,0,0,0,0,1,1,0,"ἀνδρεία-μνήμη (2), ἀνδρείαν-μνήμην (1)"
δοκεύς,ανδρει,20.6950006335974,7,3,4,1,0,1,1,0,0,0,0,2,1,1,"ἀνδρεία-δοκεῖ (3), ἀνδρείαν-δοκεῖ (2), ἀνδρείως-δοκεῖς (1), ἀνδρειότατε-δοκεῖς (1)"
διαφέρω,ανδρει,20.5837243869901,5,4,1,0,2,0,2,0,0,0,0,1,0,0,"ἀνδρείαν-διαφέρειν (1), ἀνδρείᾳ-διαφέρειν (1), ἀνδρεία-διαφέρον (1), ἀνδρεία-διαφέρει (1), ἀνδρείαν-διαφέρουσαν (1)"
εἴτε,ανδρει,20.4156158156693,5,3,2,0,0,1,0,2,0,2,0,0,0,0,"ἀνδρείᾳ-εἴτε (3), ἀνδρείαις-εἴτε (2)"
ἀποδέχομαι,ανδρει,20.3032275550067,3,2,1,0,0,1,0,1,0,0,0,0,1,0,"ἀνδρείαν-ἀποδέχομαι (1), ἀνδρείαν-ἀποδέχου (1), ἀνδρείαν-ἀποδέχεσθαι (1)"
διδακτός,ανδρει,20.1791562363505,3,0,3,0,0,0,0,0,0,1,0,1,0,1,ἀνδρεία-διδακτόν (3)
ρρεπον,ανδρει,20.1266461759806,2,0,2,0,0,0,0,0,0,1,1,0,0,0,"ἀνδρείαν-ῥέποντες (1), ἀνδρείαν-ῥέπον (1)"
μορέω,ανδρει,19.9978511668742,3,0,3,0,0,0,0,0,0,1,1,1,0,0,"ἀνδρεία-μόριον (1), ἀνδρείαν-μόριον (1), ἀνδρεία-μορίων (1)"
δήπου,ανδρει,19.9263673499227,4,2,2,0,0,2,0,0,0,0,0,1,1,0,"ἀνδρείαν-δήπου (2), ἀνδρείας-δήπου (1), ἀνδρεία-δήπου (1)"
ῥοή,ανδρει,19.8065889962018,2,2,0,0,1,0,0,1,0,0,0,0,0,0,"ἀνδρεία-ῥοῇ (1), ἀνδρεία-ῥοή (1)"
ὗς,ανδρει,19.8065889962018,2,2,0,0,2,0,0,0,0,0,0,0,0,0,"ἀνδρείαν-ὗν (1), ἀνδρεία-ὗς (1)"
αἴρω,ανδρει,19.7314723692834,4,0,4,0,0,0,0,0,0,1,0,1,2,0,"ἀνδρεῖοι-ἆρα (2), ἀνδρεῖος-ἆρα (1), ἀνδρείαν-ἆρα (1)"
μνήμων,ανδρει,19.5104130581021,2,2,0,0,1,0,0,1,0,0,0,0,0,0,ἀνδρεῖος-μνήμων (2)
πότερος,ανδρει,19.4680127762258,5,2,3,0,0,0,2,0,0,2,0,0,0,1,"ἀνδρεῖος-πότερον (1), ἀνδρείαν-πότερον (1), ἀνδρεία-πότερον (1), ἀνδρεῖον-πότερον (1), ἀνδρείους-πότερον (1)"
σός,ανδρει,19.4251979328692,4,3,1,0,0,0,2,1,0,0,0,0,0,1,"ἀνδρεία-σόν (2), ἀνδρείαν-σήν (1), ἀνδρεία-σός (1)"
ἐπίσταμαι,ανδρει,19.2427727207541,4,3,1,1,0,2,0,0,0,0,0,1,0,0,"ἀνδρεῖοι-ἐπίστανται (1), ἀνδρεῖοι-ἐπίστασθαι (1), ἀνδρείους-ἐπίστασθαι (1), ἀνδρειότατα-ἐπισταίσθην (1)"
καρτερόω,ανδρει,19.2348030768335,2,2,0,0,0,1,0,1,0,0,0,0,0,0,"ἀνδρειότερον-καρτεροῦντα (1), ἀνδρείως-καρτερῶν (1)"
ἄφοβος,ανδρει,19.2348030768335,2,1,1,0,0,1,0,0,0,1,0,0,0,0,"ἀνδρειότατος-ἄφοβον (1), ἀνδρεῖον-ἄφοβον (1)"
φυσάω,ανδρει,18.9123044013977,4,1,3,0,0,0,1,0,0,0,2,1,0,0,"ἀνδρειότατοι-φύσει (1), ἀνδρεῖος-φύσει (1), ἀνδρείας-φύσει (1), ἀνδρεία-φύσει (1)"
σφόδρα,ανδρει,18.6789603456855,4,3,1,1,0,1,1,0,0,0,0,1,0,0,"ἀνδρεῖοι-σφόδρα (1), ἀνδρείους-σφόδρα (1), ἀνδρεῖον-σφόδρα (1), ἀνδρείας-σφόδρα (1)"
φρόνιμοι,ανδρει,18.5070129483938,2,2,0,0,0,2,0,0,0,0,0,0,0,0,ἀνδρεῖοι-φρόνιμοι (2)
ἅμα,ανδρει,18.4156455770135,5,2,3,0,0,1,0,1,0,0,2,1,0,0,"ἀνδρειότεροι-ἅμα (1), ἀνδρείῳ-ἅμα (1), ἀνδρείως-ἅμα (1), ἀνδρείας-ἅμα (1), ἀνδρείους-ἅμα (1)"
οὐκοῦν,ανδρει,18.3025488853455,6,5,1,1,0,2,1,1,0,0,0,0,0,1,"ἀνδρεῖοι-οὐκοῦν (2), ἀνδρεία-οὐκοῦν (2), ἀνδρεῖος-οὐκοῦν (1), ἀνδρειότατε-οὐκοῦν (1)"
ὁμόσε,ανδρει,18.086781617254,2,0,2,0,0,0,0,0,0,2,0,0,0,0,"ἀνδρειότατα-ὁμόσε (1), ἀνδρείους-ὁμόσε (1)"
εὐμαθής,ανδρει,18.086781617254,2,2,0,0,0,0,2,0,0,0,0,0,0,0,ἀνδρεῖος-εὐμαθής (2)
μέντοι,ανδρει,18.0715760812163,5,2,3,0,2,0,0,0,0,0,0,2,1,0,"ἀνδρείους-μέντοι (2), ἀνδρειότατα-μέντοι (1), ἀνδρεῖοι-μέντοι (1), ἀνδρεία-μεντἄν (1)"
δύναμις,ανδρει,17.9445187747478,5,3,2,1,0,0,1,1,0,0,0,0,1,1,"ἀνδρειοτάτους-δύναμιν (1), ἀνδρείαν-δύναμιν (1), ἀνδρίας-δύναμιν (1), ἀνδρείαν-δύναμις (1), ἀνδρεία-δύναμις (1)"
συμμιγής,ἀνδρεῖα,17.7801210358739,1,1,0,0,1,0,0,0,0,0,0,0,0,0,ἀνδρείων-συμμιγεῖ (1)
πολεμικός,ανδρει,17.5948448292911,3,1,2,0,0,1,0,0,0,0,1,0,1,0,"ἀνδρείαις-πολεμικαῖς (1), ἀνδρεῖον-πολεμικόν (1), ἀνδρείου-πολεμικῇ (1)"
αἱρετός,ανδρει,17.5297303944826,2,2,0,1,1,0,0,0,0,0,0,0,0,0,"ἀνδρειότατοι-αί (1), ἀνδρείας-αί (1)"
λόγος,ανδρει,17.4152076840401,7,5,2,1,1,0,0,3,0,0,1,0,0,1,"ἀνδρεία-λόγον (2), ἀνδρείας-λόγῳ (1), ἀνδρεία-λόγος (1), ἀνδρείως-λόγον (1), ἀνδρείους-λόγῳ (1), ἀνδρειότατοι-λόγον (1)"
διά,ανδρει,17.3213385716081,7,4,3,1,0,1,2,0,0,0,0,1,1,1,"ἀνδρείαν-διά (3), ἀνδρεία-διά (2), ἀνδρείας-διά (1), ἀνδρίαν-διά (1)"
πλούσιος,ανδρει,17.1776361055672,3,3,0,1,1,1,0,0,0,0,0,0,0,0,"ἀνδρεῖον-πλούσιον (2), ἀνδρειοτέροις-πλουσιωτέροις (1)"
κρατύς,ανδρει,17.0414503067732,2,1,1,0,0,1,0,0,0,0,0,1,0,0,"ἀνδρειότατος-κρατῶν (1), ἀνδρειοτάτου-κρατῶν (1)"
ἄσκησις,ανδρει,17.0414503067732,2,2,0,0,0,1,1,0,0,0,0,0,0,0,ἀνδρείας-ἄσκησιν (2)
τοιοῦτος,ανδρει,16.942684289068,8,2,6,0,0,0,1,1,0,0,0,1,1,4,"ἀνδρείαν-τοιαύτην (1), ἀνδρειότερον-τοιούτων (1), ἀνδρείαν-τοιούτων (1), ἀνδρεία-τοιαύτης (1), ἀνδρειοτέρους-τοιούτῳ (1), ἀνδρίας-τοιούτων (1), ἀνδρείαν-τοιούτῳ (1), ἀνδρείᾳ-τοιοῦτοι (1)"
ἐκ,ανδρει,16.9242829494178,8,4,4,1,1,0,2,0,0,1,0,3,0,0,"ἀνδρείας-ἐκ (2), ἀνδρείως-ἐκ (2), ἀνδρίας-ἐκ (1), ἀνδρείαν-ἐξ (1), ἀνδρείους-ἐκ (1), ἀνδρείῳ-ἐξ (1)"
πολύς,ανδρει,16.8328342810273,10,4,6,1,1,1,1,0,0,0,1,1,2,2,"ἀνδρεία-πολύ (2), ἀνδρείους-πόλεων (1), ἀνδρείαν-πολλοῖς (1), ἀνδρείαν-πολύ (1), ἀνδρείας-πολλάς (1), ἀνδρεία-πολλαῖς (1), ἀνδρεῖοι-πολλοί (1), ἀνδρεῖος-πολλῶν (1), ἀνδρειοτάτους-πολύ (1)"
ποῖος,ανδρει,16.8077587150037,4,2,2,0,0,1,1,0,0,1,0,1,0,0,"ἀνδρείαν-ποίαν (2), ἀνδρείως-ποῖον (1), ἀνδρεία-ποία (1)"
πού,ανδρει,16.7267253957689,5,2,3,1,1,0,0,0,0,1,1,0,1,0,"ἀνδρεία-που (2), ἀνδρείαν-που (1), ἀνδρειότατε-που (1), ἀνδρεῖον-πού (1)"
αἰσχρός,ανδρει,16.5220707207918,4,3,1,2,1,0,0,0,0,0,1,0,0,0,"ἀνδρεῖοι-αἰσχρούς (1), ἀνδρείαν-αἰσχρόν (1), ἀνδρεία-αἰσχρόν (1), ἀνδρειότατα-αἴσχιστα (1)"
οὗτοί,ανδρει,16.2153645120561,2,0,2,0,0,0,0,0,0,0,1,1,0,0,"ἀνδρεία-οὗτοί (1), ἀνδρεῖοι-οὗτοί (1)"
οσι,ανδρει,16.0820777900517,3,0,3,0,0,0,0,0,0,0,2,0,1,0,"ἀνδρείους-ὁσίους (1), ἀνδρεῖον-ὅσιον (1), ἀνδρεία-ὁσιότης (1)"
σκοπέω,ανδρει,16.0550502426922,4,2,2,0,0,1,1,0,0,0,0,0,1,1,"ἀνδρείαν-σκόπει (2), ἀνδρείαν-ἐσκοποῦμεν (1), ἀνδρείως-σκοπεῖσθαι (1)"
ὥσπερ,ανδρει,15.9422306008637,6,5,1,3,0,1,1,0,0,1,0,0,0,0,"ἀνδρεία-ὥσπερ (2), ἀνδρείως-ὥσπερ (1), ἀνδρείαν-ὥσπερ (1), ἀνδρείους-ὥσπερ (1), ἀνδρεῖον-ὥσπερ (1)"
ὁμοδοξία,ἀνδρεῖα,15.8577364645898,1,0,1,0,0,0,0,0,0,0,0,0,1,0,ἀνδρείων-ὁμοδοξίαις (1)
σκιάζω,ἀνδρεῖα,15.8577364645898,1,1,0,0,0,1,0,0,0,0,0,0,0,0,ἀνδρείων-σκιᾷ (1)
ἀνήρ,ανδρει,15.683057833463,6,4,2,0,2,2,0,0,0,0,0,1,1,0,"ἀνδρειότατον-ἀνδρῶν (1), ἀνδρείως-ἀνδρί (1), ἀνδρεῖος-ἀνήρ (1), ἀνδρεῖον-ἄνδρα (1), ἀνδρείους-ἄνδρας (1), ἀνδρείου-ἀνδρός (1)"
λέγωμεν_τί,ανδρει,15.6373720616102,1,0,1,0,0,0,0,0,0,0,0,0,0,1,ἀνδρείαν-λέγωμεν_τί (1)
ἱππομαχία,ανδρει,15.6373720616102,1,1,0,0,0,1,0,0,0,0,0,0,0,0,ἀνδρεῖον-ἱππομαχίᾳ (1)
κρομμυωνίαν,ανδρει,15.6373720616102,1,1,0,1,0,0,0,0,0,0,0,0,0,0,ἀνδρείαν-κρομμυωνίαν (1)
χρήσαιτ,ανδρει,15.6373720616102,1,1,0,1,0,0,0,0,0,0,0,0,0,0,ἀνδρείῳ-χρήσαιτ (1)
κόσμιοί,ανδρει,15.6373720616102,1,1,0,0,0,1,0,0,0,0,0,0,0,0,ἀνδρεῖοι-κόσμιοί (1)
παίωνά,ανδρει,15.6373720616102,1,0,1,0,0,0,0,0,0,0,0,0,1,0,ἀνδρείως-παίωνά (1)
ἀκέραστος,ανδρει,15.6373720616102,1,1,0,0,0,0,1,0,0,0,0,0,0,0,ἀνδρείας-ἀκέραστος (1)
ξένε_μετ,ανδρει,15.6373720616102,1,1,0,0,0,0,0,1,0,0,0,0,0,0,ἀνδρείαν-ξένε_μετ (1)
καρτέρησίς,ανδρει,15.6373720616102,1,1,0,0,0,0,1,0,0,0,0,0,0,0,ἀνδρεία-καρτέρησίς (1)
ὁπότερά,ανδρει,15.6373720616102,1,0,1,0,0,0,0,0,0,1,0,0,0,0,ἀνδρείως-ὁπότερά (1)
προσπαρέχω,ανδρει,15.6373720616102,1,0,1,0,0,0,0,0,0,0,0,1,0,0,ἀνδρείαν-προσπαρέχοιτο (1)
προσρέω,ανδρει,15.6373720616102,1,1,0,0,0,1,0,0,0,0,0,0,0,0,ἀνδρείας-προσρήσει (1)
”ἄρης“,ανδρει,15.6373720616102,1,0,1,0,0,0,0,0,0,1,0,0,0,0,ἀνδρεῖον-”ἄρης“ (1)
λάμαχόν,ανδρει,15.6373720616102,1,1,0,0,1,0,0,0,0,0,0,0,0,0,ἀνδρεῖοι-λάμαχόν (1)
τοιχώρυχος,ανδρει,15.6373720616102,1,0,1,0,0,0,0,0,0,0,0,1,0,0,ἀνδρείους-τοιχωρύχους (1)
ἡβῶντί,ανδρει,15.6373720616102,1,1,0,0,0,1,0,0,0,0,0,0,0,0,ἀνδρείῳ-ἡβῶντί (1)
πάντες_τούς,ανδρει,15.6373720616102,1,1,0,0,0,0,1,0,0,0,0,0,0,0,ἀνδρείους-πάντες_τούς (1)
μῶμος,ανδρει,15.6373720616102,1,0,1,0,0,0,0,0,0,0,0,0,0,1,ἀνδρείας-μῶμος (1)
ἐκκοιμάομαι,ανδρει,15.6373720616102,1,0,1,0,0,0,0,0,0,0,1,0,0,0,ἀνδρειότατον-ἐκκοιμηθέντα (1)
ἠρωτήθην_εἰ,ανδρει,15.6373720616102,1,0,1,0,0,0,0,0,0,0,1,0,0,0,ἀνδρεῖοι-ἠρωτήθην_εἰ (1)
διαϊόντος,ανδρει,15.6373720616102,1,1,0,0,0,0,0,1,0,0,0,0,0,0,ἀνδρεία-διαϊόντος (1)
ἀρρενωπία,ανδρει,15.6373720616102,1,0,1,0,0,0,0,0,0,0,1,0,0,0,ἀνδρείας-ἀρρενωπίας (1)
ἀρρενωπός,ανδρει,15.6373720616102,1,0,1,0,0,0,0,0,0,0,1,0,0,0,ἀνδρείαν-ἀρρενωπόν (1)
διά-κροτέω,ανδρει,15.6373720616102,1,0,1,0,0,0,0,0,0,0,1,0,0,0,ἀνδρείως-διακεκροτηκέναι (1)
ὑπερέπτω,ανδρει,15.6373720616102,1,1,0,1,0,0,0,0,0,0,0,0,0,0,ἀνδρείαν-ὑπερέβημεν (1)
σοφός_ὥστε,ανδρει,15.6373720616102,1,0,1,0,0,0,0,0,0,0,1,0,0,0,ἀνδρεῖος-σοφός_ὥστε (1)
τρυχόομαι,ανδρει,15.6373720616102,1,1,0,0,0,0,1,0,0,0,0,0,0,0,ἀνδρείας-τετρυχωμένων (1)
”ἄρρεν“,ανδρει,15.6373720616102,1,0,1,0,0,0,0,0,0,0,0,1,0,0,ἀνδρεία-”ἄρρεν“ (1)
λόγον_τήν,ανδρει,15.6373720616102,1,1,0,0,0,0,0,1,0,0,0,0,0,0,ἀνδρείαν-λόγον_τήν (1)
εὐλαβητικός,ανδρει,15.6373720616102,1,1,0,0,0,1,0,0,0,0,0,0,0,0,ἀνδρεία-εὐλαβητικός (1)
μαγεία,ανδρει,15.6373720616102,1,0,1,0,0,0,0,0,0,0,0,0,1,0,ἀνδρειότατος-μαγείαν (1)
νικῶντάς,ανδρει,15.6373720616102,1,0,1,0,0,0,0,0,0,1,0,0,0,0,ἀνδρείους-νικῶντάς (1)
ἀποκρίνω,ανδρει,15.5891224108636,4,1,3,0,0,0,0,1,0,1,0,0,2,0,"ἀνδρεῖος-ἀποκρίνου (1), ἀνδρείως-ἀποκρίνου (1), ἀνδρείως-ἀπόκριναι (1), ἀνδρείας-ἀπεκρίνω (1)"
οὔτε,ανδρει,15.4744398295879,6,4,2,1,0,2,0,1,0,2,0,0,0,0,"ἀνδρεῖον-οὔτε (3), ἀνδρεῖος-οὔτε (2), ἀνδρείας-οὔτε (1)"
ἐνταῦθα,ανδρει,15.3997162692249,3,3,0,0,0,3,0,0,0,0,0,0,0,0,"ἀνδρείαν-ἐνταῦθα (2), ἀνδρεῖον-ἐνταῦθα (1)"
ἰατρός,ανδρει,15.2935686931014,3,1,2,0,0,0,1,0,0,0,0,1,0,1,"ἀνδρείως-ἰατρῷ (1), ἀνδρείους-ἰατρούς (1), ἀνδρειοτέρου-ἰατροῦ (1)"
παρασκευή,ανδρει,15.2309759408236,2,1,1,0,0,0,1,0,0,0,0,0,0,1,"ἀνδρείαν-παρασκευήν (1), ἀνδρειότερον-παρασκευῆς (1)"
μάχομαι,ανδρει,15.1379952766001,3,2,1,0,0,0,2,0,0,0,0,0,0,1,"ἀνδρεία-μάχῃ (1), ἀνδρεῖον-μαχομένων (1), ἀνδρείᾳ-μάχεσθαι (1)"
φαίνω,ανδρει,14.824924044311,5,0,5,0,0,0,0,0,0,0,1,3,0,1,"ἀνδρείως-φαίνεται (2), ἀνδρεῖοι-φαίνονται (1), ἀνδρεία-φαινόμεθα (1), ἀνδρεία-φαίνεται (1)"
ἔρχομαι,ανδρει,14.6914185360074,4,4,0,0,1,2,1,0,0,0,0,0,0,0,"ἀνδρεῖοι-ἔρχονται (3), ἀνδρείας-ἐλθοῦσαι (1)"
καίπερ,ανδρει,14.6059612296522,2,1,1,1,0,0,0,0,0,0,0,0,1,0,"ἀνδρεία-καίπερ (1), ἀνδρεῖος-καίπερ (1)"
πάλιν,ανδρει,14.5719997994602,4,4,0,1,2,0,0,1,0,0,0,0,0,0,"ἀνδρείαν-πάλιν (3), ἀνδρεία-πάλιν (1)"
γίγνομαι,ανδρει,14.5308621525764,10,5,5,1,1,0,1,2,0,4,0,0,1,0,"ἀνδρεία-γίγνεται (1), ἀνδρεία-γένοιτο (1), ἀνδρείαν-γεγονέναι (1), ἀνδρειότερος-γίγνεται (1), ἀνδρείαν-γίγνεσθαι (1), ἀνδρεῖος-γιγνομένων (1), ἀνδρεῖον-γενέσθαι (1), ἀνδρεῖος-γένοιτο (1), ἀνδρείας-γιγνόμενον (1), ἀνδρείας-γίγνεσθαι (1)"
θυμόω,ανδρει,14.3658332787454,2,1,1,0,0,1,0,0,0,0,1,0,0,0,"ἀνδρειότερος-θυμοῦ (1), ἀνδρείας-θυμοῦ (1)"
τολμάω,ανδρει,14.0910143107176,3,1,2,0,0,0,0,1,0,0,0,1,0,1,"ἀνδρεῖον-τολμᾶν (1), ἀνδρείας-τόλμης (1), ἀνδρείους-τολμήσωσι (1)"
εἰς,ανδρει,14.0383793711662,8,5,3,1,2,0,1,1,0,1,1,0,0,1,"ἀνδρείως-εἰς (2), ἀνδρείαν-εἰς (2), ἀνδρεῖοι-εἰς (1), ἀνδρείαν-εἴς (1), ἀνδρειότατον-εἰς (1), ἀνδρείας-εἰς (1)"
πᾶσις,ανδρει,14.0145926475525,4,2,2,1,0,1,0,0,0,0,0,1,0,1,"ἀνδρείαν-πᾶσι (2), ἀνδρείου-πάσῃ (1), ἀνδρεία-πάσῃ (1)"
ἄγαμαι,ανδρει,13.9256868027151,2,1,1,0,1,0,0,0,0,1,0,0,0,0,"ἀνδρείαν-ἀγαμένη (1), ἀνδρείους-ἄγασθαι (1)"
γνῶσις,ανδρει,13.9256868027151,2,1,1,1,0,0,0,0,0,0,0,1,0,0,"ἀνδρειοτάτους-γνώσῃ (1), ἀνδρεία-γνώσῃ (1)"
φοβέω,ανδρει,13.8016005791724,3,1,2,0,0,1,0,0,0,0,1,0,1,0,"ἀνδρείαν-φοβηθῆναι (1), ἀνδρείους-φοβοῦνται (1), ἀνδρεῖοι-φοβοῦνται (1)"
μνημονεύω,ανδρει,13.7228972278535,2,1,1,1,0,0,0,0,0,0,0,0,0,1,"ἀνδρείαν-μνημονεύετε (1), ἀνδρεία-μνημονεύεις (1)"
ὑγιεινός,ανδρει,13.7228972278535,2,0,2,0,0,0,0,0,0,0,0,1,1,0,ἀνδρεῖον-ὑγιεινόν (2)
σύμπας,ανδρει,13.7017868310213,3,1,2,0,0,0,1,0,0,0,0,0,0,2,"ἀνδρειότεροι-σύμπαντα (1), ἀνδρείαν-σύμπασαν (1), ἀνδρείαις-συμπάσης (1)"
διέρχομαι,ανδρει,13.6820378862321,3,1,2,0,1,0,0,0,0,0,0,1,0,1,"ἀνδρείαν-διήλθομεν (2), ἀνδρεῖον-διήλθομεν (1)"
ἱδρώς,ἀνδρεῖα,13.6592715494335,1,0,1,0,0,0,0,0,0,0,1,0,0,0,ἀνδρείων-ἱδρώτων (1)
κόσμιος,ανδρει,13.6575751975179,2,2,0,1,0,1,0,0,0,0,0,0,0,0,"ἀνδρείαν-κοσμιώτερος (1), ἀνδρείου-κοσμίου (1)"
προσεῖπον,ανδρει,13.6575751975179,2,1,1,0,0,1,0,0,0,0,0,1,0,0,"ἀνδρείαν-προσείπομεν (1), ἀνδρείας-προσεῖπας (1)"
ἆρ,ανδρει,13.4783282056451,4,0,4,0,0,0,0,0,0,3,0,1,0,0,"ἀνδρείαν-ἆρ (2), ἀνδρείους-ἆρ (1), ἀνδρείᾳ-ἆρ (1)"
μανιάω,ανδρει,13.4679255411029,2,2,0,0,1,0,1,0,0,0,0,0,0,0,"ἀνδρεία-μανίας (1), ἀνδρεία-μανία (1)"
κακόω,ανδρει,13.4178946167231,4,1,3,0,1,0,0,0,0,1,0,0,2,0,"ἀνδρείως-κακοῦ (1), ἀνδρίαν-κακῶς (1), ἀνδρεῖοι-κακῶν (1), ἀνδρείως-κακῶς (1)"
παραπλήσιος,ανδρει,13.3464316092432,2,1,1,1,0,0,0,0,0,1,0,0,0,0,"ἀνδρεία-παραπλήσια (1), ἀνδρεῖοι-παραπλησίως (1)"
καταγελάω,ανδρει,13.3464316092432,2,1,1,0,0,1,0,0,0,1,0,0,0,0,"ἀνδρεία-καταγελάσῃ (1), ἀνδρείως-καταγελάσῃ (1)"
φθόγγος,ἀνδρεῖα,13.2028724886477,1,0,1,0,0,0,0,0,0,0,0,1,0,0,ἀνδρείων-φθόγγους (1)
εὐτυχέω,ἀνδρεῖα,13.2028724886477,1,1,0,0,0,0,1,0,0,0,0,0,0,0,ἀνδρείων-εὐτυχούντων (1)
οὐδείς,ανδρει,13.0503550618887,7,4,3,3,0,0,0,1,0,0,1,1,0,1,"ἀνδρείας-οὐδέν (2), ἀνδρεῖον-οὐδένα (2), ἀνδρείας-οὐδείς (1), ἀνδρείαν-οὐδέν (1), ἀνδρείως-οὐδέν (1)"
ξηρός,ἀνδρεῖα,12.9719372317195,1,0,1,0,0,0,0,0,0,0,0,1,0,0,ἀνδρείων-ξηρῶν (1)
λογόω,ανδρει,12.9340167939663,4,1,3,0,1,0,0,0,0,0,0,0,1,2,"ἀνδρεία-λόγου (2), ἀνδρείαν-λόγου (1), ἀνδρεῖος-λόγους (1)"
μαίνομαι,ανδρει,12.8951686024666,2,1,1,0,1,0,0,0,0,0,1,0,0,0,"ἀνδρεῖοι-μαινομένων (1), ἀνδρεῖοι-μαινόμενοι (1)"
φρονιμωτάτην,ανδρει,12.8655867017806,1,0,1,0,0,0,0,0,0,0,1,0,0,0,ἀνδρειοτάτην-φρονιμωτάτην (1)
μέγιστός,ανδρει,12.8655867017806,1,1,0,0,0,1,0,0,0,0,0,0,0,0,ἀνδρείᾳ-μέγιστός (1)
ἐγένετό,ανδρει,12.8655867017806,1,1,0,1,0,0,0,0,0,0,0,0,0,0,ἀνδρείαν-ἐγένετό (1)
εὐτροφιάω,ανδρει,12.8655867017806,1,0,1,0,0,0,0,0,0,0,0,0,0,1,ἀνδρεία-εὐτροφίας (1)
καρτέρησις,ανδρει,12.8655867017806,1,1,0,0,0,0,0,1,0,0,0,0,0,0,ἀνδρείαν-καρτέρησιν (1)
ἄρχοντ,ανδρει,12.8655867017806,1,0,1,0,0,0,0,0,0,0,0,1,0,0,ἀνδρεῖον-ἄρχοντ (1)
ἔχοντάς,ανδρει,12.8655867017806,1,1,0,1,0,0,0,0,0,0,0,0,0,0,ἀνδρειότερα-ἔχοντάς (1)
φυσικός,ανδρει,12.8655867017806,1,0,1,0,0,0,0,0,0,0,0,0,0,1,ἀνδρεία-φυσικόν (1)
σώφρονές,ανδρει,12.8655867017806,1,1,0,0,0,1,0,0,0,0,0,0,0,0,ἀνδρεῖοι-σώφρονές (1)
ἔφαμέν,ανδρει,12.8655867017806,1,1,0,0,0,1,0,0,0,0,0,0,0,0,ἀνδρείαν-ἔφαμέν (1)
μαινόμενοί,ανδρει,12.8655867017806,1,0,1,0,0,0,0,0,0,0,0,0,1,0,ἀνδρεία-μαινόμενοί (1)
ἐμπόδισμα,ανδρει,12.8655867017806,1,1,0,0,0,1,0,0,0,0,0,0,0,0,ἀνδρεία-ἐμπόδισμα (1)
διέξειμι,ανδρει,12.8422745130956,2,2,0,0,0,1,1,0,0,0,0,0,0,0,"ἀνδρία-διεξιόντες (1), ἀνδρείαν-διεξιέναι (1)"
πρᾶγμα,ανδρει,12.6953754946589,4,3,1,0,0,1,2,0,0,0,0,0,0,1,"ἀνδρείαν-πραγμάτων (2), ἀνδρείους-πράγματα (1), ἀνδρείως-πρᾶγμα (1)"
τιμή,ανδρει,12.6921877525747,3,3,0,2,0,0,1,0,0,0,0,0,0,0,"ἀνδρείαν-τιμᾶν (1), ἀνδρείῳ-τιμήν (1), ἀνδρείᾳ-τιμῇ (1)"
μετέχω,ανδρει,12.5781197287142,3,2,1,0,1,0,1,0,0,1,0,0,0,0,"ἀνδρείας-μετέχει (1), ἀνδρείας-μετέχειν (1), ἀνδρείας-μετέχον (1)"
μανθάνω,ανδρει,12.4998316802084,4,3,1,2,1,0,0,0,0,0,0,0,0,1,"ἀνδρείαν-ἔμαθον (2), ἀνδρεῖον-μαθοῦσα (1), ἀνδρείαν-μαθήσει (1)"
συμβαίνω,ανδρει,12.4822130352259,3,2,1,0,0,2,0,0,0,0,1,0,0,0,"ἀνδρείους-συμβαίνει (1), ἀνδρείαν-συμβαίνει (1), ἀνδρεία-συνέβη (1)"
ἐλευθερία,ανδρει,12.2132631875575,2,0,2,0,0,0,0,0,0,0,1,0,0,1,"ἀνδρείους-ἐλευθερίας (1), ἀνδρείᾳ-ἐλευθερίᾳ (1)"
θηρίον,ανδρει,12.1688642725348,2,1,1,0,0,1,0,0,0,0,0,1,0,0,"ἀνδρείας-θηρία (1), ἀνδρείαν-θηρίον (1)"
ἔπειτα,ανδρει,12.0411581136286,3,1,2,0,0,0,0,1,0,0,0,1,1,0,"ἀνδρεία-ἔπειτα (2), ἀνδρείας-ἔπειτα (1)"
τιμάω,ανδρει,12.0386537350714,2,1,1,0,0,1,0,0,0,0,0,0,0,1,"ἀνδρεῖος-τιμᾶται (1), ἀνδρείῳ-τιμᾶσθαι (1)"
πιστός,ανδρει,11.954228065908,2,0,2,0,0,0,0,0,0,1,0,0,1,0,ἀνδρείας-πιστός (2)
τοίνυν,ανδρει,11.9291739910841,4,1,3,0,0,0,1,0,0,1,0,1,1,0,"ἀνδρεία-τοίνυν (2), ἀνδρείαν-τοίνυν (2)"
ἦθος,ανδρει,11.9126992784441,2,1,1,0,0,0,0,1,0,1,0,0,0,0,"ἀνδρείου-ἤθους (1), ἀνδρείας-ἦθος (1)"
ὀξύς,ανδρει,11.8309623971581,2,1,1,0,0,0,1,0,0,0,0,0,0,1,"ἀνδρείας-ὀξύ (1), ἀνδρεῖον-ὀξύ (1)"
ἔγωγ,ανδρει,11.8309623971581,2,0,2,0,0,0,0,0,0,0,0,0,2,0,"ἀνδρείαν-ἔγωγ (1), ἀνδρείας-ἔγωγ (1)"
ἐλευθεριότης,ανδρει,11.8198937699199,1,0,1,0,0,0,0,0,0,0,1,0,0,0,ἀνδρείας-ἐλευθεριότητος (1)
ἔλεγές,ανδρει,11.8198937699199,1,0,1,0,0,0,0,0,0,0,1,0,0,0,ἀνδρείαν-ἔλεγές (1)
φρόνιμόν,ανδρει,11.8198937699199,1,0,1,0,0,0,0,0,0,0,0,0,0,1,ἀνδρειότατε-φρόνιμόν (1)
ἀνθίστημι,ανδρει,11.8198937699199,1,0,1,0,0,0,0,0,0,0,0,0,0,1,ἀνδρείαν-ἀνθίσταται (1)
τεκμήριά,ανδρει,11.8198937699199,1,0,1,0,0,0,0,0,0,0,0,0,0,1,ἀνδρείας-τεκμήριά (1)
πτοίησις,ανδρει,11.8198937699199,1,0,1,0,0,0,0,0,0,0,0,1,0,0,ἀνδρείαν-πτοίησιν (1)
προαιρετέος,ανδρει,11.8198937699199,1,0,1,0,0,0,0,0,0,1,0,0,0,0,ἀνδρειοτάτους-προαιρετέον (1)
τον,ανδρει,11.8198937699199,1,1,0,1,0,0,0,0,0,0,0,0,0,0,ἀνδρεία-τον (1)
φαίνηταί,ανδρει,11.8198937699199,1,0,1,0,0,0,0,0,0,0,0,0,1,0,ἀνδρείως-φαίνηταί (1)
φαρμακεύω,ανδρει,11.8198937699199,1,1,0,0,1,0,0,0,0,0,0,0,0,0,ἀνδρειοτέρου-φαρμακεύειν (1)
δαπανηρός,ανδρει,11.8198937699199,1,1,0,1,0,0,0,0,0,0,0,0,0,0,ἀνδρειότατον-δαπανηρῶν (1)
μεγαληγορέω,ανδρει,11.8198937699199,1,0,1,0,0,0,0,0,0,0,1,0,0,0,ἀνδρείως-ἐμεγαληγόρουν (1)
χάω,ανδρει,11.8198937699199,1,1,0,1,0,0,0,0,0,0,0,0,0,0,ἀνδρίας-χῆς (1)
ὁλάω,ανδρει,11.7509265504777,2,0,2,0,0,0,0,0,0,1,0,0,1,0,"ἀνδρείαν-ὅλης (1), ἀνδρείαν-ὅλων (1)"
γυμνάζω,ανδρει,11.7115250937641,2,1,1,0,1,0,0,0,0,0,1,0,0,0,"ἀνδρείως-γυμνασάμενον (1), ἀνδρείαν-γεγυμνασμένος (1)"
ἕξις,ανδρει,11.7115250937641,2,1,1,1,0,0,0,0,0,1,0,0,0,0,"ἀνδρεία-ἕξις (1), ἀνδρείας-ἕξις (1)"
ὅλοξ,ανδρει,11.5929981768131,3,2,1,0,0,0,1,1,0,0,0,1,0,0,"ἀνδρίαν-ὅλως (1), ἀνδρείαν-ὅλην (1), ἀνδρεῖοι-ὅλως (1)"
ἐλευθερόω,ανδρει,11.4832495823503,2,1,1,0,1,0,0,0,0,0,0,1,0,0,"ἀνδρείους-ἐλευθέρους (1), ἀνδρίας-ἐλευθέρως (1)"
εὐθύδημος,ανδρει,11.4464907608926,2,1,1,0,0,0,1,0,0,0,0,1,0,0,"ἀνδρείαν-εὐθύδημε (1), ἀνδρείως-εὐθύδημος (1)"
ἐπαινέω,ανδρει,11.4081377871335,3,2,1,0,1,0,1,0,0,1,0,0,0,0,"ἀνδρείαν-ἐπαινεῖν (1), ἀνδρεία-ἐπῃνεῖτο (1), ἀνδρείας-ἐπαινῶ (1)"
ἵημι,ανδρει,11.3226534388959,4,1,3,1,0,0,0,0,0,0,0,2,1,0,"ἀνδρείαν-ἕν (2), ἀνδρείας-ἕν (1), ἀνδρεία-ἕν (1)"
_καλ,ἀνδρεῖα,11.2995698414743,1,0,1,0,0,0,0,0,0,1,0,0,0,0,ἀνδρείων-_καλ (1)
διαφερόντως,ανδρει,11.2330563031137,2,1,1,0,1,0,0,0,0,0,1,0,0,0,"ἀνδρεῖον-διαφερόντως (1), ἀνδρειοτάτους-διαφερόντως (1)"
ἔθ,ανδρει,11.1411009840667,1,0,1,0,0,0,0,0,0,1,0,0,0,0,ἀνδρεῖον-ἔθ (1)
φάσκοντά,ανδρει,11.1411009840667,1,0,1,0,0,0,0,0,0,0,0,0,1,0,ἀνδρεῖος-φάσκοντά (1)
φιλότιμός,ανδρει,11.1411009840667,1,0,1,0,0,0,0,0,0,0,0,0,0,1,ἀνδρείᾳ-φιλότιμός (1)
κοσμιότης,ανδρει,11.1411009840667,1,0,1,0,0,0,0,0,0,0,0,0,1,0,ἀνδρείας-κοσμιότητος (1)
ἀφοβία,ανδρει,11.1411009840667,1,0,1,0,0,0,0,0,0,0,0,1,0,0,ἀνδρείαν-ἀφοβίαν (1)
ἀλκή,ανδρει,11.1411009840667,1,1,0,0,0,1,0,0,0,0,0,0,0,0,ἀνδρείας-ἀλκῇ (1)
σύντονος,ανδρει,11.1411009840667,1,0,1,0,0,0,0,0,0,0,0,0,0,1,ἀνδρεῖος-σύντονος (1)
προμήθεια,ανδρει,11.1411009840667,1,0,1,0,0,0,0,0,0,0,0,1,0,0,ἀνδρείας-προμηθίας (1)
στοχαστικός,ανδρει,11.1411009840667,1,1,0,0,0,0,1,0,0,0,0,0,0,0,ἀνδρείας-στοχαστικῆς (1)
ἀποχρώντως,ανδρει,11.1411009840667,1,1,0,0,1,0,0,0,0,0,0,0,0,0,ἀνδρεία-ἀποχρώντως (1)
πίθηκος,ανδρει,11.1411009840667,1,1,0,0,0,0,1,0,0,0,0,0,0,0,ἀνδρείαν-πίθηκον (1)
εὐχέρεια,ανδρει,11.1411009840667,1,0,1,0,0,0,0,0,0,0,0,1,0,0,ἀνδρείας-εὐχερείας (1)
χρή,ανδρει,11.1063233800232,4,3,1,0,1,0,0,2,0,1,0,0,0,0,"ἀνδρείως-χρή (2), ἀνδρείαν-χρή (1), ἀνδρεία-χρή (1)"
ὑπομένω,ανδρει,11.0971133373678,2,1,1,0,0,1,0,0,0,0,0,0,1,0,"ἀνδρεῖοι-ὑπομένωσιν (1), ἀνδρεῖοι-ὑπομένουσιν (1)"
αὐτοῦ,ανδρει,11.0568696819246,4,2,2,0,1,0,1,0,0,0,1,0,1,0,"ἀνδρείαν-αὐτοῦ (2), ἀνδρείας-αὐτοῦ (1), ἀνδρίας-αὐτοῦ (1)"
ἠθέω,ἀνδρεῖα,11.0348292179406,1,0,1,0,0,0,0,0,0,1,0,0,0,0,ἀνδρείων-ἤθη (1)
εἴπερ,ανδρει,10.7844497561455,3,2,1,0,0,0,2,0,0,0,0,1,0,0,"ἀνδρεῖοι-εἴπερ (1), ἀνδρίαν-εἴπερ (1), ἀνδρεῖος-εἴπερ (1)"
εἶμι,ανδρει,10.7614330090582,3,1,2,0,0,0,1,0,0,0,2,0,0,0,"ἀνδρειότατον-ἰέναι (1), ἀνδρεῖος-εἶ (1), ἀνδρειότατα-ᾔτην (1)"
ἐρωτάω,ανδρει,10.7499624080956,3,3,0,1,0,0,2,0,0,0,0,0,0,0,"ἀνδρεία-ἐρωτώμενος (1), ἀνδρείαν-ἠρωτῶμεν (1), ἀνδρεῖοι-ἐρωτηθείς (1)"
προσήκω,ανδρει,10.6590905897319,3,2,1,0,1,0,1,0,0,0,0,1,0,0,"ἀνδρείους-προσήκει (1), ἀνδρεία-προσῆκον (1), ἀνδρείους-προσήκοντα (1)"
σύνολος,ανδρει,10.6365612633526,1,0,1,0,0,0,0,0,0,0,0,0,0,1,ἀνδρείας-συνόλως (1)
εἷς,ανδρει,10.5756768546999,4,3,1,1,1,0,1,0,0,0,0,0,0,1,"ἀνδρεῖον-ἕνα (3), ἀνδρείας-μιᾷ (1)"
ὥστε,ανδρει,10.5366273000836,4,1,3,0,1,0,0,0,0,1,0,1,1,0,"ἀνδρείους-ὥστε (1), ἀνδρίαν-ὥστε (1), ἀνδρείαν-ὥστε (1), ἀνδρεῖον-ὥστε (1)"
ἦθος,ἀνδρεῖα,10.4846567511559,1,0,1,0,0,0,0,0,0,0,0,0,1,0,ἀνδρείων-ἦθος (1)
ὁπόταν,ἀνδρεῖα,10.4432835616171,1,0,1,0,0,0,0,0,0,0,0,0,0,1,ἀνδρείων-ὁπόταν (1)
_σω,ανδρει,10.3001232519746,3,2,1,0,0,2,0,0,0,0,0,1,0,0,"ἀνδρείαν-_σω (2), ἀνδρεῖοι-_σω (1)"
οἶδα,ανδρει,10.2451782524586,5,2,3,0,0,0,2,0,0,0,0,1,1,1,"ἀνδρείας-εἰδώς (1), ἀνδρείους-εἴσεται (1), ἀνδρειοτέρου-ἴσμεν (1), ἀνδρείας-οἶδα (1), ἀνδρεῖος-ἴσθι (1)"
μύω,ανδρει,10.2346543557942,1,1,0,0,0,1,0,0,0,0,0,0,0,0,ἀνδρείως-μύσαντα (1)
περιπολέω,ανδρει,10.2346543557942,1,1,0,0,1,0,0,0,0,0,0,0,0,0,ἀνδρείαν-περιπολοῦσαν (1)
ταῦ,ανδρει,10.2346543557942,1,0,1,0,0,0,0,0,0,0,0,0,0,1,ἀνδρείᾳ-ταῦ (1)
προσαγορεύω,ανδρει,10.1817810535431,2,1,1,0,0,0,0,1,0,1,0,0,0,0,"ἀνδρείαν-προσαγορεύεις (1), ἀνδρείαν-προσαγορεύομεν (1)"
ἀφίστημι,ἀνδρεῖα,10.1225115656853,1,1,0,0,1,0,0,0,0,0,0,0,0,0,ἀνδρείων-ἀφίστασθαι (1)
ἁρμονίη,ἀνδρεῖα,10.1225115656853,1,0,1,0,0,0,0,0,0,1,0,0,0,0,ἀνδρείων-ἁρμονίας (1)
κλεινίης,ανδρει,10.0025359876454,2,1,1,0,0,1,0,0,0,0,0,0,0,1,"ἀνδρείως-κλεινία (1), ἀνδρεῖον-κλεινία (1)"
παρακινδυνεύω,ανδρει,9.90056376904249,1,0,1,0,0,0,0,0,0,0,1,0,0,0,ἀνδρείως-παρακεκινδυνευμένως (1)
ἐμβριθής,ανδρει,9.90056376904249,1,0,1,0,0,0,0,0,0,0,0,0,0,1,ἀνδρειότεροι-ἐμβριθέστεροι (1)
νίκη,ανδρει,9.90056376904249,1,1,0,0,0,0,1,0,0,0,0,0,0,0,ἀνδρείᾳ-νίκῃ (1)
πιπράσκω,ανδρει,9.90056376904249,1,1,0,1,0,0,0,0,0,0,0,0,0,0,ἀνδρεία-πιπρασκόμενα (1)
ἀποσπάω,ανδρει,9.90056376904249,1,1,0,0,1,0,0,0,0,0,0,0,0,0,ἀνδρείαν-ἀποσπᾷ (1)
εὑρίσκω,ανδρει,9.89594014361501,3,3,0,0,0,3,0,0,0,0,0,0,0,0,"ἀνδρίας-εὑρήσομεν (1), ἀνδρεία-ηὑρήκαμεν (1), ἀνδρεία-ηὑρῆσθαι (1)"
ἀγών,ανδρει,9.83145781606436,2,1,1,0,0,0,0,1,0,1,0,0,0,0,"ἀνδρείᾳ-ἀγών (1), ἀνδρείας-ἀγών (1)"
συμφορά,ἀνδρεῖα,9.75732508301735,1,1,0,0,1,0,0,0,0,0,0,0,0,0,ἀνδρείων-συμφοράς (1)
τ,ανδρει,9.72394740581512,3,2,1,0,1,1,0,0,0,0,0,0,0,1,"ἀνδρείους-τ (1), ἀνδρεία-τ (1), ἀνδρείως-τ (1)"
οὖσον,ανδρει,9.71387289091945,2,0,2,0,0,0,0,0,0,0,0,1,1,0,"ἀνδρείαν-οὖσα (1), ἀνδρεία-οὖσα (1)"
ἄνθρωπος,ανδρει,9.6419476903975,5,2,3,0,1,1,0,0,0,1,1,0,0,1,"ἀνδρείαν-ἀνθρώπῳ (1), ἀνδρειότατοι-ἄνθρωποι (1), ἀνδρεῖος-ἀνθρώπων (1), ἀνδρειότατον-ἀνθρώπων (1), ἀνδρείους-ἀνθρώπων (1)"
κάλλιόν,ανδρει,9.61467301100492,1,0,1,0,0,0,0,0,0,0,0,0,1,0,ἀνδρεῖος-κάλλιόν (1)
ἀναίδεια,ανδρει,9.61467301100492,1,1,0,0,0,0,1,0,0,0,0,0,0,0,ἀνδρείαν-ἀναίδειαν (1)
τοῖος,ανδρει,9.61467301100492,1,1,0,0,1,0,0,0,0,0,0,0,0,0,ἀνδρεία-τοίαν (1)
δρᾶμα,ανδρει,9.61467301100492,1,0,1,0,0,0,0,0,0,1,0,0,0,0,ἀνδρεῖον-δρᾶμα (1)
πᾶσά,ανδρει,9.61467301100492,1,1,0,1,0,0,0,0,0,0,0,0,0,0,ἀνδρεία-πᾶσά (1)
ταῦρος,ανδρει,9.61467301100492,1,1,0,0,1,0,0,0,0,0,0,0,0,0,ἀνδρείαν-ταῦρον (1)
προσαγορεύω,ἀνδρεῖα,9.60383935645223,1,1,0,1,0,0,0,0,0,0,0,0,0,0,ἀνδρείων-προσαγορεύειν (1)
ἤπειρος,ἀνδρεῖα,9.49921467527747,1,0,1,0,0,0,0,0,0,0,0,0,1,0,ἀνδρείων-ἄπειρον (1)
ἐπεί,ανδρει,9.44941562786698,4,2,2,0,1,0,1,0,0,1,0,1,0,0,"ἀνδρεία-ἐπεί (2), ἀνδρείαν-ἐπειδήπερ (1), ἀνδρείαν-ἐπειδή (1)"
δῆλος,ανδρει,9.43183800205588,3,0,3,0,0,0,0,0,0,0,2,0,0,1,"ἀνδρείαν-δῆλον (1), ἀνδρεῖος-δῆλον (1), ἀνδρεία-δῆλον (1)"
ἐκπλάσσω,ανδρει,9.36482123285532,1,1,0,0,1,0,0,0,0,0,0,0,0,0,ἀνδρεῖος-ἐκπλαγῇς (1)
ἀποπίμπλημι,ανδρει,9.36482123285532,1,0,1,0,0,0,0,0,0,0,0,0,1,0,ἀνδρείαν-ἀποπιμπλάναι (1)
συναυξάνω,ανδρει,9.36482123285532,1,1,0,0,1,0,0,0,0,0,0,0,0,0,ἀνδρεία-συνηυξήθη (1)
ἡδονά,ανδρει,9.2918768376112,3,2,1,0,0,1,1,0,0,0,1,0,0,0,"ἀνδρείαν-ἡδονήν (1), ἀνδρείους-ἡδονάς (1), ἀνδρείαν-ἡδονῆς (1)"
βιόω,ανδρει,9.18940526247025,3,2,1,1,0,1,0,0,0,0,0,0,1,0,"ἀνδρεῖον-βίων (1), ἀνδρεῖον-βίον (1), ἀνδρεῖον-βίους (1)"
καί,ἀνδρεῖα,9.15021949261427,5,1,4,0,0,0,0,1,0,3,0,0,1,0,ἀνδρείων-καί (5)
ἄρις,ανδρει,9.14294285699725,1,0,1,0,0,0,0,0,0,0,0,0,1,0,ἀνδρείαν-ἄρης (1)
ἀρτάβαζος,ανδρει,9.14294285699725,1,0,1,0,0,0,0,0,0,0,0,0,1,0,ἀνδρείως-ἀρταβάζῳ (1)
πάντως,ἀνδρεῖα,9.11785854399204,1,0,1,0,0,0,0,0,0,0,1,0,0,0,ἀνδρείων-πάντως (1)
παρέχω,ανδρει,9.11390424892306,3,2,1,1,1,0,0,0,0,0,0,1,0,0,"ἀνδρείαν-παρείχετο (1), ἀνδρεῖον-παρέχοιτο (1), ἀνδρείως-παρέχειν (1)"
πόνος,ἀνδρεῖα,8.97586045414209,1,1,0,0,0,0,1,0,0,0,0,0,0,0,ἀνδρείων-πόνων (1)
”καί,ανδρει,8.94341154024005,1,0,1,0,0,0,0,0,0,0,0,0,0,1,ἀνδρείους-”καί (1)
προσ,ανδρει,8.94341154024005,1,0,1,0,0,0,0,0,0,0,0,0,0,1,ἀνδρεία-προσ (1)
ἀποκάμνω,ανδρει,8.94341154024005,1,0,1,0,0,0,0,0,0,0,0,0,1,0,ἀνδρεῖος-ἀποκάμνῃ (1)
ἀγύμναστος,ανδρει,8.94341154024005,1,0,1,0,0,0,0,0,0,0,0,0,0,1,ἀνδρείαν-ἀγύμναστος (1)
δεινότης,ανδρει,8.94341154024005,1,0,1,0,0,0,0,0,0,0,0,1,0,0,ἀνδρείας-δεινότητος (1)
ζῆνος,ανδρει,8.94341154024005,1,1,0,0,0,1,0,0,0,0,0,0,0,0,ἀνδρείως-ζήνων (1)
ἐπικίνδυνος,ανδρει,8.94341154024005,1,1,0,0,0,0,1,0,0,0,0,0,0,0,ἀνδρείους-ἐπικίνδυνα (1)
φατέος,ανδρει,8.94341154024005,1,0,1,0,0,0,0,0,0,0,0,1,0,0,ἀνδρείαν-φατέον (1)
εὐβουλία,ανδρει,8.94341154024005,1,0,1,0,0,0,0,0,0,0,0,0,0,1,ἀνδρείαν-εὐβουλίας (1)
ὧδε,ανδρει,8.90558661520481,2,1,1,0,0,0,1,0,0,0,0,0,1,0,ἀνδρείαν-ὧδε (2)
σκέπτομαι,ανδρει,8.88701730594039,2,1,1,0,0,1,0,0,0,1,0,0,0,0,"ἀνδρείαν-σκέψασθαι (1), ἀνδρείας-ἐσκέμμεθα (1)"
τῷ,ἀνδρεῖα,8.85665306076407,2,2,0,0,0,1,1,0,0,0,0,0,0,0,ἀνδρείων-τῷ (2)
ὅπου,ανδρει,8.85015784204006,2,1,1,0,0,0,0,1,0,0,0,0,1,0,ἀνδρείας-ὅπου (2)
φέρω,ανδρει,8.80716882273555,3,1,2,0,0,0,1,0,0,0,2,0,0,0,"ἀνδρείως-φέροντες (1), ἀνδρείους-ἐφέροντο (1), ἀνδρείαν-φέρε (1)"
μελέτη,ανδρει,8.76214545592666,1,1,0,0,0,0,1,0,0,0,0,0,0,0,ἀνδρείαν-μελέτῃ (1)
λῃστής,ανδρει,8.76214545592666,1,0,1,0,0,0,0,0,0,1,0,0,0,0,ἀνδρείους-λῃστάς (1)
χωλός,ανδρει,8.76214545592666,1,1,0,0,0,0,1,0,0,0,0,0,0,0,ἀνδρείαν-χωλήν (1)
ὁπλιτικός,ανδρει,8.76214545592666,1,1,0,0,0,0,0,1,0,0,0,0,0,0,ἀνδρείους-ὁπλιτικῷ (1)
δέλτη,ανδρει,8.76214545592666,1,1,0,0,1,0,0,0,0,0,0,0,0,0,ἀνδρείας-δέλτα (1)
ἕτερος,ανδρει,8.7507256269455,4,1,3,0,0,0,1,0,0,1,1,0,1,0,"ἀνδρείας-ἕτερον (2), ἀνδρείαν-ἕτερον (1), ἀνδρείαν-ἑτέραν (1)"
ποτ,ανδρει,8.74174993485212,2,1,1,0,0,1,0,0,0,0,1,0,0,0,"ἀνδρεία-ποτ (1), ἀνδρεῖον-ποτ (1)"
ἐπιτήδευμα,ανδρει,8.63645853102207,2,1,1,0,0,1,0,0,0,0,1,0,0,0,"ἀνδρείως-ἐπιτηδευμάτων (1), ἀνδρείας-ἐπιτηδεύματα (1)"
μεγαλόφρων,ανδρει,8.59608872234821,1,0,1,0,0,0,0,0,0,0,1,0,0,0,ἀνδρεῖος-μεγαλόφρων (1)
ἀπό,ανδρει,8.54798378422856,3,1,2,1,0,0,0,0,0,0,1,1,0,0,"ἀνδρεία-ἀπό (2), ἀνδρεῖος-ἀπό (1)"
πολιτικός,ἀνδρεῖα,8.46903351694345,1,1,0,0,1,0,0,0,0,0,0,0,0,0,ἀνδρείων-πολιτικῆς (1)
πρῶτόν,ανδρει,8.44289385899901,1,0,1,0,0,0,0,0,0,1,0,0,0,0,ἀνδρεῖον-πρῶτόν (1)
φιλοπονία,ανδρει,8.44289385899901,1,0,1,0,0,0,0,0,0,0,0,0,1,0,ἀνδρείαν-φιλοπονίαν (1)
κάκη,ανδρει,8.44289385899901,1,1,0,0,1,0,0,0,0,0,0,0,0,0,ἀνδρείας-κάκης (1)
ἀλόγιστος,ανδρει,8.44289385899901,1,0,1,0,0,0,0,0,0,0,0,0,1,0,ἀνδρείαν-ἀλογίστου (1)
προσομιλέω,ανδρει,8.44289385899901,1,0,1,0,0,0,0,0,0,0,0,0,1,0,ἀνδρείας-προσομιλεῖν (1)
ἐπιτείνω,ανδρει,8.44289385899901,1,0,1,0,0,0,0,0,0,0,0,0,0,1,ἀνδρεῖον-ἐπιταθέν (1)
εὔκολος,ανδρει,8.44289385899901,1,1,0,1,0,0,0,0,0,0,0,0,0,0,ἀνδρείαν-εὔκολος (1)
αὔτως,ανδρει,8.44289385899901,1,1,0,0,1,0,0,0,0,0,0,0,0,0,ἀνδρείαν-αὕτως (1)
μέλλω,ανδρει,8.43785664439201,3,2,1,1,0,0,1,0,0,0,0,0,0,1,"ἀνδρεῖοι-μέλλουσιν (1), ἀνδρείᾳ-μελλόντων (1), ἀνδρεία-μελλόντων (1)"
σωκράτης,ανδρει,8.43459903821349,4,3,1,0,0,2,0,1,0,0,0,0,0,1,"ἀνδρείαν-σώκρατες (2), ἀνδρείως-σώκρατες (1), ἀνδρεῖοι-σώκρατες (1)"
κίνδυνος,ἀνδρεῖα,8.42407218366861,1,0,1,0,0,0,0,0,0,1,0,0,0,0,ἀνδρείων-κινδύνων (1)
ἀφίημι,ἀνδρεῖα,8.41667695343494,1,1,0,0,0,0,1,0,0,0,0,0,0,0,ἀνδρείων-ἀφεῖσθαι (1)
πέρσης,ανδρει,8.40198465436697,2,2,0,0,0,0,0,2,0,0,0,0,0,0,ἀνδρείαν-περσῶν (2)
ἄρτι,ανδρει,8.38580074161291,2,2,0,0,1,0,1,0,0,0,0,0,0,0,"ἀνδρείας-ἄρτι (1), ἀνδρείους-ἄρτι (1)"
νομοθετέω,ανδρει,8.35364779084921,2,1,1,1,0,0,0,0,0,1,0,0,0,0,"ἀνδρείαν-νενομοθετήκατον (1), ἀνδρείαν-νομοθέτης (1)"
κέλομαι,ανδρει,8.30071835964918,1,0,1,0,0,0,0,0,0,1,0,0,0,0,ἀνδρεία-κέκληται (1)
συστρατεύω,ανδρει,8.30071835964918,1,0,1,0,0,0,0,0,0,1,0,0,0,0,ἀνδρείως-συνεστρατεύετο (1)
αὐτόχειρ,ανδρει,8.30071835964918,1,1,0,0,0,1,0,0,0,0,0,0,0,0,ἀνδρείας-αὐτόχειρες (1)
συλλογίζομαι,ανδρει,8.30071835964918,1,1,0,0,1,0,0,0,0,0,0,0,0,0,ἀνδρείως-συλλογισάμενος (1)
χρήσιμος,ανδρει,8.18173292279243,2,1,1,0,1,0,0,0,0,0,0,0,1,0,ἀνδρείαν-χρήσιμον (2)
ἔοικέν,ανδρει,8.16808945685625,1,1,0,1,0,0,0,0,0,0,0,0,0,0,ἀνδρείας-ἔοικέν (1)
μεταδιώκω,ανδρει,8.16808945685625,1,0,1,0,0,0,0,0,0,0,0,0,0,1,ἀνδρείαν-μεταδιῶκον (1)
ἄμεικτος,ανδρει,8.16808945685625,1,0,1,0,0,0,0,0,0,0,0,0,0,1,ἀνδρεία-ἄμεικτος (1)
ἐριστικός,ανδρει,8.16808945685625,1,0,1,0,0,0,0,0,0,0,0,1,0,0,ἀνδρείως-ἐριστικῶς (1)
ἀζήμιος,ανδρει,8.16808945685625,1,0,1,0,0,0,0,0,0,1,0,0,0,0,ἀνδρείως-ἀζήμιον (1)
βραδυτής,ανδρει,8.16808945685625,1,1,0,1,0,0,0,0,0,0,0,0,0,0,ἀνδρείας-βραδυτῆτι (1)
εὐταξία,ανδρει,8.16808945685625,1,1,0,0,0,0,1,0,0,0,0,0,0,0,ἀνδρείαν-εὐταξίαν (1)
πόλεώς,ανδρει,8.16808945685625,1,1,0,0,1,0,0,0,0,0,0,0,0,0,ἀνδρείαις-πόλεώς (1)
ὄνομα,ανδρει,8.12852224335074,3,2,1,0,1,0,1,0,0,0,0,0,0,1,"ἀνδρείαν-τοὔνομα (1), ἀνδρείας-ὀνόματος (1), ἀνδρείας-ὄνομα (1)"
δράω,ανδρει,7.98858335614204,2,1,1,1,0,0,0,0,0,0,1,0,0,0,"ἀνδρείας-δρῶσιν (1), ἀνδρείαν-δρᾷ (1)"
ἄριστος,ανδρει,7.94544600322843,2,2,0,0,1,1,0,0,0,0,0,0,0,0,"ἀνδρεία-ἄριστε (1), ἀνδρείαν-ἀρίστοις (1)"
κακός,ανδρει,7.94154526293278,3,0,3,0,0,0,0,0,0,0,0,1,1,1,"ἀνδρείους-κακούς (1), ἀνδρείαν-κακόν (1), ἀνδρείαν-κακίστοις (1)"
λακεδαιμόνιος,ανδρει,7.93118138611317,2,2,0,0,1,0,1,0,0,0,0,0,0,0,ἀνδρείαν-λακεδαιμόνιε (2)
ἐάω,ἀνδρεῖα,7.9286050349474,1,1,0,1,0,0,0,0,0,0,0,0,0,0,ἀνδρείων-ἐᾶν (1)
ἆθλος,ανδρει,7.92689969018102,1,0,1,0,0,0,0,0,0,0,0,0,0,1,ἀνδρείαν-ἄθλους (1)
κίνδυνος,ανδρει,7.90282133966684,2,1,1,0,0,0,0,1,0,0,0,0,1,0,"ἀνδρείους-κινδύνοις (1), ἀνδρείαν-κινδύνοις (1)"
φιλόνεικος,ανδρει,7.81653472781181,1,0,1,0,0,0,0,0,0,0,0,1,0,0,ἀνδρείας-φιλόνικον (1)
φιλονεικέω,ανδρει,7.81653472781181,1,0,1,0,0,0,0,0,0,0,0,1,0,0,ἀνδρειότατοι-φιλονικεῖν (1)
ἐπέξειμι,ανδρει,7.81653472781181,1,0,1,0,0,0,0,0,0,1,0,0,0,0,ἀνδρείως-ἐπεξιών (1)
καίτοι,ανδρει,7.79157640039921,2,2,0,1,1,0,0,0,0,0,0,0,0,0,ἀνδρείαν-καίτοι (2)
τοῦτό,ανδρει,7.73722679540515,2,0,2,0,0,0,0,0,0,0,1,0,1,0,"ἀνδρειότατα-τοῦτό (1), ἀνδρεῖον-τοῦτό (1)"
πρᾶξις,ἀνδρεῖα,7.73647461459041,1,1,0,0,0,1,0,0,0,0,0,0,0,0,ἀνδρείων-πράξεως (1)
ἀποκωλύω,ανδρει,7.71202629432082,1,0,1,0,0,0,0,0,0,0,0,0,1,0,ἀνδρείαν-ἀποκωλύει (1)
ἁνήρ,ανδρει,7.71202629432082,1,1,0,0,1,0,0,0,0,0,0,0,0,0,ἀνδρείαν-ἁνήρ (1)
ἄνανδρος,ανδρει,7.71202629432082,1,0,1,0,0,0,0,0,0,0,0,0,1,0,ἀνδρεῖον-ἀνάνδρους (1)
ἔχω,ανδρει,7.67468828335404,6,4,2,1,1,1,1,0,0,1,0,1,0,0,"ἀνδρειοτάτους-ἔχε (1), ἀνδρεῖοι-ἕξουσιν (1), ἀνδρεῖον-ἔχοι (1), ἀνδρεῖον-ἔχοντα (1), ἀνδρειοτάτου-ἐχομένου (1), ἀνδρείως-ἐχόμενον (1)"
τρέφω,ανδρει,7.67043520510197,2,2,0,0,0,1,0,1,0,0,0,0,0,0,"ἀνδρεῖον-τραφέν (1), ἀνδρίας-τεθραμμένους (1)"
ξένος,ανδρει,7.6572260260582,2,2,0,0,0,2,0,0,0,0,0,0,0,0,"ἀνδρεία-ξένε (1), ἀνδρείαν-ξένε (1)"
ἀλήθεια,ανδρει,7.63095404207706,2,1,1,0,0,0,1,0,0,0,0,0,1,0,"ἀνδρείᾳ-ἀληθείᾳ (1), ἀνδρείας-ἀληθείας (1)"
πλησμονή,ανδρει,7.61278796195984,1,1,0,1,0,0,0,0,0,0,0,0,0,0,ἀνδρεῖον-πλησμονήν (1)
φιλομαθής,ανδρει,7.61278796195984,1,1,0,0,1,0,0,0,0,0,0,0,0,0,ἀνδρεῖοι-φιλομαθεῖς (1)
ὅσος,ανδρει,7.6025764234364,4,1,3,0,0,0,0,1,0,0,0,2,1,0,"ἀνδρείους-ὅσοι (1), ἀνδρείαν-ὅσον (1), ἀνδρείου-ὅσα (1), ἀνδρείας-ὅσοις (1)"
δίκη,ἀνδρεῖα,7.54712460562587,1,1,0,1,0,0,0,0,0,0,0,0,0,0,ἀνδρείων-δίκην (1)
ζωός,ανδρει,7.51831721514463,1,1,0,0,0,0,1,0,0,0,0,0,0,0,ἀνδρεία-ζωή (1)
μανικός,ανδρει,7.51831721514463,1,1,0,0,0,0,1,0,0,0,0,0,0,0,ἀνδρειότεροι-μανικώτεροι (1)
ἀφανής,ανδρει,7.51831721514463,1,0,1,0,0,0,0,0,0,0,0,0,1,0,ἀνδρείας-ἀφανῆ (1)
ἀδεής,ανδρει,7.51831721514463,1,0,1,0,0,0,0,0,0,0,0,1,0,0,ἀνδρειότατος-ἀδεᾶ (1)
ἔρως,ανδρει,7.51507962867618,2,0,2,0,0,0,0,0,0,1,1,0,0,0,"ἀνδρείαν-ἔρωτος (1), ἀνδρείαν-ἔρωτι (1)"
ἕκαστος,ανδρει,7.46933355182409,4,0,4,0,0,0,0,0,0,2,0,1,1,0,"ἀνδρείως-ἕκαστα (2), ἀνδρείᾳ-ἕκαστον (1), ἀνδρείας-ἕκαστον (1)"
βουλεύω,ανδρει,7.46477258205414,2,1,1,0,1,0,0,0,0,0,0,1,0,0,"ἀνδρεῖον-βουλευθέντα (1), ἀνδρείᾳ-βουλευθέντα (1)"
νυνδί,ανδρει,7.45230694487691,2,1,1,0,0,1,0,0,0,1,0,0,0,0,"ἀνδρείαν-νυνδή (1), ἀνδρεῖον-νυνδή (1)"
ἀθανασία,ανδρει,7.42818017676473,1,0,1,0,0,0,0,0,0,0,1,0,0,0,ἀνδρείαν-ἀθανασίας (1)
τελέων,ανδρει,7.42818017676473,1,1,0,0,1,0,0,0,0,0,0,0,0,0,ἀνδρείαν-τέλεον (1)
ἥκιστ,ανδρει,7.42818017676473,1,0,1,0,0,0,0,0,0,0,0,1,0,0,ἀνδρειοτάτην-ἥκιστ (1)
ἐπιτιμή,ανδρει,7.42818017676473,1,1,0,0,1,0,0,0,0,0,0,0,0,0,ἀνδρίαν-ἐπιτιμᾶν (1)
δέ,ἀνδρεῖα,7.42211736366153,3,1,2,0,1,0,0,0,0,0,0,1,0,1,ἀνδρείων-δέ (3)
αν,ανδρει,7.34199960529804,1,1,0,1,0,0,0,0,0,0,0,0,0,0,ἀνδρείαν-αν (1)
γενεά,ανδρει,7.34199960529804,1,0,1,0,0,0,0,0,0,0,0,1,0,0,ἀνδρείας-γενεάς (1)
φρονίμους,ανδρει,7.34199960529804,1,0,1,0,0,0,0,0,0,0,1,0,0,0,ἀνδρείους-φρονίμους (1)
θέατρον,ανδρει,7.25944552570581,1,0,1,0,0,0,0,0,0,0,0,0,1,0,ἀνδρείας-θεάτρου (1)
κερδαλέος,ανδρει,7.25944552570581,1,0,1,0,0,0,0,0,0,0,0,0,1,0,ἀνδρειότατε-κερδαλέον (1)
ἀκίνητος,ανδρει,7.25944552570581,1,0,1,0,0,0,0,0,0,0,0,1,0,0,ἀνδρεία-ἀκίνητος (1)
παῖς,ανδρει,7.22600291669369,3,2,1,0,1,0,0,1,0,0,0,0,0,1,"ἀνδρείας-παίδων (1), ἀνδρείους-παίδων (1), ἀνδρειότατοι-παίδων (1)"
ἡμός,ανδρει,7.14245606586337,3,2,1,0,0,0,1,1,0,0,1,0,0,0,"ἀνδρείαν-ἡμᾶς (1), ἀνδρεῖος-ἡμᾶς (1), ἀνδρείας-ἡμᾶς (1)"
δί,ανδρει,7.12008327618241,2,0,2,0,0,0,0,0,0,0,1,0,0,1,"ἀνδρεῖον-δί (1), ἀνδρείαν-δί (1)"
πατήρ,ἀνδρεῖα,7.1026162058115,1,0,1,0,0,0,0,0,0,0,1,0,0,0,ἀνδρείων-πατέρες (1)
_σω,ἀνδρεῖα,7.06881744414568,1,0,1,0,0,0,0,0,0,0,0,1,0,0,ἀνδρείων-_σω (1)
μετατίθημι,ανδρει,7.03080124780536,1,0,1,0,0,0,0,0,0,0,0,0,0,1,ἀνδρεία-μετατίθεσθαι (1)
ἐπιτελέω,ανδρει,7.03080124780536,1,0,1,0,0,0,0,0,0,1,0,0,0,0,ἀνδρείᾳ-ἐπιτελοῦν (1)
πλήρης,ανδρει,7.03080124780536,1,1,0,1,0,0,0,0,0,0,0,0,0,0,ἀνδρείας-πλήρης (1)
εὐήθης,ανδρει,6.96016087010503,1,1,0,0,0,1,0,0,0,0,0,0,0,0,ἀνδρειότεροι-εὐηθέστεροι (1)
βάσανος,ανδρει,6.96016087010503,1,1,0,0,1,0,0,0,0,0,0,0,0,0,ἀνδρείας-βάσανον (1)
φημί,ἀνδρεῖα,6.9533945992589,2,1,1,1,0,0,0,0,0,0,1,0,0,0,"ἀνδρείων-φῶμεν (1), ἀνδρείων-φημί (1)"
ὀρθόω,ανδρει,6.921601716429,3,3,0,0,1,2,0,0,0,0,0,0,0,0,"ἀνδρεῖον-ὀρθῶς (2), ἀνδρειότατος-ὀρθῶς (1)"
ναῦς,ανδρει,6.90061959251761,3,1,2,0,1,0,0,0,0,0,1,0,1,0,"ἀνδρεία-ναί (2), ἀνδρειότατε-ναί (1)"
”τί,ανδρει,6.89198505878448,1,0,1,0,0,0,0,0,0,0,0,0,1,0,ἀνδρείαν-”τί (1)
βιάω,ανδρει,6.89198505878448,1,1,0,0,1,0,0,0,0,0,0,0,0,0,ἀνδρείαν-βίας (1)
ἀμφότερος,ανδρει,6.89013880118728,2,0,2,0,0,0,0,0,0,0,2,0,0,0,ἀνδρεῖοι-ἀμφότεροι (2)
εὐθύς,ανδρει,6.87956042587757,2,1,1,0,0,1,0,0,0,0,0,0,0,1,"ἀνδρείους-εὐθύς (1), ἀνδρείας-εὐθύς (1)"
σχεδόν,ανδρει,6.86901433393359,2,0,2,0,0,0,0,0,0,0,0,1,0,1,"ἀνδρείας-σχεδόν (1), ἀνδρεία-σχεδόν (1)"
ἀντεῖπον,ανδρει,6.76238549128175,1,1,0,1,0,0,0,0,0,0,0,0,0,0,ἀνδρία-ἀντειπεῖν (1)
ἐρώτημα,ανδρει,6.76238549128175,1,0,1,0,0,0,0,0,0,0,0,0,1,0,ἀνδρειότατα-ἐρωτήμασιν (1)
εἶδον,ανδρει,6.74491442739964,2,1,1,0,0,1,0,0,0,0,0,0,1,0,"ἀνδρείου-ἰδόντα (1), ἀνδρείαν-ἰδών (1)"
πολλάκις,ανδρει,6.70452306419611,2,1,1,1,0,0,0,0,0,0,0,0,0,1,"ἀνδρεία-πολλάκις (1), ἀνδρείως-πολλάκις (1)"
διαπεραίνω,ανδρει,6.70067870244384,1,0,1,0,0,0,0,0,0,0,0,1,0,0,ἀνδρεῖον-διαπερανθέν (1)
ἀεί,ανδρει,6.68602376431227,3,2,1,1,0,1,0,0,0,0,0,1,0,0,"ἀνδρείαν-ἀεί (2), ἀνδρειότατος-ἀεί (1)"
ὅστις,ανδρει,6.67605721205473,3,1,2,0,0,1,0,0,0,0,1,1,0,0,"ἀνδρείᾳ-ᾑτινιοῦν (1), ἀνδρεῖον-ὅντινα (1), ἀνδρεῖον-ὁντινοῦν (1)"
παντάπασί,ανδρει,6.64086674898863,1,1,0,0,1,0,0,0,0,0,0,0,0,0,ἀνδρειότατα-παντάπασί (1)
δέος,ανδρει,6.64086674898863,1,1,0,0,0,1,0,0,0,0,0,0,0,0,ἀνδρειότατον-δέος (1)
μάλης,ανδρει,6.63496325165033,2,0,2,0,0,0,0,0,0,0,0,0,0,2,"ἀνδρείαν-μάλα (1), ἀνδρειότερος-μάλα (1)"
κατ,ανδρει,6.6153459623456,2,1,1,1,0,0,0,0,0,1,0,0,0,0,"ἀνδρείαν-κατ (1), ἀνδρείας-κατ (1)"
πρᾶξις,ανδρει,6.60557939484715,2,2,0,0,0,1,1,0,0,0,0,0,0,0,"ἀνδρείου-πράξει (1), ἀνδρείας-πρᾶξιν (1)"
εἰμί,ἀνδρεῖα,6.58651877939701,3,1,2,0,0,0,0,1,0,0,0,1,0,1,"ἀνδρείων-ὄντι (1), ἀνδρείων-εἶναι (1), ἀνδρείων-ἔν (1)"
συντείνω,ανδρει,6.58283811807632,1,0,1,0,0,0,0,0,0,0,1,0,0,0,ἀνδρείαν-συντεινούσας (1)
μ,ανδρει,6.58283811807632,1,0,1,0,0,0,0,0,0,0,0,1,0,0,ἀνδρείαν-μ (1)
ἀθλητής,ανδρει,6.47173156216741,1,1,0,1,0,0,0,0,0,0,0,0,0,0,ἀνδρεῖοι-ἀθληταί (1)
δευτερόω,ανδρει,6.47173156216741,1,0,1,0,0,0,0,0,0,0,0,0,1,0,ἀνδρείαις-δευτέρους (1)
δοκοῦσί,ανδρει,6.47173156216741,1,0,1,0,0,0,0,0,0,1,0,0,0,0,ἀνδρεῖοι-δοκοῦσί (1)
πραγματεύομαι,ανδρει,6.47173156216741,1,0,1,0,0,0,0,0,0,0,0,0,1,0,ἀνδρείως-πεπραγματεῦσθαι (1)
ἐμφύω,ανδρει,6.47173156216741,1,1,0,0,0,1,0,0,0,0,0,0,0,0,ἀνδρείας-ἐμφύσεται (1)
αἱρέω,ανδρει,6.45300468429923,2,0,2,0,0,0,0,0,0,1,0,1,0,0,"ἀνδρεῖος-ἕλοιτο (1), ἀνδρεῖος-αἱρεῖσθαι (1)"
ἱκανόω,ανδρει,6.44369237869978,2,0,2,0,0,0,0,0,0,1,0,0,0,1,"ἀνδρειοτέροις-ἱκανοί (1), ἀνδρεῖοι-ἱκανοί (1)"
ἀπό,ἀνδρεῖα,6.44067479670048,1,1,0,0,0,0,1,0,0,0,0,0,0,0,ἀνδρείων-ἀπό (1)
κεράννυμι,ανδρει,6.41847431659698,1,0,1,0,0,0,0,0,0,1,0,0,0,0,ἀνδρείας-κραθέντων (1)
εὐτυχής,ανδρει,6.41847431659698,1,0,1,0,0,0,0,0,0,0,0,1,0,0,ἀνδρεῖος-εὐτυχής (1)
ἄτιμος,ανδρει,6.41847431659698,1,1,0,0,1,0,0,0,0,0,0,0,0,0,ἀνδρεῖος-ἄτιμος (1)
θαυμαστόω,ανδρει,6.41847431659698,1,1,0,1,0,0,0,0,0,0,0,0,0,0,ἀνδρείως-θαυμαστῶς (1)
δοκώ,ανδρει,6.41590800136328,2,2,0,0,1,0,1,0,0,0,0,0,0,0,"ἀνδρείας-δοκῶ (1), ἀνδρείᾳ-δοκῶσιν (1)"
μοναρχία,ανδρει,6.36664005368948,1,0,1,0,0,0,0,0,0,0,0,0,1,0,ἀνδρεῖος-μοναρχίας (1)
ἐλευθέριος,ανδρει,6.3161557726562,1,0,1,0,0,0,0,0,0,0,1,0,0,0,ἀνδρεῖοι-ἐλευθέριοι (1)
τεκμαίρομαι,ανδρει,6.3161557726562,1,0,1,0,0,0,0,0,0,0,0,1,0,0,ἀνδρεία-τεκμαίρομαι (1)
θηρεύω,ανδρει,6.3161557726562,1,1,0,0,0,0,1,0,0,0,0,0,0,0,ἀνδρείας-θηρεύοντες (1)
ἡρακλέων,ανδρει,6.3161557726562,1,1,0,1,0,0,0,0,0,0,0,0,0,0,ἀνδρείαν-ἡρακλέους (1)
τοῦτ,ανδρει,6.30699868872762,2,2,0,1,1,0,0,0,0,0,0,0,0,0,"ἀνδρεῖος-τοῦτ (1), ἀνδρείαν-τοῦτ (1)"
ἑαυτοῦ,ανδρει,6.28865857422352,5,0,5,0,0,0,0,0,0,0,0,2,2,1,"ἀνδρείαν-αὑτοῦ (1), ἀνδρεία-ἑαυτῆς (1), ἀνδρειότερον-αὑτοῦ (1), ἀνδρειότερος-αὑτοῦ (1), ἀνδρεῖον-αὑτῷ (1)"
ἐκβαίνω,ανδρει,6.26695395633578,1,1,0,0,1,0,0,0,0,0,0,0,0,0,ἀνδρείως-ἐκβαίνειν (1)
παρά,ανδρει,6.22685081139207,3,0,3,0,0,0,0,0,0,0,1,1,1,0,"ἀνδρείας-παρά (1), ἀνδρεία-παρά (1), ἀνδρεῖοι-παρά (1)"
ἐπιμελής,ανδρει,6.21897202730179,1,0,1,0,0,0,0,0,0,0,0,1,0,0,ἀνδρείας-ἐπιμελές (1)
καίω,ανδρει,6.21897202730179,1,0,1,0,0,0,0,0,0,0,0,0,1,0,ἀνδρείως-κάειν (1)
γείτων,ανδρει,6.21897202730179,1,1,0,1,0,0,0,0,0,0,0,0,0,0,ἀνδρεῖον-γείτονα (1)
ἥσσων,ανδρει,6.20150085166097,2,1,1,0,0,0,1,0,0,0,0,0,0,1,"ἀνδρεῖον-ἧττον (1), ἀνδρεῖος-ἧττον (1)"
περίειμι,ανδρει,6.17215187475085,1,0,1,0,0,0,0,0,0,1,0,0,0,0,ἀνδρείᾳ-περιεῖναι (1)
ἕνεκά,ανδρει,6.17215187475085,1,0,1,0,0,0,0,0,0,0,0,0,0,1,ἀνδρεῖοι-ἕνεκά (1)
προσχράομαι,ανδρει,6.17215187475085,1,1,0,0,1,0,0,0,0,0,0,0,0,0,ἀνδρείας-προσχρωμένην (1)
φύω,ἀνδρεῖα,6.13663674518466,1,0,1,0,0,0,0,0,0,0,0,1,0,0,ἀνδρείων-φύσιν (1)
οὔτ,ανδρει,6.13296930864453,2,1,1,0,0,0,0,1,0,0,0,0,0,1,ἀνδρεῖον-οὔτ (2)
διαπονέω,ανδρει,6.12643944844604,1,0,1,0,0,0,0,0,0,0,1,0,0,0,ἀνδρείως-διαπονεῖται (1)
ὁμόνοια,ανδρει,6.12643944844604,1,0,1,0,0,0,0,0,0,0,0,1,0,0,ἀνδρείας-ὁμόνοιαν (1)
ἔοικα,ανδρει,6.05508108064532,3,1,2,1,0,0,0,0,0,0,0,1,1,0,"ἀνδρείας-ἔοικε (1), ἀνδρείαν-ἐοίκαμεν (1), ἀνδρεία-ἔοικεν (1)"
λαμβάνω,ανδρει,6.0078533180058,3,1,2,0,0,0,0,1,0,0,2,0,0,0,"ἀνδρεία-λαμβανομένη (1), ἀνδρείας-λαμβάνειν (1), ἀνδρείαν-λαβόντες (1)"
ὑμνέω,ανδρει,5.99546139314771,1,0,1,0,0,0,0,0,0,1,0,0,0,0,ἀνδρείαν-ὑμνοῦντες (1)
πολίτης,ανδρει,5.98373756930232,2,1,1,0,0,1,0,0,0,0,0,0,0,1,"ἀνδρίαν-πολῖται (1), ἀνδρεῖοι-πολιτῶν (1)"
παῖς,ἀνδρεῖα,5.95412077754736,1,0,1,0,0,0,0,0,0,1,0,0,0,0,ἀνδρείων-παίδων (1)
ζητέω,ανδρει,5.87998958304524,2,0,2,0,0,0,0,0,0,0,1,0,0,1,"ἀνδρείως-ζητοῦμεν (1), ἀνδρεῖος-ζητῶν (1)"
μηνύω,ανδρει,5.87282635271549,1,0,1,0,0,0,0,0,0,0,1,0,0,0,ἀνδρείας-μηνύει (1)
χέω,ἀνδρεῖα,5.84799763932824,1,1,0,0,1,0,0,0,0,0,0,0,0,0,ἀνδρείων-ἔχει (1)
βέβαιος,ανδρει,5.83362708240747,1,1,0,0,0,1,0,0,0,0,0,0,0,0,ἀνδρειοτάτους-βεβαιοτάτους (1)
πλοῖον,ανδρει,5.7952122874558,1,1,0,0,1,0,0,0,0,0,0,0,0,0,ἀνδρειότεροι-πλοῖα (1)
βίαιος,ανδρει,5.7952122874558,1,0,1,0,0,0,0,0,0,0,0,0,1,0,ἀνδρείου-βιαίῳ (1)
ἄνω,ανδρει,5.77941012009978,2,0,2,0,0,0,0,0,0,0,1,0,1,0,"ἀνδρεία-ἄνευ (1), ἀνδρεῖον-ἄνευ (1)"
ῥυθμός,ανδρει,5.75755178183317,1,1,0,1,0,0,0,0,0,0,0,0,0,0,ἀνδρείου-ῥυθμούς (1)
ὅστις,ἀνδρεῖα,5.74742810800672,1,0,1,0,0,0,0,0,0,0,1,0,0,0,ἀνδρείων-αἵτινες (1)
ἅπας,ανδρει,5.72306215390563,3,2,1,1,0,1,0,0,0,0,0,0,1,0,"ἀνδρειότατος-ἅπαντα (1), ἀνδρείαν-ἅπαντα (1), ἀνδρίαν-ἅπασιν (1)"
προσγίγνομαι,ανδρει,5.72061709687114,1,0,1,0,0,0,0,0,0,1,0,0,0,0,ἀνδρεία-προσεγένετο (1)
συχνός,ανδρει,5.72061709687114,1,0,1,0,0,0,0,0,0,0,0,0,1,0,ἀνδρεῖοι-συχνούς (1)
ὁμολογία,ανδρει,5.72061709687114,1,1,0,1,0,0,0,0,0,0,0,0,0,0,ἀνδρεῖος-ὁμολογίας (1)
ἁπλῶς,ανδρει,5.68438134714961,1,1,0,0,0,0,0,1,0,0,0,0,0,0,ἀνδρεῖοι-ἁπλῶς (1)
οἶμαί,ανδρει,5.68438134714961,1,0,1,0,0,0,0,0,0,0,1,0,0,0,ἀνδρείαν-οἶμαί (1)
ἄνοια,ανδρει,5.64881911501288,1,0,1,0,0,0,0,0,0,0,0,1,0,0,ἀνδρείαν-ἀνοίας (1)
ἔρδω,ανδρει,5.61390634253621,1,1,0,0,0,1,0,0,0,0,0,0,0,0,ἀνδρείας-ἠρξάμεθα (1)
συμμαχέω,ανδρει,5.57962023094296,1,1,0,0,1,0,0,0,0,0,0,0,0,0,ἀνδρεῖος-μαχεῖται (1)
ὁπωσοῦν,ανδρει,5.57962023094296,1,0,1,0,0,0,0,0,0,0,0,0,1,0,ἀνδρείους-ὁπωστιοῦν (1)
θεωρέω,ανδρει,5.54593916982412,1,1,0,0,1,0,0,0,0,0,0,0,0,0,ἀνδρείους-τεθεωρήκαμεν (1)
μόριον,ανδρει,5.54593916982412,1,0,1,0,0,0,0,0,0,0,0,1,0,0,ἀνδρείας-μόρια (1)
ἀνευρίσκω,ανδρει,5.54593916982412,1,1,0,0,0,1,0,0,0,0,0,0,0,0,ἀνδρεῖος-ἀνευρεῖν (1)
γυνή,ανδρει,5.51604773104191,2,1,1,0,0,1,0,0,0,0,0,0,0,1,"ἀνδρεία-γυνή (1), ἀνδρείως-γυναικί (1)"
θηριόω,ανδρει,5.51284265145659,1,1,0,0,0,0,1,0,0,0,0,0,0,0,ἀνδρείαν-θηρίου (1)
παντελής,ανδρει,5.51284265145659,1,0,1,0,0,0,0,0,0,0,1,0,0,0,ἀνδρεῖον-παντελῶς (1)
ἄλλ,ανδρει,5.51284265145659,1,0,1,0,0,0,0,0,0,0,0,0,0,1,ἀνδρείᾳ-ἄλλ (1)
πόσος,ανδρει,5.51284265145659,1,0,1,0,0,0,0,0,0,0,1,0,0,0,ἀνδρείας-πόσῳ (1)
βουλή,ανδρει,5.44832624495029,1,0,1,0,0,0,0,0,0,0,0,0,0,1,ἀνδρείας-βουλῆς (1)
ἐργασία,ανδρει,5.44832624495029,1,0,1,0,0,0,0,0,0,0,0,0,0,1,ἀνδρείου-ἐργασίᾳ (1)
ἐπιστήμων,ανδρει,5.44832624495029,1,1,0,0,0,1,0,0,0,0,0,0,0,0,ἀνδρεῖον-ἐπιστήμονι (1)
αὐτίκα,ανδρει,5.44832624495029,1,0,1,0,0,0,0,0,0,1,0,0,0,0,ἀνδρεῖοι-αὐτίκα (1)
ἔσθ,ανδρει,5.44832624495029,1,1,0,0,0,1,0,0,0,0,0,0,0,0,ἀνδρείαν-ἔσθ (1)
κομιδῇ,ανδρει,5.4168701954186,1,0,1,0,0,0,0,0,0,0,0,1,0,0,ἀνδρείαν-κομιδῇ (1)
ἐλάχιστος,ανδρει,5.38592624291778,1,1,0,0,0,1,0,0,0,0,0,0,0,0,ἀνδρείαν-ἐλάχιστα (1)
ἀληθής,ανδρει,5.35676309838891,3,0,3,0,0,0,0,0,0,0,1,0,2,0,"ἀνδρείαν-ἀληθέστατα (1), ἀνδρεία-ἀληθῆ (1), ἀνδρειοτέρου-ἀληθῆ (1)"
κατοικίζω,ανδρει,5.355478387326,1,0,1,0,0,0,0,0,0,0,0,0,0,1,ἀνδρείας-κατῴκισαν (1)
δοκέω,ανδρει,5.34947118535638,3,0,3,0,0,0,0,0,0,0,1,1,1,0,"ἀνδρείαν-δόξει (1), ἀνδρείως-δόξουσι (1), ἀνδρειότατος-δοκεῖν (1)"
πανταχοῦ,ανδρει,5.29601057991385,1,0,1,0,0,0,0,0,0,0,0,0,0,1,ἀνδρείαν-πανταχοῦ (1)
βραδύς,ανδρει,5.26696214079857,1,0,1,0,0,0,0,0,0,0,0,0,1,0,ἀνδρείου-βραδύς (1)
δοκέω,ἀνδρεῖα,5.23488622531295,1,1,0,0,0,1,0,0,0,0,0,0,0,0,ἀνδρείων-δόξουσι (1)
μειράκιον,ανδρει,5.2101696357131,1,1,0,0,0,0,1,0,0,0,0,0,0,0,ἀνδρειότατοι-μειρακίων (1)
διαφεύγω,ανδρει,5.2101696357131,1,0,1,0,0,0,0,0,0,0,0,0,0,1,ἀνδρείως-διαπεφευγότων (1)
τιμόω,ανδρει,5.1824006550014,1,0,1,0,0,0,0,0,0,0,1,0,0,0,ἀνδρείαν-τιμῶντα (1)
θείης,ανδρει,5.1824006550014,1,0,1,0,0,0,0,0,0,0,1,0,0,0,ἀνδρείας-θείας (1)
δυνατός,ανδρει,5.13249836862087,2,1,1,0,0,1,0,0,0,0,1,0,0,0,"ἀνδρεῖον-δυνατοί (1), ἀνδρείας-δυνατός (1)"
ἰσχύς,ανδρει,5.12805888056755,1,1,0,0,0,1,0,0,0,0,0,0,0,0,ἀνδρείαν-ἰσχύν (1)
ἀγησίλαος,ανδρει,5.12805888056755,1,1,0,0,0,0,0,1,0,0,0,0,0,0,ἀνδρεῖον-ἀγησίλαον (1)
μέλος,ανδρει,5.12805888056755,1,0,1,0,0,0,0,0,0,0,0,1,0,0,ἀνδρείου-μέλος (1)
γ,ανδρει,5.10768383741379,2,0,2,0,0,0,0,0,0,0,0,0,1,1,"ἀνδρεῖος-γ (1), ἀνδρείαν-γ (1)"
ὑγιής,ανδρει,5.10146418958902,1,0,1,0,0,0,0,0,0,0,0,0,0,1,ἀνδρείας-ὑγιής (1)
ἄρσην,ανδρει,5.10146418958902,1,1,0,1,0,0,0,0,0,0,0,0,0,0,ἀνδρεῖον-ἄρρεν (1)
ἀριστερός,ανδρει,5.10146418958902,1,0,1,0,0,0,0,0,0,0,0,1,0,0,ἀνδρείαν-τἀριστερά (1)
οἶσθ,ανδρει,5.07523975893855,1,1,0,0,0,1,0,0,0,0,0,0,0,0,ἀνδρείαν-οἶσθ (1)
ἐμπίπλημι,ανδρει,5.07523975893855,1,1,0,0,0,0,1,0,0,0,0,0,0,0,ἀνδρειότερος-ἐμπίμπλαται (1)
κύριος,ανδρει,5.04937572777271,1,0,1,0,0,0,0,0,0,0,1,0,0,0,ἀνδρεῖοι-κύριοι (1)
χρεών,ανδρει,5.04937572777271,1,1,0,0,0,0,0,1,0,0,0,0,0,0,ἀνδρεῖος-χρεών (1)
νῦν,ανδρει,5.03521770611405,4,2,2,1,0,0,1,0,0,0,0,0,1,1,"ἀνδρεία-νῦν (2), ἀνδρείαν-νῦν (1), ἀνδρείως-νῦν (1)"
ὄντα,ανδρει,5.02836909145117,2,1,1,0,0,0,1,0,0,0,0,0,0,1,ἀνδρεῖον-ὄντα (2)
νέος,ανδρει,5.02386260405183,1,1,0,0,1,0,0,0,0,0,0,0,0,0,ἀνδρεῖος-νέος (1)
λοιδορέω,ανδρει,5.02386260405183,1,0,1,0,0,0,0,0,0,1,0,0,0,0,ἀνδρίαν-λοιδορεῖν (1)
τοῦθ,ανδρει,4.99869127199054,1,0,1,0,0,0,0,0,0,1,0,0,0,0,ἀνδρείαν-τοῦθ (1)
μᾶλλον,ἀνδρεῖα,4.98692420125008,1,1,0,1,0,0,0,0,0,0,0,0,0,0,ἀνδρείων-μᾶλλον (1)
ὁρίζω,ανδρει,4.97385297343135,1,1,0,0,0,0,1,0,0,0,0,0,0,0,ἀνδρείαν-ὁρίζεσθαι (1)
διότι,ανδρει,4.97385297343135,1,1,0,0,0,0,1,0,0,0,0,0,0,0,ἀνδρεία-διότι (1)
ἀναβαίνω,ανδρει,4.94933927059174,1,0,1,0,0,0,0,0,0,0,0,1,0,0,ἀνδρείαν-ἀναβαίνοντος (1)
ὑπό,ἀνδρεῖα,4.94447487965226,1,1,0,1,0,0,0,0,0,0,0,0,0,0,ἀνδρείων-ὑπό (1)
ἀρχή,ανδρει,4.93344519659877,2,1,1,0,1,0,0,0,0,0,1,0,0,0,"ἀνδρείαν-ἀρχῆς (1), ἀνδρείαν-ἀρχάς (1)"
ἀναλίσκω,ανδρει,4.92514204606414,1,1,0,0,1,0,0,0,0,0,0,0,0,0,ἀνδρεῖον-ἀναλώσας (1)
τάχ,ανδρει,4.85437253117561,1,0,1,0,0,0,0,0,0,1,0,0,0,0,ἀνδρειότατε-τάχ (1)
πρᾶος,ανδρει,4.85437253117561,1,0,1,0,0,0,0,0,0,0,0,1,0,0,ἀνδρειότερα-πραότερα (1)
λεκτέος,ανδρει,4.85437253117561,1,0,1,0,0,0,0,0,0,0,0,0,0,1,ἀνδρεῖοι-λεκτέον (1)
προστίθημι,ανδρει,4.83136588335037,1,0,1,0,0,0,0,0,0,0,0,0,1,0,ἀνδρεῖος-πρόσθες (1)
τέταρτος,ανδρει,4.83136588335037,1,1,0,0,0,0,1,0,0,0,0,0,0,0,ἀνδρεία-τέταρτον (1)
ἐγκωμιάζω,ανδρει,4.83136588335037,1,1,0,0,1,0,0,0,0,0,0,0,0,0,ἀνδρείαν-ἐγκωμιάζω (1)
ἀνήρ,ἀνδρεῖα,4.82144842296839,1,0,1,0,0,0,0,0,0,0,0,0,1,0,ἀνδρείων-ἀνδρῶν (1)
μηχανή,ανδρει,4.80863935872912,1,0,1,0,0,0,0,0,0,0,0,1,0,0,ἀνδρείαις-μηχαναῖς (1)
μέν,ἀνδρεῖα,4.79660328105092,2,2,0,0,0,0,1,1,0,0,0,0,0,0,ἀνδρείων-μέν (2)
σιμμίας,ανδρει,4.78618645295501,1,1,0,1,0,0,0,0,0,0,0,0,0,0,ἀνδρεία-σιμμία (1)
ἐλασσόω,ανδρει,4.74207655340433,1,0,1,0,0,0,0,0,0,0,0,1,0,0,ἀνδρείαν-ἐλάττους (1)
γλαυκόω,ανδρει,4.72040760889649,1,1,0,0,1,0,0,0,0,0,0,0,0,0,ἀνδρειότατος-γλαύκων (1)
ὑπηρετέω,ανδρει,4.69898836687207,1,1,0,0,0,0,1,0,0,0,0,0,0,0,ἀνδρείαν-ὑπηρετεῖν (1)
προθυμέομαι,ανδρει,4.69898836687207,1,1,0,0,1,0,0,0,0,0,0,0,0,0,ἀνδρείας-προθυμουμένους (1)
ἑτοῖμος,ανδρει,4.69898836687207,1,0,1,0,0,0,0,0,0,0,0,0,1,0,ἀνδρεία-ἕτοιμος (1)
μής,ἀνδρεῖα,4.67798171937466,1,0,1,0,0,0,0,0,0,0,0,0,0,1,ἀνδρείων-μήν (1)
ἐξευρίσκω,ανδρει,4.6361748687923,1,1,0,0,0,0,1,0,0,0,0,0,0,0,ἀνδρείας-ἐξευρεῖν (1)
δουλεύω,ανδρει,4.6361748687923,1,1,0,0,0,1,0,0,0,0,0,0,0,0,ἀνδρειότατος-δουλεύων (1)
νοέω,ανδρει,4.6361748687923,1,0,1,0,0,0,0,0,0,0,0,0,0,1,ἀνδρεῖοι-νοήσωσιν (1)
ὑπερβάλλω,ανδρει,4.61570131033659,1,1,0,0,1,0,0,0,0,0,0,0,0,0,ἀνδρεῖος-ὑπερβαλλόντων (1)
γένος,ανδρει,4.60676021501422,2,1,1,0,0,1,0,0,0,1,0,0,0,0,"ἀνδρείαν-γένος (1), ἀνδρειότατον-γένος (1)"
κατανοέω,ανδρει,4.59545173123479,1,0,1,0,0,0,0,0,0,0,0,1,0,0,ἀνδρεῖον-κατανοεῖς (1)
ἁρμόζω,ανδρει,4.57542146742344,1,1,0,0,1,0,0,0,0,0,0,0,0,0,ἀνδρεία-ἡρμοσμένου (1)
πονέω,ανδρει,4.55560598894954,1,1,0,1,0,0,0,0,0,0,0,0,0,0,ἀνδρείας-πονεῖν (1)
οὔκουν,ανδρει,4.51660199835896,1,0,1,0,0,0,0,0,0,0,1,0,0,0,ἀνδρείας-οὔκουν (1)
ἄφρων,ανδρει,4.51660199835896,1,1,0,0,0,0,1,0,0,0,0,0,0,0,ἀνδρείαν-ἄφρονα (1)
ψέγω,ανδρει,4.51660199835896,1,1,0,0,0,0,0,1,0,0,0,0,0,0,ἀνδρείας-ψέγω (1)
ἀποβλέπω,ανδρει,4.51660199835896,1,1,0,0,1,0,0,0,0,0,0,0,0,0,ἀνδρείαν-ἀποβλέψας (1)
δι,ανδρει,4.48838397487998,2,2,0,1,0,0,0,1,0,0,0,0,0,0,"ἀνδρείαν-δι (1), ἀνδρείου-δι (1)"
ποθεν,ανδρει,4.47840625420213,1,1,0,0,1,0,0,0,0,0,0,0,0,0,ἀνδρείαν-ποθεν (1)
πλοῦτος,ανδρει,4.47840625420213,1,0,1,0,0,0,0,0,0,0,1,0,0,0,ἀνδρίας-πλούτου (1)
ἐραστός,ανδρει,4.45960154384375,1,1,0,0,0,0,0,1,0,0,0,0,0,0,ἀνδρείους-ἐραστάς (1)
ποιέω,ανδρει,4.44792846590281,4,1,3,0,0,1,0,0,0,0,3,0,0,0,"ἀνδρείως-ἐποίησαν (1), ἀνδρείως-ποιεῖν (1), ἀνδρειοτέροις-ποιήσειν (1), ἀνδρειότερον-ποιήσειεν (1)"
ἀποστερέω,ανδρει,4.44098721444607,1,0,1,0,0,0,0,0,0,0,0,1,0,0,ἀνδρείους-ἀποστερεῖν (1)
οὔπω,ανδρει,4.42255960032344,1,0,1,0,0,0,0,0,0,0,1,0,0,0,ἀνδρείαν-οὔπω (1)
ἄνθρωπος,ἀνδρεῖα,4.41220124065876,1,0,1,0,0,0,0,0,0,0,0,1,0,0,ἀνδρείων-ἀνθρώπων (1)
κατά,ἀνδρεῖα,4.36371186003089,1,0,1,0,0,0,0,0,0,0,1,0,0,0,ἀνδρείων-κατά (1)
ἰσόω,ανδρει,4.35517358034849,2,0,2,0,0,0,0,0,0,0,0,0,2,0,"ἀνδρεῖον-ἴσως (1), ἀνδρείως-ἴσως (1)"
ἐνθυμέομαι,ανδρει,4.28145388513803,1,1,0,1,0,0,0,0,0,0,0,0,0,0,ἀνδρείαν-ἐνθυμούμενον (1)
δίδωμι,ανδρει,4.26491908356547,2,1,1,0,0,0,1,0,0,0,0,0,0,1,"ἀνδρείως-δοῦναι (1), ἀνδρείᾳ-δεδομένη (1)"
οὔθ,ανδρει,4.26455799117684,1,0,1,0,0,0,0,0,0,0,1,0,0,0,ἀνδρίαν-οὔθ (1)
πρόθυμος,ανδρει,4.24781737104058,1,1,0,0,0,0,1,0,0,0,0,0,0,0,ἀνδρειότατα-προθυμότατα (1)
εἴρω,ανδρει,4.21479117497802,1,0,1,0,0,0,0,0,0,0,0,1,0,0,ἀνδρείας-εἴρηται (1)
τέμνω,ανδρει,4.21479117497802,1,0,1,0,0,0,0,0,0,0,1,0,0,0,ἀνδρείως-τέμνειν (1)
ἀγάω,ανδρει,4.19850040599704,1,1,0,0,0,0,1,0,0,0,0,0,0,0,ἀνδρείας-ἄγασαι (1)
τεκμήριον,ανδρει,4.19850040599704,1,0,1,0,0,0,0,0,0,0,0,0,0,1,ἀνδρείαν-τεκμηρίῳ (1)
κοινωνέω,ανδρει,4.18235451355577,1,1,0,0,0,0,1,0,0,0,0,0,0,0,ἀνδρείου-κοινωνεῖν (1)
λείπω,ανδρει,4.18235451355577,1,1,0,0,0,0,0,1,0,0,0,0,0,0,ἀνδρείαν-λείπεται (1)
ἐντυγχάνω,ανδρει,4.16635105758905,1,0,1,0,0,0,0,0,0,1,0,0,0,0,ἀνδρείαν-ἐντετυχηκότα (1)
κακία,ανδρει,4.13476201891899,1,0,1,0,0,0,0,0,0,0,0,0,1,0,ἀνδρείαν-κακίας (1)
ετ,ανδρει,4.10371497645974,1,1,0,1,0,0,0,0,0,0,0,0,0,0,ἀνδρειότατε-ετ (1)
ἀπορέω,ανδρει,4.08838923648,1,1,0,0,1,0,0,0,0,0,0,0,0,0,ἀνδρείαν-ἠπόρησε (1)
ἀγαθός,ἀνδρεῖα,4.08614751324058,1,0,1,0,0,0,0,0,0,0,0,1,0,0,ἀνδρείων-ἀγαθῶν (1)
τάχος,ανδρει,4.07319254055619,1,0,1,0,0,0,0,0,0,0,0,0,1,0,ἀνδρείᾳ-τάχει (1)
ἔπαινος,ανδρει,4.0581228248775,1,0,1,0,0,0,0,0,0,1,0,0,0,0,ἀνδρείαν-ἐπαίνων (1)
μάλιστ,ανδρει,4.0581228248775,1,0,1,0,0,0,0,0,0,0,0,1,0,0,ἀνδρεία-μάλιστ (1)
παρακαλέω,ανδρει,4.0431781001389,1,1,0,0,1,0,0,0,0,0,0,0,0,0,ἀνδρείας-παρεκάλεσεν (1)
κρείσσων,ανδρει,4.02835641056299,1,1,0,1,0,0,0,0,0,0,0,0,0,0,ἀνδρεῖον-κρείττοσι (1)
κτῆμα,ανδρει,4.02835641056299,1,0,1,0,0,0,0,0,0,1,0,0,0,0,ἀνδρείαν-κτῆμα (1)
εὐδοκιμέω,ανδρει,3.99907456710935,1,1,0,0,1,0,0,0,0,0,0,0,0,0,ἀνδρίας-εὐδοκιμησάντων (1)
ἡττάω,ανδρει,3.99907456710935,1,1,0,1,0,0,0,0,0,0,0,0,0,0,ἀνδρείου-ἥττων (1)
γένεσις,ανδρει,3.98461071029305,1,0,1,0,0,0,0,0,0,0,0,0,1,0,ἀνδρεία-γενέσεσιν (1)
ἐθίζω,ανδρει,3.97026252374053,1,1,0,0,0,1,0,0,0,0,0,0,0,0,ἀνδρείαν-εἰθισμένοις (1)
ἱππικός,ανδρει,3.94190622866154,1,0,1,0,0,0,0,0,0,0,0,0,1,0,ἀνδρείῳ-ἱππικῷ (1)
θαρσέω,ανδρει,3.91399221867323,1,1,0,1,0,0,0,0,0,0,0,0,0,0,ἀνδρείως-θαρρῶν (1)
συμφορά,ανδρει,3.90019702911377,1,0,1,0,0,0,0,0,0,0,1,0,0,0,ἀνδρείως-συμφοράς (1)
καιρός,ανδρει,3.90019702911377,1,1,0,0,1,0,0,0,0,0,0,0,0,0,ἀνδρείας-καιρός (1)
αὐξάνω,ανδρει,3.88650762662292,1,0,1,0,0,0,0,0,0,1,0,0,0,0,ἀνδρείαν-αὔξεσθαι (1)
βίος,ανδρει,3.88650762662292,1,1,0,1,0,0,0,0,0,0,0,0,0,0,ἀνδρείως-βίῳ (1)
σημαίνω,ανδρει,3.87292249873281,1,0,1,0,0,0,0,0,0,0,1,0,0,0,ἀνδρεία-σημαίνει (1)
νεάω,ανδρει,3.87292249873281,1,0,1,0,0,0,0,0,0,0,0,0,1,0,ἀνδρείας-νέων (1)
συγγενής,ανδρει,3.87292249873281,1,1,0,0,0,1,0,0,0,0,0,0,0,0,ἀνδρείας-συγγενής (1)
ζῳόω,ανδρει,3.87292249873281,1,1,0,1,0,0,0,0,0,0,0,0,0,0,ἀνδρείας-ζῴου (1)
ταῦτά,ανδρει,3.85944014042616,1,0,1,0,0,0,0,0,0,0,0,1,0,0,ἀνδρεῖοι-ταῦτά (1)
ἐρῶ,ανδρει,3.84365669637918,2,1,1,0,0,0,0,1,0,0,0,0,1,0,"ἀνδρείαν-ἐρῶ (1), ἀνδρείαν-εἰρημένοις (1)"
ἀπορία,ανδρει,3.83277796953917,1,0,1,0,0,0,0,0,0,0,0,0,0,1,ἀνδρείαν-ἀπορίας (1)
ῥητορικός,ανδρει,3.83277796953917,1,0,1,0,0,0,0,0,0,0,0,1,0,0,ἀνδρείου-ῥητορικοῦ (1)
καλός,ἀνδρεῖα,3.81395672261715,1,0,1,0,0,0,0,0,0,1,0,0,0,0,ἀνδρείων-καλά (1)
φιλόσοφος,ανδρει,3.79352008551359,1,0,1,0,0,0,0,0,0,0,0,0,1,0,ἀνδρείου-φιλοσόφου (1)
διάκειμαι,ανδρει,3.78062483668327,1,0,1,0,0,0,0,0,0,0,0,1,0,0,ἀνδρεία-διακειμένοις (1)
σωτηρία,ανδρει,3.72996328026056,1,0,1,0,0,0,0,0,0,0,0,1,0,0,ἀνδρείαν-σωτηρίαν (1)
ἔργον,ανδρει,3.70592078194022,2,0,2,0,0,0,0,0,0,0,0,0,1,1,"ἀνδρίαν-ἔργοις (1), ἀνδρείας-ἔργον (1)"
μέλω,ανδρει,3.70516714453697,1,1,0,0,1,0,0,0,0,0,0,0,0,0,ἀνδρείαν-μέλειν (1)
πρότερος,ανδρει,3.68838500976562,3,1,2,0,0,0,1,0,0,2,0,0,0,0,"ἀνδρείαν-πρῶτον (2), ἀνδρείας-πρῶτον (1)"
πρόσειμι,ανδρει,3.68071503937244,1,1,0,1,0,0,0,0,0,0,0,0,0,0,ἀνδρεία-προσιέναι (1)
ἤπειρος,ανδρει,3.65659810975194,1,0,1,0,0,0,0,0,0,1,0,0,0,0,ἀνδρείαν-ἄπειρος (1)
τοτέ,ανδρει,3.65659810975194,1,1,0,0,1,0,0,0,0,0,0,0,0,0,ἀνδρεία-τοτέ (1)
κτέομαι,ανδρει,3.64466267079115,1,1,0,0,0,0,1,0,0,0,0,0,0,0,ἀνδρεῖον-ἐκτήσεται (1)
εἶναί,ανδρει,3.64466267079115,1,1,0,0,1,0,0,0,0,0,0,0,0,0,ἀνδρεῖον-εἶναί (1)
παράπαν,ανδρει,3.632807854563,1,0,1,0,0,0,0,0,0,0,0,1,0,0,ἀνδρεῖον-παράπαν (1)
ἑαυτοῦ,ἀνδρεῖα,3.61263671889901,1,0,1,0,0,0,0,0,0,0,0,0,0,1,ἀνδρείων-αὑτοῦ (1)
δῆτα,ανδρει,3.60933607444167,1,1,0,0,0,0,1,0,0,0,0,0,0,0,ἀνδρεῖον-δῆτα (1)
πυνθάνομαι,ανδρει,3.59771713241935,1,1,0,1,0,0,0,0,0,0,0,0,0,0,ἀνδρείαν-πυνθανόμην (1)
δέω,ανδρει,3.59681998565793,2,2,0,0,0,2,0,0,0,0,0,0,0,0,"ἀνδρείᾳ-δεομένη (1), ἀνδρείαν-δέηται (1)"
σχῆμα,ανδρει,3.57470836490393,1,0,1,0,0,0,0,0,0,1,0,0,0,0,ἀνδρείου-σχῆμα (1)
νομοθέτης,ανδρει,3.57470836490393,1,0,1,0,0,0,0,0,0,0,0,1,0,0,ἀνδρείαν-νομοθέτῃ (1)
ἀποκτείνω,ανδρει,3.56331667304039,1,1,0,1,0,0,0,0,0,0,0,0,0,0,ἀνδρίαν-ἀποκτείνοντας (1)
ἅτε,ανδρει,3.56331667304039,1,1,0,0,0,0,0,1,0,0,0,0,0,0,ἀνδρειότατοι-ἅτε (1)
ἐσθίω,ανδρει,3.49648804217577,1,1,0,0,1,0,0,0,0,0,0,0,0,0,ἀνδρεία-ἔδει (1)
μεν,ανδρει,3.49648804217577,1,1,0,0,0,0,1,0,0,0,0,0,0,0,ἀνδρεία-μεν (1)
κρ,ανδρει,3.46401387453079,1,0,1,0,0,0,0,0,0,0,0,1,0,0,ἀνδρείως-κρ (1)
πόλεμος,ανδρει,3.45332306995988,1,1,0,0,1,0,0,0,0,0,0,0,0,0,ἀνδρειότερον-πολέμῳ (1)
ἀδικία,ανδρει,3.44269794225693,1,0,1,0,0,0,0,0,0,0,0,0,1,0,ἀνδρείαν-ἀδικία (1)
ἀλλήλων,ανδρει,3.3571672514081,2,1,1,0,1,0,0,0,0,0,1,0,0,0,"ἀνδρεία-ἀλλήλοις (1), ἀνδρείαν-ἀλλήλων (1)"
πλείων,ανδρει,3.35043791681528,2,1,1,0,0,1,0,0,0,0,0,1,0,0,"ἀνδρεῖον-πλέον (1), ἀνδρείαν-πλέον (1)"
ὀνομάζω,ανδρει,3.3499085046351,1,1,0,0,0,0,0,1,0,0,0,0,0,0,ἀνδρεία-ὀνομαζομένη (1)
μάλιστα,ανδρει,3.32702122628689,2,0,2,0,0,0,0,0,0,0,0,1,1,0,ἀνδρεία-μάλιστα (2)
χωρίς,ανδρει,3.32006023079157,1,1,0,0,1,0,0,0,0,0,0,0,0,0,ἀνδρείας-χωρίς (1)
ἀλλά,ἀνδρεῖα,3.31795032694936,1,0,1,0,0,0,0,0,0,0,0,0,1,0,ἀνδρείων-ἀλλά (1)
ἐλαύνω,ανδρει,3.28105630353093,1,0,1,0,0,0,0,0,0,0,0,0,1,0,ἀνδρεῖος-ἐλάττω (1)
βλέπω,ανδρει,3.28105630353093,1,1,0,1,0,0,0,0,0,0,0,0,0,0,ἀνδρείαν-βλέπων (1)
συγχωρέω,ανδρει,3.27144312486053,1,0,1,0,0,0,0,0,0,0,1,0,0,0,ἀνδρείαν-συγχωρεῖν (1)
διαιρέω,ανδρει,3.27144312486053,1,0,1,0,0,0,0,0,0,1,0,0,0,0,ἀνδρειότατα-διῄρησαι (1)
ὁπότε,ανδρει,3.27144312486053,1,0,1,0,0,0,0,0,0,0,1,0,0,0,ἀνδρεία-ὁπότε (1)
αἰσχύνω,ανδρει,3.23352460190654,1,1,0,0,0,0,0,1,0,0,0,0,0,0,ἀνδρεῖος-αἰσχυνθῇς (1)
κήλη,ανδρει,3.23352460190654,1,1,0,0,1,0,0,0,0,0,0,0,0,0,ἀνδρείαν-καλῶν (1)
οἷός,ανδρει,3.22417580336332,1,0,1,0,0,0,0,0,0,0,0,0,0,1,ἀνδρείαν-οἷός (1)
ἐλάσσων,ανδρει,3.20563152432442,1,0,1,0,0,0,0,0,0,0,0,0,1,0,ἀνδρείας-ἐλάττονα (1)
θάλασσα,ανδρει,3.20563152432442,1,1,0,0,0,0,1,0,0,0,0,0,0,0,ἀνδρείους-θάλατταν (1)
φυλάσσω,ανδρει,3.18728826567531,1,0,1,0,0,0,0,0,0,1,0,0,0,0,ἀνδρεῖος-φυλαττόμενος (1)
πόνος,ανδρει,3.16914205253124,1,0,1,0,0,0,0,0,0,0,0,0,0,1,ἀνδρείας-πόνων (1)
φιλοσοφία,ανδρει,3.1422837972641,1,1,0,0,0,1,0,0,0,0,0,0,0,0,ἀνδρείαν-φιλοσοφίας (1)
πολεμόω,ανδρει,3.12461358308792,1,1,0,0,1,0,0,0,0,0,0,0,0,0,ἀνδρεῖοι-πολέμου (1)
ὅστε,ανδρει,3.12461358308792,1,1,0,1,0,0,0,0,0,0,0,0,0,0,ἀνδρεία-ἥ (1)
γνώμη,ανδρει,3.12461358308792,1,0,1,0,0,0,0,0,0,0,1,0,0,0,ἀνδρείας-γνώμῃ (1)
ζεύς,ανδρει,3.11584771052003,1,0,1,0,0,0,0,0,0,0,0,1,0,0,ἀνδρεῖον-διός (1)
ἰδέω,ανδρει,3.10712740942836,1,1,0,0,1,0,0,0,0,0,0,0,0,0,ἀνδρείου-ἰδεῖν (1)
ἰδιώτης,ανδρει,3.08982179313898,1,0,1,0,0,0,0,0,0,1,0,0,0,0,ἀνδρεῖος-ἰδιώτης (1)
ὕστερος,ανδρει,3.08123564347625,1,0,1,0,0,0,0,0,0,0,0,0,1,0,ἀνδρειότατος-ὕστερον (1)
ἄξιος,ανδρει,3.07269335538149,1,1,0,0,0,0,1,0,0,0,0,0,0,0,ἀνδρεῖοι-ἄξιοι (1)
πιστεύω,ανδρει,3.0641945451498,1,1,0,0,0,1,0,0,0,0,0,0,0,0,ἀνδρείαν-πιστεύεις (1)
ἀθηναῖος,ανδρει,3.01409240439534,1,0,1,0,0,0,0,0,0,0,0,0,0,1,ἀνδρεῖοι-ἀθηναίων (1)
τοι,ανδρει,3.00588691607118,1,1,0,0,0,0,0,1,0,0,0,0,0,0,ἀνδρεία-τοι (1)
παιδεία,ανδρει,2.9977218285203,1,1,0,0,1,0,0,0,0,0,0,0,0,0,ἀνδρείαν-παιδείᾳ (1)
ἀπεργάζομαι,ανδρει,2.97346539795399,1,1,0,0,0,1,0,0,0,0,0,0,0,0,ἀνδρείους-ἀπεργαζομένη (1)
τρίτος,ανδρει,2.933813277632,1,0,1,0,0,0,0,0,0,0,1,0,0,0,ἀνδρείας-τρίτον (1)
τυγχάνω,ανδρει,2.92156040668488,2,1,1,0,0,0,1,0,0,0,1,0,0,0,"ἀνδρειότατος-τυγχάνει (1), ἀνδρείως-τυγχάνειν (1)"
σύμμαχος,ανδρει,2.90276540443301,1,1,0,1,0,0,0,0,0,0,0,0,0,0,ἀνδρεία-ξυμμάχων (1)
πρός,ἀνδρεῖα,2.90265627205372,1,1,0,0,1,0,0,0,0,0,0,0,0,0,ἀνδρείων-πρός (1)
ἐννοέω,ανδρει,2.8798592723906,1,1,0,1,0,0,0,0,0,0,0,0,0,0,ἀνδρείαν-ἐννοῆσαι (1)
βλάπτω,ανδρει,2.8798592723906,1,1,0,1,0,0,0,0,0,0,0,0,0,0,ἀνδρεία-βλάπτει (1)
πολέμων,ανδρει,2.86476483568549,1,0,1,0,0,0,0,0,0,0,0,0,1,0,ἀνδρεῖοι-πόλεμον (1)
ἀπαλλάσσω,ανδρει,2.8572696223855,1,0,1,0,0,0,0,0,0,0,1,0,0,0,ἀνδρείως-ἀπαλλάττοις (1)
ἔξεστι,ανδρει,2.8572696223855,1,0,1,0,0,0,0,0,0,0,1,0,0,0,ἀνδρεῖον-ἔξεστιν (1)
νή,ανδρει,2.8572696223855,1,0,1,0,0,0,0,0,0,1,0,0,0,0,ἀνδρείαν-νή (1)
δείκνυμι,ανδρει,2.84980871155858,1,0,1,0,0,0,0,0,0,0,0,0,0,1,ἀνδρείας-δέξαιο (1)
ἔμπροσθεν,ανδρει,2.84238180890679,1,0,1,0,0,0,0,0,0,0,0,0,0,1,ἀνδρεία-ἔμπροσθεν (1)
εὐδαίμων,ανδρει,2.820302400738,1,0,1,0,0,0,0,0,0,0,0,1,0,0,ἀνδρείας-εὐδαίμονα (1)
δῖος,ανδρει,2.820302400738,1,0,1,0,0,0,0,0,0,0,0,0,0,1,ἀνδρεία-δία (1)
”,ανδρει,2.80574782192707,1,0,1,0,0,0,0,0,0,0,1,0,0,0,ἀνδρείαν-” (1)
κρίνω,ανδρει,2.79851925745606,1,0,1,0,0,0,0,0,0,1,0,0,0,0,ἀνδρεία-κρίνοιτο (1)
λυπέω,ανδρει,2.78415824100375,1,1,0,0,1,0,0,0,0,0,0,0,0,0,ἀνδρεῖοι-λυποῦνται (1)
ἴδιος,ανδρει,2.78415824100375,1,1,0,0,0,1,0,0,0,0,0,0,0,0,ἀνδρεῖον-ἰδίᾳ (1)
τάσσω,ανδρει,2.76285326853395,1,0,1,0,0,0,0,0,0,1,0,0,0,0,ἀνδρεῖοι-ταξαμένους (1)
κεῖμαι,ανδρει,2.75581369176507,1,1,0,1,0,0,0,0,0,0,0,0,0,0,ἀνδρεῖον-κέηται (1)
ταχύς,ανδρει,2.72795940935612,1,0,1,0,0,0,0,0,0,0,0,0,0,1,ἀνδρεῖον-ταχύ (1)
πολιτικός,ανδρει,2.70738139003515,1,1,0,0,0,0,1,0,0,0,0,0,0,0,ἀνδρειότερον-πολιτικώτερον (1)
ἀξίων,ανδρει,2.70058040320873,1,0,1,0,0,0,0,0,0,1,0,0,0,0,ἀνδρείαν-ἄξιον (1)
ἑκών,ανδρει,2.69380821660161,1,0,1,0,0,0,0,0,0,0,0,0,0,1,ἀνδρεῖον-ἑκών (1)
δοκόω,ανδρει,2.68034940212965,1,0,1,0,0,0,0,0,0,0,1,0,0,0,ἀνδρείαν-δοκοῦμεν (1)
φύσις,ανδρει,2.62762408331037,1,0,1,0,0,0,0,0,0,0,0,1,0,0,ἀνδρεία-φύσεως (1)
ὠφελέω,ανδρει,2.60190486162901,1,1,0,0,0,0,1,0,0,0,0,0,0,0,ἀνδρεία-ὠφελεῖ (1)
ὅτε,ανδρει,2.59553999826312,1,0,1,0,0,0,0,0,0,0,0,0,0,1,ἀνδρεία-ὅτε (1)
καθά,ανδρει,2.58288688212633,1,1,0,0,1,0,0,0,0,0,0,0,0,0,ἀνδρείας-καθάπερ (1)
παρασκευάζω,ανδρει,2.5703347325325,1,0,1,0,0,0,0,0,0,0,0,0,1,0,ἀνδρειότατος-παρασκευάζων (1)
μηδείς,ανδρει,2.56925005465746,2,1,1,0,0,1,0,0,0,0,0,0,1,0,"ἀνδρείαν-μηδενός (1), ἀνδρείαν-μηδέν (1)"
δηλόω,ανδρει,2.56409607827663,1,1,0,0,1,0,0,0,0,0,0,0,0,0,ἀνδρεῖον-δηλοῖ (1)
ἀδύνατος,ανδρει,2.55788213387132,1,0,1,0,0,0,0,0,0,1,0,0,0,0,ἀνδρείου-ἀδύνατος (1)
φανάω,ανδρει,2.55788213387132,1,1,0,0,0,0,0,1,0,0,0,0,0,0,ἀνδρείας-ἐφάνης (1)
φεύγω,ανδρει,2.55169272050261,1,1,0,0,1,0,0,0,0,0,0,0,0,0,ἀνδρεῖος-φεύγοι (1)
νικάω,ανδρει,2.51506210118532,1,0,1,0,0,0,0,0,0,0,0,0,0,1,ἀνδρείους-νικᾶν (1)
δύναμαι,ανδρει,2.51383387669921,2,2,0,0,0,2,0,0,0,0,0,0,0,0,"ἀνδρείου-δυναμένους (1), ἀνδρείας-δύναιτο (1)"
πολέμιος,ανδρει,2.491111446172,1,0,1,0,0,0,0,0,0,0,0,0,0,1,ἀνδρείαν-πολεμίαν (1)
ἐφ,ανδρει,2.45586503297091,1,0,1,0,0,0,0,0,0,0,1,0,0,0,ἀνδρείους-ἐφ (1)
παιδεύω,ανδρει,2.45006798952818,1,0,1,0,0,0,0,0,0,0,1,0,0,0,ἀνδρίαν-ἐπαιδεύθησαν (1)
χαίρω,ανδρει,2.43853889405727,1,1,0,1,0,0,0,0,0,0,0,0,0,0,ἀνδρεῖοι-χαίρειν (1)
ἐμαυτοῦ,ανδρει,2.43280656635761,1,1,0,0,0,1,0,0,0,0,0,0,0,0,ἀνδρείας-ἐμαυτόν (1)
οὐδέ,ανδρει,2.34659744799137,2,2,0,0,0,2,0,0,0,0,0,0,0,0,"ἀνδρεῖος-οὐδέ (1), ἀνδρείαν-οὐδέ (1)"
ἐπιδείκνυμι,ανδρει,2.32245483994484,1,0,1,0,0,0,0,0,0,0,0,1,0,0,ἀνδρίαν-ἐπεδείξατο (1)
ὁμοῖος,ανδρει,2.29085689410567,1,0,1,0,0,0,0,0,0,0,0,0,1,0,ἀνδρείας-ὅμοιον (1)
ὅσπερ,ανδρει,2.28565453365445,1,0,1,0,0,0,0,0,0,0,1,0,0,0,ἀνδρείαν-ὅπερ (1)
κινδυνεύω,ανδρει,2.2804701551795,1,0,1,0,0,0,0,0,0,1,0,0,0,0,ἀνδρεῖον-κινδυνεύοντα (1)
κελεύω,ανδρει,2.19988101348281,1,1,0,1,0,0,0,0,0,0,0,0,0,0,ἀνδρείως-ἐκέλευσε (1)
ὁμοιόω,ανδρει,2.04644462838769,1,0,1,0,0,0,0,0,0,0,0,0,0,1,ἀνδρεῖοι-ὁμοίως (1)
ὀρθός,ανδρει,2.0202183239162,1,1,0,0,1,0,0,0,0,0,0,0,0,0,ἀνδρεία-ὀρθότατα (1)
ἐπ,ανδρει,2.01158242300153,1,0,1,0,0,0,0,0,0,0,0,0,1,0,ἀνδρείαν-ἐπ (1)
πειράζω,ανδρει,1.98598581179976,1,1,0,0,0,0,1,0,0,0,0,0,0,0,ἀνδρείαν-πειρῶ (1)
εἶδος,ανδρει,1.97335927933455,1,1,0,0,0,0,1,0,0,0,0,0,0,0,ἀνδρείας-εἴδη (1)
ἱκανός,ανδρει,1.9239589869976,1,1,0,0,1,0,0,0,0,0,0,0,0,0,ἀνδρείαν-ἱκανόν (1)
σωκρατέω,ανδρει,1.8684588521719,1,1,0,1,0,0,0,0,0,0,0,0,0,0,ἀνδρείαν-σωκράτη (1)
νε,ανδρει,1.81885677203536,1,0,1,0,0,0,0,0,0,1,0,0,0,0,ἀνδρείας-νε (1)
ἐκεῖνος,ανδρει,1.80034807324409,2,1,1,1,0,0,0,0,0,0,0,0,0,1,"ἀνδρείας-κἀκεῖνο (1), ἀνδρείαν-ἐκεῖνοι (1)"
τε,ἀνδρεῖα,1.7670158110559,1,1,0,0,0,0,1,0,0,0,0,0,0,0,ἀνδρείων-τε (1)
ταύτῃ,ανδρει,1.76379266008735,1,0,1,0,0,0,0,0,0,0,1,0,0,0,ἀνδρεῖοι-ταύτῃ (1)
ἐάν,ανδρει,1.73938179016113,2,1,1,0,0,0,1,0,0,0,1,0,0,0,ἀνδρεῖος-ἐάν (2)
ἐπιχειρέω,ανδρει,1.65674687549472,1,1,0,0,1,0,0,0,0,0,0,0,0,0,ἀνδρεία-ἐπιχειρήσωμεν (1)
μηδέ,ανδρει,1.65013245120645,1,1,0,0,0,0,0,1,0,0,0,0,0,0,ἀνδρεῖος-μηδέ (1)
εἶπος,ανδρει,1.646837875247,1,1,0,1,0,0,0,0,0,0,0,0,0,0,ἀνδρείαν-εἶπον (1)
καθ,ανδρει,1.6402738429606,1,0,1,0,0,0,0,0,0,0,0,1,0,0,ἀνδρείαν-καθ (1)
δύο,ανδρει,1.51563686132431,1,0,1,0,0,0,0,0,0,0,0,1,0,0,ἀνδρείαν-δύο (1)
νόος,ανδρει,1.50382862985134,1,0,1,0,0,0,0,0,0,0,0,0,0,1,ἀνδρείαν-νοῦν (1)
ἄν,ἀνδρεῖα,1.49231396615505,1,0,1,0,0,0,0,0,0,0,0,0,0,1,ἀνδρείων-κα (1)
οἰάω,ανδρει,1.48054659739137,1,1,0,0,0,0,1,0,0,0,0,0,0,0,ἀνδρείαν-οἴει (1)
θεός,ανδρει,1.4452615454793,2,0,2,0,0,0,0,0,0,0,1,0,1,0,"ἀνδρεῖον-θεόν (1), ἀνδρείας-θεοῦ (1)"
πρω,ανδρει,1.43250108137727,1,0,1,0,0,0,0,0,0,0,1,0,0,0,ἀνδρείους-πρω (1)
ἀδικέω,ανδρει,1.42421743646264,1,1,0,0,1,0,0,0,0,0,0,0,0,0,ἀνδρειότεροι-ἀδικεῖν (1)
πολέω,ανδρει,1.37041862308979,1,1,0,1,0,0,0,0,0,0,0,0,0,0,ἀνδρείας-πόλει (1)
ἄρχων,ανδρει,1.34698853269219,1,1,0,0,0,1,0,0,0,0,0,0,0,0,ἀνδρείᾳ-ἄρχοντι (1)
χρῆμα,ανδρει,1.32149768993258,1,1,0,0,1,0,0,0,0,0,0,0,0,0,ἀνδρείαν-χρήματα (1)
πλεῖστος,ανδρει,1.2697454020381,1,1,0,0,1,0,0,0,0,0,0,0,0,0,ἀνδρείᾳ-πλείστης (1)
τρόπος,ανδρει,1.2553840726614,1,0,1,0,0,0,0,0,0,0,1,0,0,0,ἀνδρεία-τρόπῳ (1)
αὐτός,ἀνδρεῖα,1.25341411307454,1,0,1,0,0,0,0,0,0,0,0,0,0,1,ἀνδρείων-αὐτοί (1)
χόω,ανδρει,1.24355571717024,1,1,0,1,0,0,0,0,0,0,0,0,0,0,ἀνδρειοτάτου-ἔχων (1)
παρ,ανδρει,0.96753191202879,1,0,1,0,0,0,0,0,0,1,0,0,0,0,ἀνδρεῖον-παρ (1)
ἐθέλω,ανδρει,0.960351686924696,1,0,1,0,0,0,0,0,0,0,0,0,1,0,ἀνδρεῖος-ἐθελήσει (1)
μήτε,ανδρει,0.860409200191498,1,1,0,1,0,0,0,0,0,0,0,0,0,0,ἀνδρεῖος-μήτε (1)
ἡμῶν,ανδρει,0.828898295760155,1,1,0,0,0,1,0,0,0,0,0,0,0,0,ἀνδρεία-ἡμῶν (1)
τότε,ανδρει,0.821195505559444,1,0,1,0,0,0,0,0,0,0,0,0,0,1,ἀνδρεῖοι-τότε (1)
νομίζω,ανδρει,0.804488807916641,1,1,0,0,0,0,1,0,0,0,0,0,0,0,ἀνδρείαν-νομίζεις (1)
ἦδος,ανδρει,0.798494022339582,1,0,1,0,0,0,0,0,0,0,0,0,0,1,ἀνδρείαν-ἤδη (1)
κενόω,ανδρει,0.756271578371525,1,0,1,0,0,0,0,0,0,0,0,0,1,0,ἀνδρεία-ἐκείνων (1)
ὅδε,ανδρει,0.72154775261879,1,1,0,1,0,0,0,0,0,0,0,0,0,0,ἀνδρεία-τόδε (1)
χράω,ανδρει,0.564053747802973,1,1,0,0,1,0,0,0,0,0,0,0,0,0,ἀνδρείας-χρώμενοι (1)
ὁράω,ανδρει,0.435902919620275,1,1,0,0,0,1,0,0,0,0,0,0,0,0,ἀνδρεῖος-ὁρᾶν (1)
ὅταν,ανδρει,0.406606461852789,1,0,1,0,0,0,0,0,0,0,0,1,0,0,ἀνδρεῖοι-ὅταν (1)
πράσσω,ανδρει,0.340746689587831,1,1,0,1,0,0,0,0,0,0,0,0,0,0,ἀνδρεία-ἔπραττεν (1)
ἔτι,ανδρει,0.253747049719095,1,0,1,0,0,0,0,0,0,0,0,0,1,0,ἀνδρείους-ἔτι (1)
βούλομαι,ανδρει,0.101056601852179,1,1,0,0,0,0,1,0,0,0,0,0,0,0,ἀνδρείαν-βουληθείς (1)
μέγας,ανδρει,0.0119449496269226,1,1,0,0,0,0,1,0,0,0,0,0,0,0,ἀνδρείας-μεῖζον (1)
είαν,ανδρει,0,1,1,0,1,0,0,0,0,0,0,0,0,0,0,ἀνδρείαν-είαν (1)
γυναι,ανδρει,0,1,0,1,0,0,0,0,0,0,0,0,0,0,1,ἀνδρεῖον-γυναι (1)
μό,ανδρει,0,1,0,1,0,0,0,0,0,0,0,0,0,1,0,ἀνδρείαν-μό (1)
γαθά,ανδρει,0,1,1,0,1,0,0,0,0,0,0,0,0,0,0,ἀνδρείους-γαθά (1)
ἐπιγιγνομ,ανδρει,0,1,0,1,0,0,0,0,0,0,0,0,0,0,1,ἀνδρειότατος-ἐπιγιγνομ (1)
μιμήσον,ἀνδρεῖα,0,1,0,1,0,0,0,0,0,0,0,0,0,1,0,ἀνδρείων-μιμήσον (1)
μεγαλοπρεπε,ανδρει,0,1,0,1,0,0,0,0,0,0,0,0,0,1,0,ἀνδρείας-μεγαλοπρεπε (1)
λέως,ανδρει,0,1,1,0,1,0,0,0,0,0,0,0,0,0,0,ἀνδρείαν-λέως (1)
δικαιοσύ,ανδρει,0,1,0,1,0,0,0,0,0,0,0,0,0,0,1,ἀνδρεία-δικαιοσύ (1)
ολαῖς,ανδρει,0,1,1,0,0,1,0,0,0,0,0,0,0,0,0,ἀνδρείας-ολαῖς (1)
ἀνδρ,ανδρει,0,1,0,1,0,0,0,0,0,0,0,0,0,0,1,ἀνδρείαν-ἀνδρ (1)
ἱεροσύ,ανδρει,0,1,0,1,0,0,0,0,0,0,0,0,0,0,1,ἀνδρείους-ἱεροσύ (1)
ονήσεως,ανδρει,0,1,1,0,0,1,0,0,0,0,0,0,0,0,0,ἀνδρειότερον-ονήσεως (1)
ἀνανδρότερο,ανδρει,0,1,0,1,0,0,0,0,0,0,0,0,0,0,1,ἀνδρειότατον-ἀνανδρότερο (1)
βαρβά,ανδρει,0,1,0,1,0,0,0,0,0,0,0,0,0,0,1,ἀνδρίαν-βαρβά (1)
λθοῦσαι,ανδρει,0,1,1,0,1,0,0,0,0,0,0,0,0,0,0,ἀνδρείας-λθοῦσαι (1)
ούτοις,ανδρει,0,1,1,0,1,0,0,0,0,0,0,0,0,0,0,ἀνδρείους-ούτοις (1)
ἀληθ,ανδρει,0,1,0,1,0,0,0,0,0,0,0,0,0,0,1,ἀνδρεία-ἀληθ (1)
κέω,ανδρει,0,1,1,0,1,0,0,0,0,0,0,0,0,0,0,ἀνδρείᾳ-κοῦντες (1)
π,ανδρει,0,1,0,1,0,0,0,0,0,0,0,0,0,0,1,ἀνδρείως-π (1)
ὁμολογ,ανδρει,0,1,0,1,0,0,0,0,0,0,0,0,0,0,1,ἀνδρειότατα-ὁμολογ (1)
διήκο,ανδρει,0,1,0,1,0,0,0,0,0,0,0,0,0,0,1,ἀνδρείως-διήκο (1)
ἔμπειρο,ἀνδρεῖα,0,1,0,1,0,0,0,0,0,0,0,0,0,0,1,ἀνδρείων-ἔμπειρο (1)
πισκέψασθαι,ανδρει,0,1,1,0,1,0,0,0,0,0,0,0,0,0,0,ἀνδρείους-πισκέψασθαι (1)
ατοί,ανδρει,0,1,1,0,1,0,0,0,0,0,0,0,0,0,0,ἀνδρειότατοι-ατοί (1)
καίως,ανδρει,0,1,1,0,1,0,0,0,0,0,0,0,0,0,0,ἀνδρεῖοι-καίως (1)
ἑξακισχιλίο,ανδρει,0,1,0,1,0,0,0,0,0,0,0,0,0,1,0,ἀνδρείαν-ἑξακισχιλίο (1)
ἐκε,ανδρει,0,1,0,1,0,0,0,0,0,0,0,0,0,0,1,ἀνδρεῖοι-ἐκε (1)
ιπεῖν,ανδρει,0,1,1,0,1,0,0,0,0,0,0,0,0,0,0,ἀνδρείαν-ιπεῖν (1)
ιο,ανδρει,0,1,1,0,1,0,0,0,0,0,0,0,0,0,0,ἀνδρείας-ιο (1)
εινία,ανδρει,0,1,1,0,1,0,0,0,0,0,0,0,0,0,0,ἀνδρείαν-εινία (1)
εξελθεῖν,ανδρει,0,1,1,0,1,0,0,0,0,0,0,0,0,0,0,ἀνδρείας-εξελθεῖν (1)
χρημ,ανδρει,0,1,0,1,0,0,0,0,0,0,0,0,0,0,1,ἀνδρεῖος-χρημ (1)
γει,ανδρει,0,1,1,0,1,0,0,0,0,0,0,0,0,0,0,ἀνδρείως-γει (1)
προσαγορεύε,ανδρει,0,1,0,1,0,0,0,0,0,0,0,0,0,1,0,ἀνδρεῖοι-προσαγορεύε (1)
ὅτα,ανδρει,0,1,0,1,0,0,0,0,0,0,0,0,0,0,1,ἀνδρεῖοι-ὅτα (1)
ερμάτιστα,ανδρει,0,1,1,0,1,0,0,0,0,0,0,0,0,0,0,ἀνδρειότεροι-ερμάτιστα (1)
εροῦντα,ανδρει,0,1,1,0,1,0,0,0,0,0,0,0,0,0,0,ἀνδρεῖον-εροῦντα (1)
ιζόνων,ανδρει,0,1,1,0,1,0,0,0,0,0,0,0,0,0,0,ἀνδρεῖοι-ιζόνων (1)
πότερο,ανδρει,0,1,0,1,0,0,0,0,0,0,0,0,0,0,1,ἀνδρεία-πότερο (1)
φη,ανδρει,0,1,1,0,1,0,0,0,0,0,0,0,0,0,0,ἀνδρεία-φη (1)
φαίνομα,ανδρει,0,1,0,1,0,0,0,0,0,0,0,0,0,0,1,ἀνδρείας-φαίνομα (1)
ρίτον,ανδρει,0,1,1,0,1,0,0,0,0,0,0,0,0,0,0,ἀνδρείαν-ρίτον (1)
στ,ανδρει,0,1,0,1,0,0,0,0,0,0,0,0,0,0,1,ἀνδρείαν-στ (1)
υστυχούντων,ἀνδρεῖα,0,1,1,0,0,0,1,0,0,0,0,0,0,0,0,ἀνδρείων-υστυχούντων (1)
υνδή,ανδρει,0,1,1,0,1,0,0,0,0,0,0,0,0,0,0,ἀνδρεία-υνδή (1)
έγοντι,ανδρει,0,1,1,0,0,1,0,0,0,0,0,0,0,0,0,ἀνδρείαν-έγοντι (1)
ί,ανδρει,0,1,1,0,1,0,0,0,0,0,0,0,0,0,0,ἀνδρείαν-ί (1)
ἐπιχειρε,ανδρει,0,1,0,1,0,0,0,0,0,0,0,0,0,1,0,ἀνδρείους-ἐπιχειρε (1)
ι,ανδρει,0,1,1,0,1,0,0,0,0,0,0,0,0,0,0,ἀνδρεῖον-ι (1)
ῶν,ανδρει,0,1,1,0,1,0,0,0,0,0,0,0,0,0,0,ἀνδρείους-ῶν (1)
στημονοφυ,ανδρει,0,1,0,1,0,0,0,0,0,0,0,0,0,1,0,ἀνδρείαν-στημονοφυ (1)
τυχίας,ανδρει,0,1,1,0,1,0,0,0,0,0,0,0,0,0,0,ἀνδρείᾳ-τυχίας (1)
είνων,ανδρει,0,1,1,0,1,0,0,0,0,0,0,0,0,0,0,ἀνδρεῖος-είνων (1)
τοιαύ,ανδρει,0,1,0,1,0,0,0,0,0,0,0,0,0,0,1,ἀνδρείας-τοιαύ (1)
ἐνθένδ,ανδρει,0,1,0,1,0,0,0,0,0,0,0,0,0,0,1,ἀνδρεία-ἐνθένδ (1)
ἀνδρεῖα,ἀνδρεῖα,0,0,0,0,0,0,0,0,0,9,0,0,0,0,0,ἀνδρείων-ἀνδρείων (0)
